epoch_ns,gpu,power_mw,temperature_c,sm_clock_mhz,mem_clock_mhz,gpu_util_percent,memory_util_percent
1784445422586307983,0,55252,30,2400,13801,0,0
1784445422586307983,1,86941,35,2865,13801,13,5
1784445422636366508,0,55252,30,2400,13801,0,0
1784445422636366508,1,104118,35,2865,13801,12,5
1784445422686353072,0,55252,30,2400,13801,0,0
1784445422686353072,1,104118,35,2865,13801,12,5
1784445422736360237,0,55145,30,2400,13801,0,0
1784445422736360237,1,104118,35,2865,13801,12,5
1784445422786352978,0,55145,30,2400,13801,0,0
1784445422786352978,1,104118,35,2865,13801,12,5
1784445422836362025,0,55145,30,2400,13801,0,0
1784445422836362025,1,104118,35,2865,13801,12,5
1784445422886351739,0,55145,30,2400,13801,0,0
1784445422886351739,1,104118,35,2865,13801,12,5
1784445422936362153,0,55145,30,2400,13801,0,0
1784445422936362153,1,104118,35,2865,13801,12,5
1784445422986371801,0,55145,30,2400,13801,0,0
1784445422986371801,1,104118,35,2865,13801,12,5
1784445423036362422,0,55145,30,2400,13801,0,0
1784445423036362422,1,104118,35,2865,13801,12,5
1784445423086353219,0,55145,30,2400,13801,0,0
1784445423086353219,1,104118,35,2865,13801,12,5
1784445423136361044,0,55145,30,2400,13801,0,0
1784445423136361044,1,91596,34,2400,13801,12,6
1784445423186352277,0,55145,30,2400,13801,0,0
1784445423186352277,1,91596,34,2400,13801,12,6
1784445423236360962,0,60940,30,2415,13801,0,0
1784445423236360962,1,91596,34,2400,13801,12,6
1784445423286352922,0,60940,30,2415,13801,0,0
1784445423286352922,1,91596,34,2400,13801,12,6
1784445423336361690,0,60940,30,2415,13801,0,0
1784445423336361690,1,91596,34,2400,13801,12,6
1784445423386351939,0,60940,30,2415,13801,0,0
1784445423386351939,1,91596,34,2400,13801,12,6
1784445423436360466,0,60940,30,2415,13801,0,0
1784445423436360466,1,91596,34,2400,13801,12,6
1784445423486352277,0,60940,30,2415,13801,0,0
1784445423486352277,1,91596,34,2400,13801,12,6
1784445423536364023,0,60940,30,2415,13801,0,0
1784445423536364023,1,91596,34,2400,13801,12,6
1784445423586353097,0,60940,30,2415,13801,0,0
1784445423586353097,1,91596,34,2400,13801,12,6
1784445423636359998,0,60940,30,2415,13801,0,0
1784445423636359998,1,79372,34,2535,13801,2,1
1784445423686355171,0,60940,30,2415,13801,0,0
1784445423686355171,1,79372,34,2535,13801,2,1
1784445423736359708,0,71019,30,2400,13801,0,0
1784445423736359708,1,79372,34,2535,13801,2,1
1784445423786352358,0,71019,30,2400,13801,0,0
1784445423786352358,1,79372,34,2535,13801,2,1
1784445423836359320,0,71019,30,2400,13801,0,0
1784445423836359320,1,79372,34,2535,13801,2,1
1784445423886352125,0,71019,30,2400,13801,0,0
1784445423886352125,1,79372,34,2535,13801,2,1
1784445423936361992,0,71019,30,2400,13801,0,0
1784445423936361992,1,79372,34,2535,13801,2,1
1784445423986370315,0,71019,30,2400,13801,0,0
1784445423986370315,1,79372,34,2535,13801,2,1
1784445424036359948,0,71019,30,2400,13801,0,0
1784445424036359948,1,79372,34,2535,13801,2,1
1784445424086353814,0,71019,30,2400,13801,0,0
1784445424086353814,1,79372,34,2535,13801,2,1
1784445424136360140,0,71019,30,2400,13801,0,0
1784445424136360140,1,74453,34,2400,13801,0,0
1784445424186352197,0,71019,30,2400,13801,0,0
1784445424186352197,1,74453,34,2400,13801,0,0
1784445424236360644,0,74946,31,2775,13801,15,6
1784445424236360644,1,74453,34,2400,13801,0,0
1784445424286353536,0,74946,31,2775,13801,15,6
1784445424286353536,1,74453,34,2400,13801,0,0
1784445424336360558,0,74946,31,2775,13801,15,6
1784445424336360558,1,74453,34,2400,13801,0,0
1784445424386352580,0,74946,31,2775,13801,15,6
1784445424386352580,1,74453,34,2400,13801,0,0
1784445424436360463,0,74946,31,2775,13801,15,6
1784445424436360463,1,74453,34,2400,13801,0,0
1784445424486352262,0,74946,31,2775,13801,15,6
1784445424486352262,1,74453,34,2400,13801,0,0
1784445424536360237,0,74946,31,2775,13801,15,6
1784445424536360237,1,74453,34,2400,13801,0,0
1784445424586352145,0,74946,31,2775,13801,15,6
1784445424586352145,1,74453,34,2400,13801,0,0
1784445424636360004,0,74946,31,2775,13801,15,6
1784445424636360004,1,85368,35,2865,13801,16,7
1784445424686349772,0,74946,31,2775,13801,15,6
1784445424686349772,1,85368,35,2865,13801,16,7
1784445424736360196,0,97368,32,2932,13801,16,7
1784445424736360196,1,85368,35,2865,13801,16,7
1784445424786350015,0,97368,32,2932,13801,16,7
1784445424786350015,1,85368,35,2865,13801,16,7
1784445424836360215,0,97368,32,2932,13801,16,7
1784445424836360215,1,85368,35,2865,13801,16,7
1784445424886356438,0,97368,32,2932,13801,16,7
1784445424886356438,1,85368,35,2865,13801,16,7
1784445424936361654,0,97368,32,2932,13801,16,7
1784445424936361654,1,85368,35,2865,13801,16,7
1784445424986357575,0,97368,32,2932,13801,16,7
1784445424986357575,1,85368,35,2865,13801,16,7
1784445425036359755,0,97368,32,2932,13801,16,7
1784445425036359755,1,85368,35,2865,13801,16,7
1784445425086352987,0,97368,32,2932,13801,16,7
1784445425086352987,1,85368,35,2865,13801,16,7
1784445425136360097,0,97368,32,2932,13801,16,7
1784445425136360097,1,107708,36,2865,13801,16,8
1784445425186349725,0,97368,32,2932,13801,16,7
1784445425186349725,1,107708,36,2865,13801,16,8
1784445425236360416,0,119312,33,2932,13801,16,7
1784445425236360416,1,107708,36,2865,13801,16,8
1784445425286350371,0,119312,33,2932,13801,16,7
1784445425286350371,1,107708,36,2865,13801,16,8
1784445425336360012,0,119312,33,2932,13801,16,7
1784445425336360012,1,107708,36,2865,13801,16,8
1784445425386352323,0,119312,33,2932,13801,16,7
1784445425386352323,1,107708,36,2865,13801,16,8
1784445425436360029,0,119312,33,2932,13801,16,7
1784445425436360029,1,107708,36,2865,13801,16,8
1784445425486349485,0,119312,33,2932,13801,16,7
1784445425486349485,1,107708,36,2865,13801,16,8
1784445425536359527,0,119312,33,2932,13801,16,7
1784445425536359527,1,107708,36,2865,13801,16,8
1784445425586351827,0,119312,33,2932,13801,16,7
1784445425586351827,1,107708,36,2865,13801,16,8
1784445425636359824,0,119312,33,2932,13801,16,7
1784445425636359824,1,116167,36,2865,13801,16,7
1784445425686354581,0,119312,33,2932,13801,16,7
1784445425686354581,1,116167,36,2865,13801,16,7
1784445425736360697,0,121067,33,2932,13801,17,8
1784445425736360697,1,116167,36,2865,13801,16,7
1784445425786350014,0,121067,33,2932,13801,17,8
1784445425786350014,1,116167,36,2865,13801,16,7
1784445425836359693,0,121067,33,2932,13801,17,8
1784445425836359693,1,116167,36,2865,13801,16,7
1784445425886355509,0,121067,33,2932,13801,17,8
1784445425886355509,1,116167,36,2865,13801,16,7
1784445425936361497,0,121067,33,2932,13801,17,8
1784445425936361497,1,116167,36,2865,13801,16,7
1784445425986350628,0,121067,33,2932,13801,17,8
1784445425986350628,1,116167,36,2865,13801,16,7
1784445426036359297,0,121067,33,2932,13801,17,8
1784445426036359297,1,116167,36,2865,13801,16,7
1784445426086349872,0,121067,33,2932,13801,17,8
1784445426086349872,1,116167,36,2865,13801,16,7
1784445426136366600,0,121067,33,2932,13801,17,8
1784445426136366600,1,117612,36,2857,13801,17,8
1784445426186355166,0,121067,33,2932,13801,17,8
1784445426186355166,1,117612,36,2857,13801,17,8
1784445426236360716,0,122854,34,2932,13801,17,8
1784445426236360716,1,117612,36,2857,13801,17,8
1784445426286353057,0,122854,34,2932,13801,17,8
1784445426286353057,1,117612,36,2857,13801,17,8
1784445426336360185,0,122854,34,2932,13801,17,8
1784445426336360185,1,117612,36,2857,13801,17,8
1784445426386349246,0,122854,34,2932,13801,17,8
1784445426386349246,1,117612,36,2857,13801,17,8
1784445426436360042,0,122854,34,2932,13801,17,8
1784445426436360042,1,117612,36,2857,13801,17,8
1784445426486352159,0,122854,34,2932,13801,17,8
1784445426486352159,1,117612,36,2857,13801,17,8
1784445426536359786,0,122854,34,2932,13801,17,8
1784445426536359786,1,117612,36,2857,13801,17,8
1784445426586349000,0,122854,34,2932,13801,17,8
1784445426586349000,1,117612,36,2857,13801,17,8
1784445426636360964,0,122854,34,2932,13801,17,8
1784445426636360964,1,119036,36,2857,13801,17,8
1784445426686352485,0,122854,34,2932,13801,17,8
1784445426686352485,1,119036,36,2857,13801,17,8
1784445426736360340,0,123738,34,2925,13801,18,9
1784445426736360340,1,119036,36,2857,13801,17,8
1784445426786349429,0,123738,34,2925,13801,18,9
1784445426786349429,1,119036,36,2857,13801,17,8
1784445426836359827,0,123738,34,2925,13801,18,9
1784445426836359827,1,119036,36,2857,13801,17,8
1784445426886348623,0,123738,34,2925,13801,18,9
1784445426886348623,1,119036,36,2857,13801,17,8
1784445426936363202,0,123738,34,2925,13801,18,9
1784445426936363202,1,119036,36,2857,13801,17,8
1784445426986351677,0,123738,34,2925,13801,18,9
1784445426986351677,1,119036,36,2857,13801,17,8
1784445427036359336,0,123738,34,2925,13801,18,9
1784445427036359336,1,119036,36,2857,13801,17,8
1784445427086357195,0,123738,34,2925,13801,18,9
1784445427086357195,1,119036,36,2857,13801,17,8
1784445427136361104,0,123738,34,2925,13801,18,9
1784445427136361104,1,120271,36,2857,13801,17,8
1784445427186361732,0,123738,34,2925,13801,18,9
1784445427186361732,1,120271,36,2857,13801,17,8
1784445427236360300,0,123868,34,2932,13801,17,8
1784445427236360300,1,120271,36,2857,13801,17,8
1784445427286359955,0,123868,34,2932,13801,17,8
1784445427286359955,1,120271,36,2857,13801,17,8
1784445427336359612,0,123868,34,2932,13801,17,8
1784445427336359612,1,120271,36,2857,13801,17,8
1784445427386361120,0,123868,34,2932,13801,17,8
1784445427386361120,1,120271,36,2857,13801,17,8
1784445427436362451,0,123868,34,2932,13801,17,8
1784445427436362451,1,120271,36,2857,13801,17,8
1784445427486360105,0,123868,34,2932,13801,17,8
1784445427486360105,1,120271,36,2857,13801,17,8
1784445427536359692,0,123868,34,2932,13801,17,8
1784445427536359692,1,120271,36,2857,13801,17,8
1784445427586362196,0,123868,34,2932,13801,17,8
1784445427586362196,1,120271,36,2857,13801,17,8
1784445427636360052,0,123868,34,2932,13801,17,8
1784445427636360052,1,120146,36,2857,13801,17,8
1784445427686362814,0,123868,34,2932,13801,17,8
1784445427686362814,1,120146,36,2857,13801,17,8
1784445427736359568,0,123625,34,2925,13801,17,8
1784445427736359568,1,120146,36,2857,13801,17,8
1784445427786360120,0,123625,34,2925,13801,17,8
1784445427786360120,1,120146,36,2857,13801,17,8
1784445427836360001,0,123625,34,2925,13801,17,8
1784445427836360001,1,120146,36,2857,13801,17,8
1784445427886360849,0,123625,34,2925,13801,17,8
1784445427886360849,1,120146,36,2857,13801,17,8
1784445427936361554,0,123625,34,2925,13801,17,8
1784445427936361554,1,120146,36,2857,13801,17,8
1784445427986362905,0,123625,34,2925,13801,17,8
1784445427986362905,1,120146,36,2857,13801,17,8
1784445428036360359,0,123625,34,2925,13801,17,8
1784445428036360359,1,120146,36,2857,13801,17,8
1784445428086359772,0,123625,34,2925,13801,17,8
1784445428086359772,1,120146,36,2857,13801,17,8
1784445428136359204,0,123625,34,2925,13801,17,8
1784445428136359204,1,119965,36,2857,13801,16,8
1784445428186361591,0,123625,34,2925,13801,17,8
1784445428186361591,1,119965,36,2857,13801,16,8
1784445428236361068,0,123980,34,2932,13801,17,9
1784445428236361068,1,119965,36,2857,13801,16,8
1784445428286361744,0,123980,34,2932,13801,17,9
1784445428286361744,1,119965,36,2857,13801,16,8
1784445428336360084,0,123980,34,2932,13801,17,9
1784445428336360084,1,119965,36,2857,13801,16,8
1784445428386362211,0,123980,34,2932,13801,17,9
1784445428386362211,1,119965,36,2857,13801,16,8
1784445428436359644,0,123980,34,2932,13801,17,9
1784445428436359644,1,119965,36,2857,13801,16,8
1784445428486360363,0,123980,34,2932,13801,17,9
1784445428486360363,1,119965,36,2857,13801,16,8
1784445428536361552,0,123980,34,2932,13801,17,9
1784445428536361552,1,119965,36,2857,13801,16,8
1784445428586360097,0,123980,34,2932,13801,17,9
1784445428586360097,1,119965,36,2857,13801,16,8
1784445428636361071,0,123980,34,2932,13801,17,9
1784445428636361071,1,120067,36,2857,13801,17,8
1784445428686359428,0,123980,34,2932,13801,17,9
1784445428686359428,1,120067,36,2857,13801,17,8
1784445428736360992,0,124156,34,2932,13801,17,8
1784445428736360992,1,120067,36,2857,13801,17,8
1784445428786360322,0,124156,34,2932,13801,17,8
1784445428786360322,1,120067,36,2857,13801,17,8
1784445428836359477,0,124156,34,2932,13801,17,8
1784445428836359477,1,120067,36,2857,13801,17,8
1784445428886360630,0,124156,34,2932,13801,17,8
1784445428886360630,1,120067,36,2857,13801,17,8
1784445428936363585,0,124156,34,2932,13801,17,8
1784445428936363585,1,120067,36,2857,13801,17,8
1784445428986360698,0,124156,34,2932,13801,17,8
1784445428986360698,1,120067,36,2857,13801,17,8
1784445429036362470,0,124156,34,2932,13801,17,8
1784445429036362470,1,120067,36,2857,13801,17,8
1784445429086359489,0,124156,34,2932,13801,17,8
1784445429086359489,1,120067,36,2857,13801,17,8
1784445429136362161,0,124156,34,2932,13801,17,8
1784445429136362161,1,120751,37,2857,13801,18,9
1784445429186359570,0,124156,34,2932,13801,17,8
1784445429186359570,1,120751,37,2857,13801,18,9
1784445429236361057,0,124078,34,2932,13801,17,8
1784445429236361057,1,120751,37,2857,13801,18,9
1784445429286362091,0,124078,34,2932,13801,17,8
1784445429286362091,1,120751,37,2857,13801,18,9
1784445429336364374,0,124078,34,2932,13801,17,8
1784445429336364374,1,120751,37,2857,13801,18,9
1784445429386362032,0,124078,34,2932,13801,17,8
1784445429386362032,1,120751,37,2857,13801,18,9
1784445429436361893,0,124078,34,2932,13801,17,8
1784445429436361893,1,120751,37,2857,13801,18,9
1784445429486358937,0,124078,34,2932,13801,17,8
1784445429486358937,1,120751,37,2857,13801,18,9
1784445429536361939,0,124078,34,2932,13801,17,8
1784445429536361939,1,120751,37,2857,13801,18,9
1784445429586353288,0,124078,34,2932,13801,17,8
1784445429586353288,1,120751,37,2857,13801,18,9
1784445429636360468,0,124078,34,2932,13801,17,8
1784445429636360468,1,120762,36,2857,13801,17,8
1784445429686349738,0,124078,34,2932,13801,17,8
1784445429686349738,1,120762,36,2857,13801,17,8
1784445429736358954,0,123944,34,2932,13801,17,8
1784445429736358954,1,120762,36,2857,13801,17,8
1784445429786352078,0,123944,34,2932,13801,17,8
1784445429786352078,1,120762,36,2857,13801,17,8
1784445429836361002,0,123944,34,2932,13801,17,8
1784445429836361002,1,120762,36,2857,13801,17,8
1784445429886354882,0,123944,34,2932,13801,17,8
1784445429886354882,1,120762,36,2857,13801,17,8
1784445429936364381,0,123944,34,2932,13801,17,8
1784445429936364381,1,120762,36,2857,13801,17,8
1784445429986360073,0,123944,34,2932,13801,17,8
1784445429986360073,1,120762,36,2857,13801,17,8
1784445430036363091,0,123944,34,2932,13801,17,8
1784445430036363091,1,120762,36,2857,13801,17,8
1784445430086362549,0,123944,34,2932,13801,17,8
1784445430086362549,1,120762,36,2857,13801,17,8
1784445430136364971,0,123944,34,2932,13801,17,8
1784445430136364971,1,120221,36,2857,13801,17,8
1784445430186363178,0,123944,34,2932,13801,17,8
1784445430186363178,1,120221,36,2857,13801,17,8
1784445430236361961,0,123743,34,2932,13801,17,8
1784445430236361961,1,120221,36,2857,13801,17,8
1784445430286356559,0,123743,34,2932,13801,17,8
1784445430286356559,1,120221,36,2857,13801,17,8
1784445430336364980,0,123743,34,2932,13801,17,8
1784445430336364980,1,120221,36,2857,13801,17,8
1784445430386362857,0,123743,34,2932,13801,17,8
1784445430386362857,1,120221,36,2857,13801,17,8
1784445430436362184,0,123743,34,2932,13801,17,8
1784445430436362184,1,120221,36,2857,13801,17,8
1784445430486361646,0,123743,34,2932,13801,17,8
1784445430486361646,1,120221,36,2857,13801,17,8
1784445430536361511,0,123743,34,2932,13801,17,8
1784445430536361511,1,120221,36,2857,13801,17,8
1784445430586361909,0,123743,34,2932,13801,17,8
1784445430586361909,1,120221,36,2857,13801,17,8
1784445430636362179,0,123743,34,2932,13801,17,8
1784445430636362179,1,120005,36,2857,13801,17,8
1784445430686366406,0,123743,34,2932,13801,17,8
1784445430686366406,1,120005,36,2857,13801,17,8
1784445430736363602,0,123946,34,2925,13801,16,8
1784445430736363602,1,120005,36,2857,13801,17,8
1784445430786362611,0,123946,34,2925,13801,16,8
1784445430786362611,1,120005,36,2857,13801,17,8
1784445430836361224,0,123946,34,2925,13801,16,8
1784445430836361224,1,120005,36,2857,13801,17,8
1784445430886351206,0,123946,34,2925,13801,16,8
1784445430886351206,1,120005,36,2857,13801,17,8
1784445430936361138,0,123946,34,2925,13801,16,8
1784445430936361138,1,120005,36,2857,13801,17,8
1784445430986367618,0,123946,34,2925,13801,16,8
1784445430986367618,1,120005,36,2857,13801,17,8
1784445431036361572,0,123946,34,2925,13801,16,8
1784445431036361572,1,120005,36,2857,13801,17,8
1784445431086353391,0,123946,34,2925,13801,16,8
1784445431086353391,1,120005,36,2857,13801,17,8
1784445431136360927,0,123946,34,2925,13801,16,8
1784445431136360927,1,120704,37,2857,13801,17,8
1784445431186352235,0,123946,34,2925,13801,16,8
1784445431186352235,1,120704,37,2857,13801,17,8
1784445431236360750,0,123087,35,2917,13801,18,9
1784445431236360750,1,120704,37,2857,13801,17,8
1784445431286351951,0,123087,35,2917,13801,18,9
1784445431286351951,1,120704,37,2857,13801,17,8
1784445431336359687,0,123087,35,2917,13801,18,9
1784445431336359687,1,120704,37,2857,13801,17,8
1784445431386354168,0,123087,35,2917,13801,18,9
1784445431386354168,1,120704,37,2857,13801,17,8
1784445431436359034,0,123087,35,2917,13801,18,9
1784445431436359034,1,120704,37,2857,13801,17,8
1784445431486349244,0,123087,35,2917,13801,18,9
1784445431486349244,1,120704,37,2857,13801,17,8
1784445431536358402,0,123087,35,2917,13801,18,9
1784445431536358402,1,120704,37,2857,13801,17,8
1784445431586348881,0,123087,35,2917,13801,18,9
1784445431586348881,1,120704,37,2857,13801,17,8
1784445431636358506,0,123087,35,2917,13801,18,9
1784445431636358506,1,121124,37,2857,13801,17,8
1784445431686351215,0,123087,35,2917,13801,18,9
1784445431686351215,1,121124,37,2857,13801,17,8
1784445431736363911,0,123305,35,2917,13801,17,8
1784445431736363911,1,121124,37,2857,13801,17,8
1784445431786350584,0,123305,35,2917,13801,17,8
1784445431786350584,1,121124,37,2857,13801,17,8
1784445431836362140,0,123305,35,2917,13801,17,8
1784445431836362140,1,121124,37,2857,13801,17,8
1784445431886350925,0,123305,35,2917,13801,17,8
1784445431886350925,1,121124,37,2857,13801,17,8
1784445431936358624,0,123305,35,2917,13801,17,8
1784445431936358624,1,121124,37,2857,13801,17,8
1784445431986352443,0,123305,35,2917,13801,17,8
1784445431986352443,1,121124,37,2857,13801,17,8
1784445432036358562,0,123305,35,2917,13801,17,8
1784445432036358562,1,121124,37,2857,13801,17,8
1784445432086350102,0,123305,35,2917,13801,17,8
1784445432086350102,1,121124,37,2857,13801,17,8
1784445432136358733,0,123305,35,2917,13801,17,8
1784445432136358733,1,121127,37,2857,13801,17,9
1784445432186348711,0,123305,35,2917,13801,17,8
1784445432186348711,1,121127,37,2857,13801,17,9
1784445432236358538,0,124404,35,2917,13801,17,8
1784445432236358538,1,121127,37,2857,13801,17,9
1784445432286348618,0,124404,35,2917,13801,17,8
1784445432286348618,1,121127,37,2857,13801,17,9
1784445432336358510,0,124404,35,2917,13801,17,8
1784445432336358510,1,121127,37,2857,13801,17,9
1784445432386352184,0,124404,35,2917,13801,17,8
1784445432386352184,1,121127,37,2857,13801,17,9
1784445432436359038,0,124404,35,2917,13801,17,8
1784445432436359038,1,121127,37,2857,13801,17,9
1784445432486349048,0,124404,35,2917,13801,17,8
1784445432486349048,1,121127,37,2857,13801,17,9
1784445432536358410,0,124404,35,2917,13801,17,8
1784445432536358410,1,121127,37,2857,13801,17,9
1784445432586355395,0,124404,35,2917,13801,17,8
1784445432586355395,1,121127,37,2857,13801,17,9
1784445432636364218,0,124404,35,2917,13801,17,8
1784445432636364218,1,121166,37,2857,13801,17,8
1784445432686362147,0,124404,35,2917,13801,17,8
1784445432686362147,1,121166,37,2857,13801,17,8
1784445432736361674,0,123675,35,2917,13801,17,8
1784445432736361674,1,121166,37,2857,13801,17,8
1784445432786352242,0,123675,35,2917,13801,17,8
1784445432786352242,1,121166,37,2857,13801,17,8
1784445432836360224,0,123675,35,2917,13801,17,8
1784445432836360224,1,121166,37,2857,13801,17,8
1784445432886348909,0,123675,35,2917,13801,17,8
1784445432886348909,1,121166,37,2857,13801,17,8
1784445432936361791,0,123675,35,2917,13801,17,8
1784445432936361791,1,121166,37,2857,13801,17,8
1784445432986348624,0,123675,35,2917,13801,17,8
1784445432986348624,1,121166,37,2857,13801,17,8
1784445433036361944,0,123675,35,2917,13801,17,8
1784445433036361944,1,121166,37,2857,13801,17,8
1784445433086350973,0,123675,35,2917,13801,17,8
1784445433086350973,1,121166,37,2857,13801,17,8
1784445433136361665,0,123675,35,2917,13801,17,8
1784445433136361665,1,121250,37,2865,13801,17,8
1784445433186349074,0,123675,35,2917,13801,17,8
1784445433186349074,1,121250,37,2865,13801,17,8
1784445433236358690,0,123938,35,2917,13801,18,9
1784445433236358690,1,121250,37,2865,13801,17,8
1784445433286348418,0,123938,35,2917,13801,18,9
1784445433286348418,1,121250,37,2865,13801,17,8
1784445433336359324,0,123938,35,2917,13801,18,9
1784445433336359324,1,121250,37,2865,13801,17,8
1784445433386352527,0,123938,35,2917,13801,18,9
1784445433386352527,1,121250,37,2865,13801,17,8
1784445433436358867,0,123938,35,2917,13801,18,9
1784445433436358867,1,121250,37,2865,13801,17,8
1784445433486348420,0,123938,35,2917,13801,18,9
1784445433486348420,1,121250,37,2865,13801,17,8
1784445433536362134,0,123938,35,2917,13801,18,9
1784445433536362134,1,121250,37,2865,13801,17,8
1784445433586349522,0,123938,35,2917,13801,18,9
1784445433586349522,1,121250,37,2865,13801,17,8
1784445433636360262,0,123938,35,2917,13801,18,9
1784445433636360262,1,121338,37,2865,13801,17,9
1784445433686349389,0,123938,35,2917,13801,18,9
1784445433686349389,1,121338,37,2865,13801,17,9
1784445433736359437,0,124290,35,2917,13801,17,8
1784445433736359437,1,121338,37,2865,13801,17,9
1784445433786351726,0,124290,35,2917,13801,17,8
1784445433786351726,1,121338,37,2865,13801,17,9
1784445433836358858,0,124290,35,2917,13801,17,8
1784445433836358858,1,121338,37,2865,13801,17,9
1784445433886351482,0,124290,35,2917,13801,17,8
1784445433886351482,1,121338,37,2865,13801,17,9
1784445433936358813,0,124290,35,2917,13801,17,8
1784445433936358813,1,121338,37,2865,13801,17,9
1784445433986348643,0,124290,35,2917,13801,17,8
1784445433986348643,1,121338,37,2865,13801,17,9
1784445434036358736,0,124290,35,2917,13801,17,8
1784445434036358736,1,121338,37,2865,13801,17,9
1784445434086362131,0,124290,35,2917,13801,17,8
1784445434086362131,1,121338,37,2865,13801,17,9
1784445434136360953,0,124290,35,2917,13801,17,8
1784445434136360953,1,121765,37,2857,13801,17,8
1784445434186361390,0,124290,35,2917,13801,17,8
1784445434186361390,1,121765,37,2857,13801,17,8
1784445434236362078,0,124437,35,2917,13801,18,9
1784445434236362078,1,121765,37,2857,13801,17,8
1784445434286361258,0,124437,35,2917,13801,18,9
1784445434286361258,1,121765,37,2857,13801,17,8
1784445434336361382,0,124437,35,2917,13801,18,9
1784445434336361382,1,121765,37,2857,13801,17,8
1784445434386361864,0,124437,35,2917,13801,18,9
1784445434386361864,1,121765,37,2857,13801,17,8
1784445434436361810,0,124437,35,2917,13801,18,9
1784445434436361810,1,121765,37,2857,13801,17,8
1784445434486361835,0,124437,35,2917,13801,18,9
1784445434486361835,1,121765,37,2857,13801,17,8
1784445434536361269,0,124437,35,2917,13801,18,9
1784445434536361269,1,121765,37,2857,13801,17,8
1784445434586362212,0,124437,35,2917,13801,18,9
1784445434586362212,1,121765,37,2857,13801,17,8
1784445434636361817,0,124437,35,2917,13801,18,9
1784445434636361817,1,121787,37,2857,13801,17,9
1784445434686362320,0,124437,35,2917,13801,18,9
1784445434686362320,1,121787,37,2857,13801,17,9
1784445434736361164,0,124828,35,2917,13801,17,8
1784445434736361164,1,121787,37,2857,13801,17,9
1784445434786361246,0,124828,35,2917,13801,17,8
1784445434786361246,1,121787,37,2857,13801,17,9
1784445434836361519,0,124828,35,2917,13801,17,8
1784445434836361519,1,121787,37,2857,13801,17,9
1784445434886362219,0,124828,35,2917,13801,17,8
1784445434886362219,1,121787,37,2857,13801,17,9
1784445434936360499,0,124828,35,2917,13801,17,8
1784445434936360499,1,121787,37,2857,13801,17,9
1784445434986362215,0,124828,35,2917,13801,17,8
1784445434986362215,1,121787,37,2857,13801,17,9
1784445435036360195,0,124828,35,2917,13801,17,8
1784445435036360195,1,121787,37,2857,13801,17,9
1784445435086363480,0,124828,35,2917,13801,17,8
1784445435086363480,1,121787,37,2857,13801,17,9
1784445435136360284,0,124828,35,2917,13801,17,8
1784445435136360284,1,121450,37,2857,13801,17,8
1784445435186351687,0,124828,35,2917,13801,17,8
1784445435186351687,1,121450,37,2857,13801,17,8
1784445435236360724,0,124924,35,2917,13801,18,8
1784445435236360724,1,121450,37,2857,13801,17,8
1784445435286350512,0,124924,35,2917,13801,18,8
1784445435286350512,1,121450,37,2857,13801,17,8
1784445435336360079,0,124924,35,2917,13801,18,8
1784445435336360079,1,121450,37,2857,13801,17,8
1784445435386352932,0,124924,35,2917,13801,18,8
1784445435386352932,1,121450,37,2857,13801,17,8
1784445435436359865,0,124924,35,2917,13801,18,8
1784445435436359865,1,121450,37,2857,13801,17,8
1784445435486352851,0,124924,35,2917,13801,18,8
1784445435486352851,1,121450,37,2857,13801,17,8
1784445435536360003,0,124924,35,2917,13801,18,8
1784445435536360003,1,121450,37,2857,13801,17,8
1784445435586351743,0,124924,35,2917,13801,18,8
1784445435586351743,1,121450,37,2857,13801,17,8
1784445435636360044,0,124924,35,2917,13801,18,8
1784445435636360044,1,121012,37,2865,13801,17,9
1784445435686352318,0,124924,35,2917,13801,18,8
1784445435686352318,1,121012,37,2865,13801,17,9
1784445435736359892,0,125024,35,2917,13801,17,8
1784445435736359892,1,121012,37,2865,13801,17,9
1784445435786354517,0,125024,35,2917,13801,17,8
1784445435786354517,1,121012,37,2865,13801,17,9
1784445435836358809,0,125024,35,2917,13801,17,8
1784445435836358809,1,121012,37,2865,13801,17,9
1784445435886363149,0,125024,35,2917,13801,17,8
1784445435886363149,1,121012,37,2865,13801,17,9
1784445435936361754,0,125024,35,2917,13801,17,8
1784445435936361754,1,121012,37,2865,13801,17,9
1784445435986363210,0,125024,35,2917,13801,17,8
1784445435986363210,1,121012,37,2865,13801,17,9
1784445436036359925,0,125024,35,2917,13801,17,8
1784445436036359925,1,121012,37,2865,13801,17,9
1784445436086362471,0,125024,35,2917,13801,17,8
1784445436086362471,1,121012,37,2865,13801,17,9
1784445436136359479,0,125024,35,2917,13801,17,8
1784445436136359479,1,121534,37,2857,13801,18,9
1784445436186360816,0,125024,35,2917,13801,17,8
1784445436186360816,1,121534,37,2857,13801,18,9
1784445436236360731,0,125198,35,2917,13801,17,8
1784445436236360731,1,121534,37,2857,13801,18,9
1784445436286361879,0,125198,35,2917,13801,17,8
1784445436286361879,1,121534,37,2857,13801,18,9
1784445436336359246,0,125198,35,2917,13801,17,8
1784445436336359246,1,121534,37,2857,13801,18,9
1784445436386364252,0,125198,35,2917,13801,17,8
1784445436386364252,1,121534,37,2857,13801,18,9
1784445436436359377,0,125198,35,2917,13801,17,8
1784445436436359377,1,121534,37,2857,13801,18,9
1784445436486361580,0,125198,35,2917,13801,17,8
1784445436486361580,1,121534,37,2857,13801,18,9
1784445436536359569,0,125198,35,2917,13801,17,8
1784445436536359569,1,121534,37,2857,13801,18,9
1784445436586361325,0,125198,35,2917,13801,17,8
1784445436586361325,1,121534,37,2857,13801,18,9
1784445436636361346,0,125198,35,2917,13801,17,8
1784445436636361346,1,121798,37,2865,13801,17,8
1784445436686361733,0,125198,35,2917,13801,17,8
1784445436686361733,1,121798,37,2865,13801,17,8
1784445436736359968,0,125179,35,2917,13801,17,8
1784445436736359968,1,121798,37,2865,13801,17,8
1784445436786362126,0,125179,35,2917,13801,17,8
1784445436786362126,1,121798,37,2865,13801,17,8
1784445436836360112,0,125179,35,2917,13801,17,8
1784445436836360112,1,121798,37,2865,13801,17,8
1784445436886360734,0,125179,35,2917,13801,17,8
1784445436886360734,1,121798,37,2865,13801,17,8
1784445436936361769,0,125179,35,2917,13801,17,8
1784445436936361769,1,121798,37,2865,13801,17,8
1784445436986361386,0,125179,35,2917,13801,17,8
1784445436986361386,1,121798,37,2865,13801,17,8
1784445437036359680,0,125179,35,2917,13801,17,8
1784445437036359680,1,121798,37,2865,13801,17,8
1784445437086365118,0,125179,35,2917,13801,17,8
1784445437086365118,1,121798,37,2865,13801,17,8
1784445437136360627,0,125179,35,2917,13801,17,8
1784445437136360627,1,122120,37,2865,13801,17,9
1784445437186361767,0,125179,35,2917,13801,17,8
1784445437186361767,1,122120,37,2865,13801,17,9
1784445437236359928,0,124905,35,2917,13801,17,8
1784445437236359928,1,122120,37,2865,13801,17,9
1784445437286361485,0,124905,35,2917,13801,17,8
1784445437286361485,1,122120,37,2865,13801,17,9
1784445437336359457,0,124905,35,2917,13801,17,8
1784445437336359457,1,122120,37,2865,13801,17,9
1784445437386361661,0,124905,35,2917,13801,17,8
1784445437386361661,1,122120,37,2865,13801,17,9
1784445437436358960,0,124905,35,2917,13801,17,8
1784445437436358960,1,122120,37,2865,13801,17,9
1784445437486362527,0,124905,35,2917,13801,17,8
1784445437486362527,1,122120,37,2865,13801,17,9
1784445437536360470,0,124905,35,2917,13801,17,8
1784445437536360470,1,122120,37,2865,13801,17,9
1784445437586362901,0,124905,35,2917,13801,17,8
1784445437586362901,1,122120,37,2865,13801,17,9
1784445437636360027,0,124905,35,2917,13801,17,8
1784445437636360027,1,121925,37,2865,13801,16,8
1784445437686360963,0,124905,35,2917,13801,17,8
1784445437686360963,1,121925,37,2865,13801,16,8
1784445437736362115,0,124798,35,2917,13801,18,9
1784445437736362115,1,121925,37,2865,13801,16,8
1784445437786363286,0,124798,35,2917,13801,18,9
1784445437786363286,1,121925,37,2865,13801,16,8
1784445437836360279,0,124798,35,2917,13801,18,9
1784445437836360279,1,121925,37,2865,13801,16,8
1784445437886361890,0,124798,35,2917,13801,18,9
1784445437886361890,1,121925,37,2865,13801,16,8
1784445437936361181,0,124798,35,2917,13801,18,9
1784445437936361181,1,121925,37,2865,13801,16,8
1784445437986362604,0,124798,35,2917,13801,18,9
1784445437986362604,1,121925,37,2865,13801,16,8
1784445438036360022,0,124798,35,2917,13801,18,9
1784445438036360022,1,121925,37,2865,13801,16,8
1784445438086362174,0,124798,35,2917,13801,18,9
1784445438086362174,1,121925,37,2865,13801,16,8
1784445438136378264,0,124798,35,2917,13801,18,9
1784445438136378264,1,121256,37,2865,13801,17,8
1784445438186361720,0,124798,35,2917,13801,18,9
1784445438186361720,1,121256,37,2865,13801,17,8
1784445438236362024,0,124400,35,2917,13801,17,8
1784445438236362024,1,121256,37,2865,13801,17,8
1784445438286361328,0,124400,35,2917,13801,17,8
1784445438286361328,1,121256,37,2865,13801,17,8
1784445438336361788,0,124400,35,2917,13801,17,8
1784445438336361788,1,121256,37,2865,13801,17,8
1784445438386361275,0,124400,35,2917,13801,17,8
1784445438386361275,1,121256,37,2865,13801,17,8
1784445438436360909,0,124400,35,2917,13801,17,8
1784445438436360909,1,121256,37,2865,13801,17,8
1784445438486362103,0,124400,35,2917,13801,17,8
1784445438486362103,1,121256,37,2865,13801,17,8
1784445438536360414,0,124400,35,2917,13801,17,8
1784445438536360414,1,121256,37,2865,13801,17,8
1784445438586361731,0,124400,35,2917,13801,17,8
1784445438586361731,1,121256,37,2865,13801,17,8
1784445438636361839,0,124400,35,2917,13801,17,8
1784445438636361839,1,121364,37,2865,13801,18,9
1784445438686361884,0,124400,35,2917,13801,17,8
1784445438686361884,1,121364,37,2865,13801,18,9
1784445438736361957,0,124408,35,2917,13801,17,8
1784445438736361957,1,121364,37,2865,13801,18,9
1784445438786354199,0,124408,35,2917,13801,17,8
1784445438786354199,1,121364,37,2865,13801,18,9
1784445438836361442,0,124408,35,2917,13801,17,8
1784445438836361442,1,121364,37,2865,13801,18,9
1784445438886352765,0,124408,35,2917,13801,17,8
1784445438886352765,1,121364,37,2865,13801,18,9
1784445438936362643,0,124408,35,2917,13801,17,8
1784445438936362643,1,121364,37,2865,13801,18,9
1784445438986361676,0,124408,35,2917,13801,17,8
1784445438986361676,1,121364,37,2865,13801,18,9
1784445439036361002,0,124408,35,2917,13801,17,8
1784445439036361002,1,121364,37,2865,13801,18,9
1784445439086355388,0,124408,35,2917,13801,17,8
1784445439086355388,1,121364,37,2865,13801,18,9
1784445439136360902,0,124408,35,2917,13801,17,8
1784445439136360902,1,121350,37,2865,13801,17,8
1784445439186360796,0,124408,35,2917,13801,17,8
1784445439186360796,1,121350,37,2865,13801,17,8
1784445439236361600,0,124233,35,2917,13801,17,8
1784445439236361600,1,121350,37,2865,13801,17,8
1784445439286365872,0,124233,35,2917,13801,17,8
1784445439286365872,1,121350,37,2865,13801,17,8
1784445439336362014,0,124233,35,2917,13801,17,8
1784445439336362014,1,121350,37,2865,13801,17,8
1784445439386361070,0,124233,35,2917,13801,17,8
1784445439386361070,1,121350,37,2865,13801,17,8
1784445439436358698,0,124233,35,2917,13801,17,8
1784445439436358698,1,121350,37,2865,13801,17,8
1784445439486359598,0,124233,35,2917,13801,17,8
1784445439486359598,1,121350,37,2865,13801,17,8
1784445439536360778,0,124233,35,2917,13801,17,8
1784445439536360778,1,121350,37,2865,13801,17,8
1784445439586384175,0,124233,35,2917,13801,17,8
1784445439586384175,1,121350,37,2865,13801,17,8
1784445439636364631,0,124233,35,2917,13801,17,8
1784445439636364631,1,120921,37,2865,13801,17,8
1784445439686363383,0,124233,35,2917,13801,17,8
1784445439686363383,1,120921,37,2865,13801,17,8
1784445439736363585,0,124006,36,2917,13801,17,8
1784445439736363585,1,120921,37,2865,13801,17,8
1784445439786360655,0,124006,36,2917,13801,17,8
1784445439786360655,1,120921,37,2865,13801,17,8
1784445439836359916,0,124006,36,2917,13801,17,8
1784445439836359916,1,120921,37,2865,13801,17,8
1784445439886360096,0,124006,36,2917,13801,17,8
1784445439886360096,1,120921,37,2865,13801,17,8
1784445439936362152,0,124006,36,2917,13801,17,8
1784445439936362152,1,120921,37,2865,13801,17,8
1784445439986361419,0,124006,36,2917,13801,17,8
1784445439986361419,1,120921,37,2865,13801,17,8
1784445440036360663,0,124006,36,2917,13801,17,8
1784445440036360663,1,120921,37,2865,13801,17,8
1784445440086365378,0,124006,36,2917,13801,17,8
1784445440086365378,1,120921,37,2865,13801,17,8
1784445440136361177,0,124006,36,2917,13801,17,8
1784445440136361177,1,120663,37,2865,13801,17,8
1784445440186359966,0,124006,36,2917,13801,17,8
1784445440186359966,1,120663,37,2865,13801,17,8
1784445440236361567,0,123878,36,2917,13801,18,9
1784445440236361567,1,120663,37,2865,13801,17,8
1784445440286362781,0,123878,36,2917,13801,18,9
1784445440286362781,1,120663,37,2865,13801,17,8
1784445440336360832,0,123878,36,2917,13801,18,9
1784445440336360832,1,120663,37,2865,13801,17,8
1784445440386360063,0,123878,36,2917,13801,18,9
1784445440386360063,1,120663,37,2865,13801,17,8
1784445440436361044,0,123878,36,2917,13801,18,9
1784445440436361044,1,120663,37,2865,13801,17,8
1784445440486355800,0,123878,36,2917,13801,18,9
1784445440486355800,1,120663,37,2865,13801,17,8
1784445440536360822,0,123878,36,2917,13801,18,9
1784445440536360822,1,120663,37,2865,13801,17,8
1784445440586350090,0,123878,36,2917,13801,18,9
1784445440586350090,1,120663,37,2865,13801,17,8
1784445440636361918,0,123878,36,2917,13801,18,9
1784445440636361918,1,120737,37,2865,13801,17,9
1784445440686351925,0,123878,36,2917,13801,18,9
1784445440686351925,1,120737,37,2865,13801,17,9
1784445440736360136,0,124223,36,2917,13801,17,8
1784445440736360136,1,120737,37,2865,13801,17,9
1784445440786351652,0,124223,36,2917,13801,17,8
1784445440786351652,1,120737,37,2865,13801,17,9
1784445440836378881,0,124223,36,2917,13801,17,8
1784445440836378881,1,120737,37,2865,13801,17,9
1784445440886353000,0,124223,36,2917,13801,17,8
1784445440886353000,1,120737,37,2865,13801,17,9
1784445440936359234,0,124223,36,2917,13801,17,8
1784445440936359234,1,120737,37,2865,13801,17,9
1784445440986374911,0,124223,36,2917,13801,17,8
1784445440986374911,1,120737,37,2865,13801,17,9
1784445441036362022,0,124223,36,2917,13801,17,8
1784445441036362022,1,120737,37,2865,13801,17,9
1784445441086362019,0,124223,36,2917,13801,17,8
1784445441086362019,1,120737,37,2865,13801,17,9
1784445441136360274,0,124223,36,2917,13801,17,8
1784445441136360274,1,120916,37,2865,13801,17,8
1784445441186362489,0,124223,36,2917,13801,17,8
1784445441186362489,1,120916,37,2865,13801,17,8
1784445441236362254,0,123421,35,2887,13801,14,6
1784445441236362254,1,120916,37,2865,13801,17,8
1784445441286359548,0,123421,35,2887,13801,14,6
1784445441286359548,1,120916,37,2865,13801,17,8
1784445441336358919,0,123421,35,2887,13801,14,6
1784445441336358919,1,120916,37,2865,13801,17,8
1784445441386359894,0,123421,35,2887,13801,14,6
1784445441386359894,1,120916,37,2865,13801,17,8
1784445441436362291,0,123421,35,2887,13801,14,6
1784445441436362291,1,120916,37,2865,13801,17,8
1784445441486362236,0,123421,35,2887,13801,14,6
1784445441486362236,1,120916,37,2865,13801,17,8
1784445441536359334,0,123421,35,2887,13801,14,6
1784445441536359334,1,120916,37,2865,13801,17,8
1784445441586359777,0,123421,35,2887,13801,14,6
1784445441586359777,1,120916,37,2865,13801,17,8
1784445441636359783,0,123421,35,2887,13801,14,6
1784445441636359783,1,113805,36,2835,13801,0,0
1784445441686361396,0,123421,35,2887,13801,14,6
1784445441686361396,1,113805,36,2835,13801,0,0
1784445441736360547,0,91610,33,2400,13801,0,0
1784445441736360547,1,113805,36,2835,13801,0,0
1784445441786359797,0,91610,33,2400,13801,0,0
1784445441786359797,1,113805,36,2835,13801,0,0
1784445441836359244,0,91610,33,2400,13801,0,0
1784445441836359244,1,113805,36,2835,13801,0,0
1784445441886359209,0,91610,33,2400,13801,0,0
1784445441886359209,1,113805,36,2835,13801,0,0
1784445441936360111,0,91610,33,2400,13801,0,0
1784445441936360111,1,113805,36,2835,13801,0,0
1784445441986359830,0,91610,33,2400,13801,0,0
1784445441986359830,1,113805,36,2835,13801,0,0
1784445442036360894,0,91610,33,2400,13801,0,0
1784445442036360894,1,113805,36,2835,13801,0,0
1784445442086360945,0,91610,33,2400,13801,0,0
1784445442086360945,1,113805,36,2835,13801,0,0
1784445442136360880,0,91610,33,2400,13801,0,0
1784445442136360880,1,85348,35,2400,13801,0,0
1784445442186358622,0,91610,33,2400,13801,0,0
1784445442186358622,1,85348,35,2400,13801,0,0
1784445442236363068,0,58463,33,2400,13801,0,0
1784445442236363068,1,85348,35,2400,13801,0,0
1784445442286360608,0,58463,33,2400,13801,0,0
1784445442286360608,1,85348,35,2400,13801,0,0
1784445442336358490,0,58463,33,2400,13801,0,0
1784445442336358490,1,85348,35,2400,13801,0,0
1784445442386360142,0,58463,33,2400,13801,0,0
1784445442386360142,1,85348,35,2400,13801,0,0
1784445442436361911,0,58463,33,2400,13801,0,0
1784445442436361911,1,85348,35,2400,13801,0,0
1784445442486360123,0,58463,33,2400,13801,0,0
1784445442486360123,1,85348,35,2400,13801,0,0
1784445442536359515,0,58463,33,2400,13801,0,0
1784445442536359515,1,85348,35,2400,13801,0,0
1784445442586361128,0,58463,33,2400,13801,0,0
1784445442586361128,1,85348,35,2400,13801,0,0
1784445442636359950,0,58463,33,2400,13801,0,0
1784445442636359950,1,69795,37,2400,13801,16,8
1784445442686359887,0,58463,33,2400,13801,0,0
1784445442686359887,1,69795,37,2400,13801,16,8
1784445442736359695,0,61369,33,2595,13801,15,7
1784445442736359695,1,69795,37,2400,13801,16,8
1784445442786360528,0,61369,33,2595,13801,15,7
1784445442786360528,1,69795,37,2400,13801,16,8
1784445442836359558,0,61369,33,2595,13801,15,7
1784445442836359558,1,69795,37,2400,13801,16,8
1784445442886359674,0,61369,33,2595,13801,15,7
1784445442886359674,1,69795,37,2400,13801,16,8
1784445442936359601,0,61369,33,2595,13801,15,7
1784445442936359601,1,69795,37,2400,13801,16,8
1784445442986359906,0,61369,33,2595,13801,15,7
1784445442986359906,1,69795,37,2400,13801,16,8
1784445443036360186,0,61369,33,2595,13801,15,7
1784445443036360186,1,69795,37,2400,13801,16,8
1784445443086350592,0,61369,33,2595,13801,15,7
1784445443086350592,1,69795,37,2400,13801,16,8
1784445443136359894,0,61369,33,2595,13801,15,7
1784445443136359894,1,96116,37,2865,13801,16,8
1784445443186359328,0,61369,33,2595,13801,15,7
1784445443186359328,1,96116,37,2865,13801,16,8
1784445443236361397,0,97645,35,2917,13801,16,7
1784445443236361397,1,96116,37,2865,13801,16,8
1784445443286360527,0,97645,35,2917,13801,16,7
1784445443286360527,1,96116,37,2865,13801,16,8
1784445443336360222,0,97645,35,2917,13801,16,7
1784445443336360222,1,96116,37,2865,13801,16,8
1784445443386359950,0,97645,35,2917,13801,16,7
1784445443386359950,1,96116,37,2865,13801,16,8
1784445443436359697,0,97645,35,2917,13801,16,7
1784445443436359697,1,96116,37,2865,13801,16,8
1784445443486359322,0,97645,35,2917,13801,16,7
1784445443486359322,1,96116,37,2865,13801,16,8
1784445443536358893,0,97645,35,2917,13801,16,7
1784445443536358893,1,96116,37,2865,13801,16,8
1784445443586360356,0,97645,35,2917,13801,16,7
1784445443586360356,1,96116,37,2865,13801,16,8
1784445443636360198,0,97645,35,2917,13801,16,7
1784445443636360198,1,120019,37,2865,13801,16,7
1784445443686359553,0,97645,35,2917,13801,16,7
1784445443686359553,1,120019,37,2865,13801,16,7
1784445443736361409,0,122825,35,2917,13801,16,7
1784445443736361409,1,120019,37,2865,13801,16,7
1784445443786358886,0,122825,35,2917,13801,16,7
1784445443786358886,1,120019,37,2865,13801,16,7
1784445443836360002,0,122825,35,2917,13801,16,7
1784445443836360002,1,120019,37,2865,13801,16,7
1784445443886359649,0,122825,35,2917,13801,16,7
1784445443886359649,1,120019,37,2865,13801,16,7
1784445443936359792,0,122825,35,2917,13801,16,7
1784445443936359792,1,120019,37,2865,13801,16,7
1784445443986359698,0,122825,35,2917,13801,16,7
1784445443986359698,1,120019,37,2865,13801,16,7
1784445444036359399,0,122825,35,2917,13801,16,7
1784445444036359399,1,120019,37,2865,13801,16,7
1784445444086350982,0,122825,35,2917,13801,16,7
1784445444086350982,1,120019,37,2865,13801,16,7
1784445444136359476,0,122825,35,2917,13801,16,7
1784445444136359476,1,116803,37,2865,13801,16,7
1784445444186360340,0,122825,35,2917,13801,16,7
1784445444186360340,1,116803,37,2865,13801,16,7
1784445444236361332,0,120500,35,2917,13801,17,8
1784445444236361332,1,116803,37,2865,13801,16,7
1784445444286360319,0,120500,35,2917,13801,17,8
1784445444286360319,1,116803,37,2865,13801,16,7
1784445444336359480,0,120500,35,2917,13801,17,8
1784445444336359480,1,116803,37,2865,13801,16,7
1784445444386360131,0,120500,35,2917,13801,17,8
1784445444386360131,1,116803,37,2865,13801,16,7
1784445444436360055,0,120500,35,2917,13801,17,8
1784445444436360055,1,116803,37,2865,13801,16,7
1784445444486359293,0,120500,35,2917,13801,17,8
1784445444486359293,1,116803,37,2865,13801,16,7
1784445444536359222,0,120500,35,2917,13801,17,8
1784445444536359222,1,116803,37,2865,13801,16,7
1784445444586359750,0,120500,35,2917,13801,17,8
1784445444586359750,1,116803,37,2865,13801,16,7
1784445444636359752,0,120500,35,2917,13801,17,8
1784445444636359752,1,118234,37,2865,13801,17,8
1784445444686359224,0,120500,35,2917,13801,17,8
1784445444686359224,1,118234,37,2865,13801,17,8
1784445444736359637,0,122277,36,2917,13801,17,8
1784445444736359637,1,118234,37,2865,13801,17,8
1784445444786359555,0,122277,36,2917,13801,17,8
1784445444786359555,1,118234,37,2865,13801,17,8
1784445444836359764,0,122277,36,2917,13801,17,8
1784445444836359764,1,118234,37,2865,13801,17,8
1784445444886360219,0,122277,36,2917,13801,17,8
1784445444886360219,1,118234,37,2865,13801,17,8
1784445444936360371,0,122277,36,2917,13801,17,8
1784445444936360371,1,118234,37,2865,13801,17,8
1784445444986361420,0,122277,36,2917,13801,17,8
1784445444986361420,1,118234,37,2865,13801,17,8
1784445445036359732,0,122277,36,2917,13801,17,8
1784445445036359732,1,118234,37,2865,13801,17,8
1784445445086351200,0,122277,36,2917,13801,17,8
1784445445086351200,1,118234,37,2865,13801,17,8
1784445445136359356,0,122277,36,2917,13801,17,8
1784445445136359356,1,119776,37,2865,13801,17,8
1784445445186359730,0,122277,36,2917,13801,17,8
1784445445186359730,1,119776,37,2865,13801,17,8
1784445445236360367,0,123584,36,2917,13801,17,8
1784445445236360367,1,119776,37,2865,13801,17,8
1784445445286359791,0,123584,36,2917,13801,17,8
1784445445286359791,1,119776,37,2865,13801,17,8
1784445445336360731,0,123584,36,2917,13801,17,8
1784445445336360731,1,119776,37,2865,13801,17,8
1784445445386358131,0,123584,36,2917,13801,17,8
1784445445386358131,1,119776,37,2865,13801,17,8
1784445445436362001,0,123584,36,2917,13801,17,8
1784445445436362001,1,119776,37,2865,13801,17,8
1784445445486360873,0,123584,36,2917,13801,17,8
1784445445486360873,1,119776,37,2865,13801,17,8
1784445445536360096,0,123584,36,2917,13801,17,8
1784445445536360096,1,119776,37,2865,13801,17,8
1784445445586360074,0,123584,36,2917,13801,17,8
1784445445586360074,1,119776,37,2865,13801,17,8
1784445445636359921,0,123584,36,2917,13801,17,8
1784445445636359921,1,120689,37,2865,13801,17,9
1784445445686359169,0,123584,36,2917,13801,17,8
1784445445686359169,1,120689,37,2865,13801,17,9
1784445445736361232,0,124384,36,2917,13801,17,8
1784445445736361232,1,120689,37,2865,13801,17,9
1784445445786364844,0,124384,36,2917,13801,17,8
1784445445786364844,1,120689,37,2865,13801,17,9
1784445445836371447,0,124384,36,2917,13801,17,8
1784445445836371447,1,120689,37,2865,13801,17,9
1784445445886358966,0,124384,36,2917,13801,17,8
1784445445886358966,1,120689,37,2865,13801,17,9
1784445445936361455,0,124384,36,2917,13801,17,8
1784445445936361455,1,120689,37,2865,13801,17,9
1784445445986349617,0,124384,36,2917,13801,17,8
1784445445986349617,1,120689,37,2865,13801,17,9
1784445446036361844,0,124384,36,2917,13801,17,8
1784445446036361844,1,120689,37,2865,13801,17,9
1784445446086353407,0,124384,36,2917,13801,17,8
1784445446086353407,1,120689,37,2865,13801,17,9
1784445446136361510,0,124384,36,2917,13801,17,8
1784445446136361510,1,120936,37,2865,13801,17,8
1784445446186351864,0,124384,36,2917,13801,17,8
1784445446186351864,1,120936,37,2865,13801,17,8
1784445446236361858,0,124287,36,2917,13801,17,8
1784445446236361858,1,120936,37,2865,13801,17,8
1784445446286349057,0,124287,36,2917,13801,17,8
1784445446286349057,1,120936,37,2865,13801,17,8
1784445446336361743,0,124287,36,2917,13801,17,8
1784445446336361743,1,120936,37,2865,13801,17,8
1784445446386352774,0,124287,36,2917,13801,17,8
1784445446386352774,1,120936,37,2865,13801,17,8
1784445446436359924,0,124287,36,2917,13801,17,8
1784445446436359924,1,120936,37,2865,13801,17,8
1784445446486348711,0,124287,36,2917,13801,17,8
1784445446486348711,1,120936,37,2865,13801,17,8
1784445446536358568,0,124287,36,2917,13801,17,8
1784445446536358568,1,120936,37,2865,13801,17,8
1784445446586348752,0,124287,36,2917,13801,17,8
1784445446586348752,1,120936,37,2865,13801,17,8
1784445446636361160,0,124287,36,2917,13801,17,8
1784445446636361160,1,121266,37,2865,13801,17,8
1784445446686348658,0,124287,36,2917,13801,17,8
1784445446686348658,1,121266,37,2865,13801,17,8
1784445446736358492,0,124636,36,2917,13801,17,8
1784445446736358492,1,121266,37,2865,13801,17,8
1784445446786348583,0,124636,36,2917,13801,17,8
1784445446786348583,1,121266,37,2865,13801,17,8
1784445446836359077,0,124636,36,2917,13801,17,8
1784445446836359077,1,121266,37,2865,13801,17,8
1784445446886352855,0,124636,36,2917,13801,17,8
1784445446886352855,1,121266,37,2865,13801,17,8
1784445446936359747,0,124636,36,2917,13801,17,8
1784445446936359747,1,121266,37,2865,13801,17,8
1784445446986350919,0,124636,36,2917,13801,17,8
1784445446986350919,1,121266,37,2865,13801,17,8
1784445447036358848,0,124636,36,2917,13801,17,8
1784445447036358848,1,121266,37,2865,13801,17,8
1784445447086348791,0,124636,36,2917,13801,17,8
1784445447086348791,1,121266,37,2865,13801,17,8
1784445447136363010,0,124636,36,2917,13801,17,8
1784445447136363010,1,121529,37,2865,13801,18,9
1784445447186361888,0,124636,36,2917,13801,17,8
1784445447186361888,1,121529,37,2865,13801,18,9
1784445447236361584,0,124466,36,2917,13801,17,8
1784445447236361584,1,121529,37,2865,13801,18,9
1784445447286362458,0,124466,36,2917,13801,17,8
1784445447286362458,1,121529,37,2865,13801,18,9
1784445447336361715,0,124466,36,2917,13801,17,8
1784445447336361715,1,121529,37,2865,13801,18,9
1784445447386362363,0,124466,36,2917,13801,17,8
1784445447386362363,1,121529,37,2865,13801,18,9
1784445447436363272,0,124466,36,2917,13801,17,8
1784445447436363272,1,121529,37,2865,13801,18,9
1784445447486363725,0,124466,36,2917,13801,17,8
1784445447486363725,1,121529,37,2865,13801,18,9
1784445447536362710,0,124466,36,2917,13801,17,8
1784445447536362710,1,121529,37,2865,13801,18,9
1784445447586362766,0,124466,36,2917,13801,17,8
1784445447586362766,1,121529,37,2865,13801,18,9
1784445447636362611,0,124466,36,2917,13801,17,8
1784445447636362611,1,121781,37,2865,13801,17,8
1784445447686362683,0,124466,36,2917,13801,17,8
1784445447686362683,1,121781,37,2865,13801,17,8
1784445447736363727,0,124392,36,2917,13801,17,9
1784445447736363727,1,121781,37,2865,13801,17,8
1784445447786362323,0,124392,36,2917,13801,17,9
1784445447786362323,1,121781,37,2865,13801,17,8
1784445447836360292,0,124392,36,2917,13801,17,9
1784445447836360292,1,121781,37,2865,13801,17,8
1784445447886367119,0,124392,36,2917,13801,17,9
1784445447886367119,1,121781,37,2865,13801,17,8
1784445447936363284,0,124392,36,2917,13801,17,9
1784445447936363284,1,121781,37,2865,13801,17,8
1784445447986361726,0,124392,36,2917,13801,17,9
1784445447986361726,1,121781,37,2865,13801,17,8
1784445448036361646,0,124392,36,2917,13801,17,9
1784445448036361646,1,121781,37,2865,13801,17,8
1784445448086361614,0,124392,36,2917,13801,17,9
1784445448086361614,1,121781,37,2865,13801,17,8
1784445448136359133,0,124392,36,2917,13801,17,9
1784445448136359133,1,121623,37,2865,13801,17,8
1784445448186363642,0,124392,36,2917,13801,17,9
1784445448186363642,1,121623,37,2865,13801,17,8
1784445448236360866,0,124726,36,2917,13801,17,8
1784445448236360866,1,121623,37,2865,13801,17,8
1784445448286362089,0,124726,36,2917,13801,17,8
1784445448286362089,1,121623,37,2865,13801,17,8
1784445448336360171,0,124726,36,2917,13801,17,8
1784445448336360171,1,121623,37,2865,13801,17,8
1784445448386362421,0,124726,36,2917,13801,17,8
1784445448386362421,1,121623,37,2865,13801,17,8
1784445448436361269,0,124726,36,2917,13801,17,8
1784445448436361269,1,121623,37,2865,13801,17,8
1784445448486364440,0,124726,36,2917,13801,17,8
1784445448486364440,1,121623,37,2865,13801,17,8
1784445448536360155,0,124726,36,2917,13801,17,8
1784445448536360155,1,121623,37,2865,13801,17,8
1784445448586362016,0,124726,36,2917,13801,17,8
1784445448586362016,1,121623,37,2865,13801,17,8
1784445448636362463,0,124726,36,2917,13801,17,8
1784445448636362463,1,121258,37,2865,13801,17,8
1784445448686359808,0,124726,36,2917,13801,17,8
1784445448686359808,1,121258,37,2865,13801,17,8
1784445448736359611,0,125012,36,2917,13801,18,9
1784445448736359611,1,121258,37,2865,13801,17,8
1784445448786363341,0,125012,36,2917,13801,18,9
1784445448786363341,1,121258,37,2865,13801,17,8
1784445448836361945,0,125012,36,2917,13801,18,9
1784445448836361945,1,121258,37,2865,13801,17,8
1784445448886361982,0,125012,36,2917,13801,18,9
1784445448886361982,1,121258,37,2865,13801,17,8
1784445448936361983,0,125012,36,2917,13801,18,9
1784445448936361983,1,121258,37,2865,13801,17,8
1784445448986361809,0,125012,36,2917,13801,18,9
1784445448986361809,1,121258,37,2865,13801,17,8
1784445449036361652,0,125012,36,2917,13801,18,9
1784445449036361652,1,121258,37,2865,13801,17,8
1784445449086361476,0,125012,36,2917,13801,18,9
1784445449086361476,1,121258,37,2865,13801,17,8
1784445449136359529,0,125012,36,2917,13801,18,9
1784445449136359529,1,121173,37,2865,13801,17,8
1784445449186352165,0,125012,36,2917,13801,18,9
1784445449186352165,1,121173,37,2865,13801,17,8
1784445449236362317,0,125508,36,2917,13801,18,8
1784445449236362317,1,121173,37,2865,13801,17,8
1784445449286354993,0,125508,36,2917,13801,18,8
1784445449286354993,1,121173,37,2865,13801,17,8
1784445449336360396,0,125508,36,2917,13801,18,8
1784445449336360396,1,121173,37,2865,13801,17,8
1784445449386356438,0,125508,36,2917,13801,18,8
1784445449386356438,1,121173,37,2865,13801,17,8
1784445449436360185,0,125508,36,2917,13801,18,8
1784445449436360185,1,121173,37,2865,13801,17,8
1784445449486354235,0,125508,36,2917,13801,18,8
1784445449486354235,1,121173,37,2865,13801,17,8
1784445449536361073,0,125508,36,2917,13801,18,8
1784445449536361073,1,121173,37,2865,13801,17,8
1784445449586354039,0,125508,36,2917,13801,18,8
1784445449586354039,1,121173,37,2865,13801,17,8
1784445449636376242,0,125508,36,2917,13801,18,8
1784445449636376242,1,120931,37,2865,13801,17,8
1784445449686364000,0,125508,36,2917,13801,18,8
1784445449686364000,1,120931,37,2865,13801,17,8
1784445449736362053,0,125171,36,2917,13801,17,8
1784445449736362053,1,120931,37,2865,13801,17,8
1784445449786364638,0,125171,36,2917,13801,17,8
1784445449786364638,1,120931,37,2865,13801,17,8
1784445449836362334,0,125171,36,2917,13801,17,8
1784445449836362334,1,120931,37,2865,13801,17,8
1784445449886359775,0,125171,36,2917,13801,17,8
1784445449886359775,1,120931,37,2865,13801,17,8
1784445449936359875,0,125171,36,2917,13801,17,8
1784445449936359875,1,120931,37,2865,13801,17,8
1784445449986360218,0,125171,36,2917,13801,17,8
1784445449986360218,1,120931,37,2865,13801,17,8
1784445450036363796,0,125171,36,2917,13801,17,8
1784445450036363796,1,120931,37,2865,13801,17,8
1784445450086348836,0,125171,36,2917,13801,17,8
1784445450086348836,1,120931,37,2865,13801,17,8
1784445450136361616,0,125171,36,2917,13801,17,8
1784445450136361616,1,120364,37,2865,13801,16,8
1784445450186351077,0,125171,36,2917,13801,17,8
1784445450186351077,1,120364,37,2865,13801,16,8
1784445450236362137,0,124947,36,2917,13801,17,9
1784445450236362137,1,120364,37,2865,13801,16,8
1784445450286349259,0,124947,36,2917,13801,17,9
1784445450286349259,1,120364,37,2865,13801,16,8
1784445450336362143,0,124947,36,2917,13801,17,9
1784445450336362143,1,120364,37,2865,13801,16,8
1784445450386354480,0,124947,36,2917,13801,17,9
1784445450386354480,1,120364,37,2865,13801,16,8
1784445450436359966,0,124947,36,2917,13801,17,9
1784445450436359966,1,120364,37,2865,13801,16,8
1784445450486364872,0,124947,36,2917,13801,17,9
1784445450486364872,1,120364,37,2865,13801,16,8
1784445450536360735,0,124947,36,2917,13801,17,9
1784445450536360735,1,120364,37,2865,13801,16,8
1784445450586360398,0,124947,36,2917,13801,17,9
1784445450586360398,1,120364,37,2865,13801,16,8
1784445450636361402,0,124947,36,2917,13801,17,9
1784445450636361402,1,120367,37,2865,13801,17,8
1784445450686359561,0,124947,36,2917,13801,17,9
1784445450686359561,1,120367,37,2865,13801,17,8
1784445450736362374,0,125039,36,2917,13801,17,8
1784445450736362374,1,120367,37,2865,13801,17,8
1784445450786360670,0,125039,36,2917,13801,17,8
1784445450786360670,1,120367,37,2865,13801,17,8
1784445450836359413,0,125039,36,2917,13801,17,8
1784445450836359413,1,120367,37,2865,13801,17,8
1784445450886359866,0,125039,36,2917,13801,17,8
1784445450886359866,1,120367,37,2865,13801,17,8
1784445450936360220,0,125039,36,2917,13801,17,8
1784445450936360220,1,120367,37,2865,13801,17,8
1784445450986362256,0,125039,36,2917,13801,17,8
1784445450986362256,1,120367,37,2865,13801,17,8
1784445451036362575,0,125039,36,2917,13801,17,8
1784445451036362575,1,120367,37,2865,13801,17,8
1784445451086353875,0,125039,36,2917,13801,17,8
1784445451086353875,1,120367,37,2865,13801,17,8
1784445451136361296,0,125039,36,2917,13801,17,8
1784445451136361296,1,120423,37,2865,13801,17,8
1784445451186361938,0,125039,36,2917,13801,17,8
1784445451186361938,1,120423,37,2865,13801,17,8
1784445451236360626,0,124915,36,2917,13801,18,9
1784445451236360626,1,120423,37,2865,13801,17,8
1784445451286361687,0,124915,36,2917,13801,18,9
1784445451286361687,1,120423,37,2865,13801,17,8
1784445451336361425,0,124915,36,2917,13801,18,9
1784445451336361425,1,120423,37,2865,13801,17,8
1784445451386361410,0,124915,36,2917,13801,18,9
1784445451386361410,1,120423,37,2865,13801,17,8
1784445451436361968,0,124915,36,2917,13801,18,9
1784445451436361968,1,120423,37,2865,13801,17,8
1784445451486361296,0,124915,36,2917,13801,18,9
1784445451486361296,1,120423,37,2865,13801,17,8
1784445451536360151,0,124915,36,2917,13801,18,9
1784445451536360151,1,120423,37,2865,13801,17,8
1784445451586352153,0,124915,36,2917,13801,18,9
1784445451586352153,1,120423,37,2865,13801,17,8
1784445451636359767,0,124915,36,2917,13801,18,9
1784445451636359767,1,120357,37,2865,13801,17,8
1784445451686350888,0,124915,36,2917,13801,18,9
1784445451686350888,1,120357,37,2865,13801,17,8
1784445451736360595,0,124983,36,2917,13801,17,8
1784445451736360595,1,120357,37,2865,13801,17,8
1784445451786351794,0,124983,36,2917,13801,17,8
1784445451786351794,1,120357,37,2865,13801,17,8
1784445451836361501,0,124983,36,2917,13801,17,8
1784445451836361501,1,120357,37,2865,13801,17,8
1784445451886351687,0,124983,36,2917,13801,17,8
1784445451886351687,1,120357,37,2865,13801,17,8
1784445451936359134,0,124983,36,2917,13801,17,8
1784445451936359134,1,120357,37,2865,13801,17,8
1784445451986378815,0,124983,36,2917,13801,17,8
1784445451986378815,1,120357,37,2865,13801,17,8
1784445452036358904,0,124983,36,2917,13801,17,8
1784445452036358904,1,120357,37,2865,13801,17,8
1784445452086348897,0,124983,36,2917,13801,17,8
1784445452086348897,1,120357,37,2865,13801,17,8
1784445452136358528,0,124983,36,2917,13801,17,8
1784445452136358528,1,121005,37,2865,13801,17,9
1784445452186350899,0,124983,36,2917,13801,17,8
1784445452186350899,1,121005,37,2865,13801,17,9
1784445452236358519,0,125580,36,2917,13801,18,9
1784445452236358519,1,121005,37,2865,13801,17,9
1784445452286361726,0,125580,36,2917,13801,18,9
1784445452286361726,1,121005,37,2865,13801,17,9
1784445452336361135,0,125580,36,2917,13801,18,9
1784445452336361135,1,121005,37,2865,13801,17,9
1784445452386361214,0,125580,36,2917,13801,18,9
1784445452386361214,1,121005,37,2865,13801,17,9
1784445452436361443,0,125580,36,2917,13801,18,9
1784445452436361443,1,121005,37,2865,13801,17,9
1784445452486360907,0,125580,36,2917,13801,18,9
1784445452486360907,1,121005,37,2865,13801,17,9
1784445452536361114,0,125580,36,2917,13801,18,9
1784445452536361114,1,121005,37,2865,13801,17,9
1784445452586362082,0,125580,36,2917,13801,18,9
1784445452586362082,1,121005,37,2865,13801,17,9
1784445452636361485,0,125580,36,2917,13801,18,9
1784445452636361485,1,121376,37,2865,13801,17,8
1784445452686361029,0,125580,36,2917,13801,18,9
1784445452686361029,1,121376,37,2865,13801,17,8
1784445452736363321,0,125747,37,2917,13801,17,8
1784445452736363321,1,121376,37,2865,13801,17,8
1784445452786361617,0,125747,37,2917,13801,17,8
1784445452786361617,1,121376,37,2865,13801,17,8
1784445452836363189,0,125747,37,2917,13801,17,8
1784445452836363189,1,121376,37,2865,13801,17,8
1784445452886361129,0,125747,37,2917,13801,17,8
1784445452886361129,1,121376,37,2865,13801,17,8
1784445452936361592,0,125747,37,2917,13801,17,8
1784445452936361592,1,121376,37,2865,13801,17,8
1784445452986361529,0,125747,37,2917,13801,17,8
1784445452986361529,1,121376,37,2865,13801,17,8
1784445453036361481,0,125747,37,2917,13801,17,8
1784445453036361481,1,121376,37,2865,13801,17,8
1784445453086349804,0,125747,37,2917,13801,17,8
1784445453086349804,1,121376,37,2865,13801,17,8
1784445453136360161,0,125747,37,2917,13801,17,8
1784445453136360161,1,121359,38,2865,13801,17,9
1784445453186351475,0,125747,37,2917,13801,17,8
1784445453186351475,1,121359,38,2865,13801,17,9
1784445453236360675,0,125887,37,2917,13801,18,9
1784445453236360675,1,121359,38,2865,13801,17,9
1784445453286351781,0,125887,37,2917,13801,18,9
1784445453286351781,1,121359,38,2865,13801,17,9
1784445453336361298,0,125887,37,2917,13801,18,9
1784445453336361298,1,121359,38,2865,13801,17,9
1784445453386352195,0,125887,37,2917,13801,18,9
1784445453386352195,1,121359,38,2865,13801,17,9
1784445453436360263,0,125887,37,2917,13801,18,9
1784445453436360263,1,121359,38,2865,13801,17,9
1784445453486348678,0,125887,37,2917,13801,18,9
1784445453486348678,1,121359,38,2865,13801,17,9
1784445453536360215,0,125887,37,2917,13801,18,9
1784445453536360215,1,121359,38,2865,13801,17,9
1784445453586350045,0,125887,37,2917,13801,18,9
1784445453586350045,1,121359,38,2865,13801,17,9
1784445453636359805,0,125887,37,2917,13801,18,9
1784445453636359805,1,121528,38,2865,13801,17,8
1784445453686351112,0,125887,37,2917,13801,18,9
1784445453686351112,1,121528,38,2865,13801,17,8
1784445453736358833,0,125494,37,2917,13801,17,8
1784445453736358833,1,121528,38,2865,13801,17,8
1784445453786350418,0,125494,37,2917,13801,17,8
1784445453786350418,1,121528,38,2865,13801,17,8
1784445453836358783,0,125494,37,2917,13801,17,8
1784445453836358783,1,121528,38,2865,13801,17,8
1784445453886349324,0,125494,37,2917,13801,17,8
1784445453886349324,1,121528,38,2865,13801,17,8
1784445453936359285,0,125494,37,2917,13801,17,8
1784445453936359285,1,121528,38,2865,13801,17,8
1784445453986350326,0,125494,37,2917,13801,17,8
1784445453986350326,1,121528,38,2865,13801,17,8
1784445454036358521,0,125494,37,2917,13801,17,8
1784445454036358521,1,121528,38,2865,13801,17,8
1784445454086361474,0,125494,37,2917,13801,17,8
1784445454086361474,1,121528,38,2865,13801,17,8
1784445454136361719,0,125494,37,2917,13801,17,8
1784445454136361719,1,121451,37,2865,13801,17,8
1784445454186361203,0,125494,37,2917,13801,17,8
1784445454186361203,1,121451,37,2865,13801,17,8
1784445454236361364,0,125663,37,2917,13801,18,9
1784445454236361364,1,121451,37,2865,13801,17,8
1784445454286361568,0,125663,37,2917,13801,18,9
1784445454286361568,1,121451,37,2865,13801,17,8
1784445454336360984,0,125663,37,2917,13801,18,9
1784445454336360984,1,121451,37,2865,13801,17,8
1784445454386361295,0,125663,37,2917,13801,18,9
1784445454386361295,1,121451,37,2865,13801,17,8
1784445454436361595,0,125663,37,2917,13801,18,9
1784445454436361595,1,121451,37,2865,13801,17,8
1784445454486361178,0,125663,37,2917,13801,18,9
1784445454486361178,1,121451,37,2865,13801,17,8
1784445454536361699,0,125663,37,2917,13801,18,9
1784445454536361699,1,121451,37,2865,13801,17,8
1784445454586361380,0,125663,37,2917,13801,18,9
1784445454586361380,1,121451,37,2865,13801,17,8
1784445454636361597,0,125663,37,2917,13801,18,9
1784445454636361597,1,121630,38,2865,13801,18,9
1784445454686361413,0,125663,37,2917,13801,18,9
1784445454686361413,1,121630,38,2865,13801,18,9
1784445454736361845,0,125556,37,2917,13801,17,8
1784445454736361845,1,121630,38,2865,13801,18,9
1784445454786361909,0,125556,37,2917,13801,17,8
1784445454786361909,1,121630,38,2865,13801,18,9
1784445454836361660,0,125556,37,2917,13801,17,8
1784445454836361660,1,121630,38,2865,13801,18,9
1784445454886361530,0,125556,37,2917,13801,17,8
1784445454886361530,1,121630,38,2865,13801,18,9
1784445454936361694,0,125556,37,2917,13801,17,8
1784445454936361694,1,121630,38,2865,13801,18,9
1784445454986361287,0,125556,37,2917,13801,17,8
1784445454986361287,1,121630,38,2865,13801,18,9
1784445455036361664,0,125556,37,2917,13801,17,8
1784445455036361664,1,121630,38,2865,13801,18,9
1784445455086350210,0,125556,37,2917,13801,17,8
1784445455086350210,1,121630,38,2865,13801,18,9
1784445455136360348,0,125556,37,2917,13801,17,8
1784445455136360348,1,121971,38,2865,13801,17,8
1784445455186352386,0,125556,37,2917,13801,17,8
1784445455186352386,1,121971,38,2865,13801,17,8
1784445455236361584,0,125813,37,2917,13801,18,9
1784445455236361584,1,121971,38,2865,13801,17,8
1784445455286348832,0,125813,37,2917,13801,18,9
1784445455286348832,1,121971,38,2865,13801,17,8
1784445455336360465,0,125813,37,2917,13801,18,9
1784445455336360465,1,121971,38,2865,13801,17,8
1784445455386350124,0,125813,37,2917,13801,18,9
1784445455386350124,1,121971,38,2865,13801,17,8
1784445455436360466,0,125813,37,2917,13801,18,9
1784445455436360466,1,121971,38,2865,13801,17,8
1784445455486352963,0,125813,37,2917,13801,18,9
1784445455486352963,1,121971,38,2865,13801,17,8
1784445455536360134,0,125813,37,2917,13801,18,9
1784445455536360134,1,121971,38,2865,13801,17,8
1784445455586350172,0,125813,37,2917,13801,18,9
1784445455586350172,1,121971,38,2865,13801,17,8
1784445455636359603,0,125813,37,2917,13801,18,9
1784445455636359603,1,122192,38,2865,13801,18,9
1784445455686350770,0,125813,37,2917,13801,18,9
1784445455686350770,1,122192,38,2865,13801,18,9
1784445455736359471,0,126032,37,2917,13801,18,8
1784445455736359471,1,122192,38,2865,13801,18,9
1784445455786353451,0,126032,37,2917,13801,18,8
1784445455786353451,1,122192,38,2865,13801,18,9
1784445455836359563,0,126032,37,2917,13801,18,8
1784445455836359563,1,122192,38,2865,13801,18,9
1784445455886362490,0,126032,37,2917,13801,18,8
1784445455886362490,1,122192,38,2865,13801,18,9
1784445455936360075,0,126032,37,2917,13801,18,8
1784445455936360075,1,122192,38,2865,13801,18,9
1784445455986359177,0,126032,37,2917,13801,18,8
1784445455986359177,1,122192,38,2865,13801,18,9
1784445456036361176,0,126032,37,2917,13801,18,8
1784445456036361176,1,122192,38,2865,13801,18,9
1784445456086361279,0,126032,37,2917,13801,18,8
1784445456086361279,1,122192,38,2865,13801,18,9
1784445456136358825,0,126032,37,2917,13801,18,8
1784445456136358825,1,122175,38,2865,13801,17,8
1784445456186359800,0,126032,37,2917,13801,18,8
1784445456186359800,1,122175,38,2865,13801,17,8
1784445456236360455,0,126050,37,2917,13801,18,9
1784445456236360455,1,122175,38,2865,13801,17,8
1784445456286359892,0,126050,37,2917,13801,18,9
1784445456286359892,1,122175,38,2865,13801,17,8
1784445456336359370,0,126050,37,2917,13801,18,9
1784445456336359370,1,122175,38,2865,13801,17,8
1784445456386359840,0,126050,37,2917,13801,18,9
1784445456386359840,1,122175,38,2865,13801,17,8
1784445456436359868,0,126050,37,2917,13801,18,9
1784445456436359868,1,122175,38,2865,13801,17,8
1784445456486359726,0,126050,37,2917,13801,18,9
1784445456486359726,1,122175,38,2865,13801,17,8
1784445456536359312,0,126050,37,2917,13801,18,9
1784445456536359312,1,122175,38,2865,13801,17,8
1784445456586384720,0,126050,37,2917,13801,18,9
1784445456586384720,1,122175,38,2865,13801,17,8
1784445456636359141,0,126050,37,2917,13801,18,9
1784445456636359141,1,121644,38,2865,13801,17,9
1784445456686361170,0,126050,37,2917,13801,18,9
1784445456686361170,1,121644,38,2865,13801,17,9
1784445456736361533,0,125889,37,2917,13801,17,8
1784445456736361533,1,121644,38,2865,13801,17,9
1784445456786361513,0,125889,37,2917,13801,17,8
1784445456786361513,1,121644,38,2865,13801,17,9
1784445456836359284,0,125889,37,2917,13801,17,8
1784445456836359284,1,121644,38,2865,13801,17,9
1784445456886359736,0,125889,37,2917,13801,17,8
1784445456886359736,1,121644,38,2865,13801,17,9
1784445456936361896,0,125889,37,2917,13801,17,8
1784445456936361896,1,121644,38,2865,13801,17,9
1784445456986362367,0,125889,37,2917,13801,17,8
1784445456986362367,1,121644,38,2865,13801,17,9
1784445457036360391,0,125889,37,2917,13801,17,8
1784445457036360391,1,121644,38,2865,13801,17,9
1784445457086360261,0,125889,37,2917,13801,17,8
1784445457086360261,1,121644,38,2865,13801,17,9
1784445457136366278,0,125889,37,2917,13801,17,8
1784445457136366278,1,121310,38,2865,13801,17,9
1784445457186350665,0,125889,37,2917,13801,17,8
1784445457186350665,1,121310,38,2865,13801,17,9
1784445457236362877,0,126085,37,2917,13801,18,9
1784445457236362877,1,121310,38,2865,13801,17,9
1784445457286363164,0,126085,37,2917,13801,18,9
1784445457286363164,1,121310,38,2865,13801,17,9
1784445457336361880,0,126085,37,2917,13801,18,9
1784445457336361880,1,121310,38,2865,13801,17,9
1784445457386362273,0,126085,37,2917,13801,18,9
1784445457386362273,1,121310,38,2865,13801,17,9
1784445457436359995,0,126085,37,2917,13801,18,9
1784445457436359995,1,121310,38,2865,13801,17,9
1784445457486360640,0,126085,37,2917,13801,18,9
1784445457486360640,1,121310,38,2865,13801,17,9
1784445457536361082,0,126085,37,2917,13801,18,9
1784445457536361082,1,121310,38,2865,13801,17,9
1784445457586350264,0,126085,37,2917,13801,18,9
1784445457586350264,1,121310,38,2865,13801,17,9
1784445457636392456,0,126085,37,2917,13801,18,9
1784445457636392456,1,121370,38,2865,13801,17,8
1784445457686353278,0,126085,37,2917,13801,18,9
1784445457686353278,1,121370,38,2865,13801,17,8
1784445457736361801,0,126108,37,2917,13801,17,8
1784445457736361801,1,121370,38,2865,13801,17,8
1784445457786365308,0,126108,37,2917,13801,17,8
1784445457786365308,1,121370,38,2865,13801,17,8
1784445457836362036,0,126108,37,2917,13801,17,8
1784445457836362036,1,121370,38,2865,13801,17,8
1784445457886363791,0,126108,37,2917,13801,17,8
1784445457886363791,1,121370,38,2865,13801,17,8
1784445457936364033,0,126108,37,2917,13801,17,8
1784445457936364033,1,121370,38,2865,13801,17,8
1784445457986362078,0,126108,37,2917,13801,17,8
1784445457986362078,1,121370,38,2865,13801,17,8
1784445458036359916,0,126108,37,2917,13801,17,8
1784445458036359916,1,121370,38,2865,13801,17,8
1784445458086358170,0,126108,37,2917,13801,17,8
1784445458086358170,1,121370,38,2865,13801,17,8
1784445458136360240,0,126108,37,2917,13801,17,8
1784445458136360240,1,121004,38,2865,13801,18,9
1784445458186359669,0,126108,37,2917,13801,17,8
1784445458186359669,1,121004,38,2865,13801,18,9
1784445458236361986,0,125967,37,2917,13801,18,9
1784445458236361986,1,121004,38,2865,13801,18,9
1784445458286363680,0,125967,37,2917,13801,18,9
1784445458286363680,1,121004,38,2865,13801,18,9
1784445458336364267,0,125967,37,2917,13801,18,9
1784445458336364267,1,121004,38,2865,13801,18,9
1784445458386369652,0,125967,37,2917,13801,18,9
1784445458386369652,1,121004,38,2865,13801,18,9
1784445458436364956,0,125967,37,2917,13801,18,9
1784445458436364956,1,121004,38,2865,13801,18,9
1784445458486363508,0,125967,37,2917,13801,18,9
1784445458486363508,1,121004,38,2865,13801,18,9
1784445458536363652,0,125967,37,2917,13801,18,9
1784445458536363652,1,121004,38,2865,13801,18,9
1784445458586361029,0,125967,37,2917,13801,18,9
1784445458586361029,1,121004,38,2865,13801,18,9
1784445458636361273,0,125967,37,2917,13801,18,9
1784445458636361273,1,121180,38,2865,13801,18,9
1784445458686389593,0,125967,37,2917,13801,18,9
1784445458686389593,1,121180,38,2865,13801,18,9
1784445458736365880,0,125574,37,2917,13801,17,8
1784445458736365880,1,121180,38,2865,13801,18,9
1784445458786362603,0,125574,37,2917,13801,17,8
1784445458786362603,1,121180,38,2865,13801,18,9
1784445458836362528,0,125574,37,2917,13801,17,8
1784445458836362528,1,121180,38,2865,13801,18,9
1784445458886392891,0,125574,37,2917,13801,17,8
1784445458886392891,1,121180,38,2865,13801,18,9
1784445458936363509,0,125574,37,2917,13801,17,8
1784445458936363509,1,121180,38,2865,13801,18,9
1784445458986352872,0,125574,37,2917,13801,17,8
1784445458986352872,1,121180,38,2865,13801,18,9
1784445459036362281,0,125574,37,2917,13801,17,8
1784445459036362281,1,121180,38,2865,13801,18,9
1784445459086355713,0,125574,37,2917,13801,17,8
1784445459086355713,1,121180,38,2865,13801,18,9
1784445459136362035,0,125574,37,2917,13801,17,8
1784445459136362035,1,121490,38,2865,13801,17,8
1784445459186370268,0,125574,37,2917,13801,17,8
1784445459186370268,1,121490,38,2865,13801,17,8
1784445459236359108,0,125484,37,2917,13801,18,9
1784445459236359108,1,121490,38,2865,13801,17,8
1784445459286362343,0,125484,37,2917,13801,18,9
1784445459286362343,1,121490,38,2865,13801,17,8
1784445459336362512,0,125484,37,2917,13801,18,9
1784445459336362512,1,121490,38,2865,13801,17,8
1784445459386360553,0,125484,37,2917,13801,18,9
1784445459386360553,1,121490,38,2865,13801,17,8
1784445459436362209,0,125484,37,2917,13801,18,9
1784445459436362209,1,121490,38,2865,13801,17,8
1784445459486360260,0,125484,37,2917,13801,18,9
1784445459486360260,1,121490,38,2865,13801,17,8
1784445459536360715,0,125484,37,2917,13801,18,9
1784445459536360715,1,121490,38,2865,13801,17,8
1784445459586358983,0,125484,37,2917,13801,18,9
1784445459586358983,1,121490,38,2865,13801,17,8
1784445459636363517,0,125484,37,2917,13801,18,9
1784445459636363517,1,121251,38,2865,13801,17,8
1784445459686360516,0,125484,37,2917,13801,18,9
1784445459686360516,1,121251,38,2865,13801,17,8
1784445459736360479,0,125587,37,2917,13801,17,8
1784445459736360479,1,121251,38,2865,13801,17,8
1784445459786360293,0,125587,37,2917,13801,17,8
1784445459786360293,1,121251,38,2865,13801,17,8
1784445459836359200,0,125587,37,2917,13801,17,8
1784445459836359200,1,121251,38,2865,13801,17,8
1784445459886353263,0,125587,37,2917,13801,17,8
1784445459886353263,1,121251,38,2865,13801,17,8
1784445459936363143,0,125587,37,2917,13801,17,8
1784445459936363143,1,121251,38,2865,13801,17,8
1784445459986357309,0,125587,37,2917,13801,17,8
1784445459986357309,1,121251,38,2865,13801,17,8
1784445460036364047,0,125587,37,2917,13801,17,8
1784445460036364047,1,121251,38,2865,13801,17,8
1784445460086364275,0,125587,37,2917,13801,17,8
1784445460086364275,1,121251,38,2865,13801,17,8
1784445460136360507,0,125587,37,2917,13801,17,8
1784445460136360507,1,117347,36,2865,13801,5,3
1784445460186360290,0,125587,37,2917,13801,17,8
1784445460186360290,1,117347,36,2865,13801,5,3
1784445460236360968,0,103548,35,2400,13801,0,0
1784445460236360968,1,117347,36,2865,13801,5,3
1784445460286362199,0,103548,35,2400,13801,0,0
1784445460286362199,1,117347,36,2865,13801,5,3
1784445460336362571,0,103548,35,2400,13801,0,0
1784445460336362571,1,117347,36,2865,13801,5,3
1784445460386361212,0,103548,35,2400,13801,0,0
1784445460386361212,1,117347,36,2865,13801,5,3
1784445460436362002,0,103548,35,2400,13801,0,0
1784445460436362002,1,117347,36,2865,13801,5,3
1784445460486359699,0,103548,35,2400,13801,0,0
1784445460486359699,1,117347,36,2865,13801,5,3
1784445460536360920,0,103548,35,2400,13801,0,0
1784445460536360920,1,117347,36,2865,13801,5,3
1784445460586359586,0,103548,35,2400,13801,0,0
1784445460586359586,1,117347,36,2865,13801,5,3
1784445460636363124,0,103548,35,2400,13801,0,0
1784445460636363124,1,88845,36,2400,13801,0,0
1784445460686361245,0,103548,35,2400,13801,0,0
1784445460686361245,1,88845,36,2400,13801,0,0
1784445460736359579,0,68985,34,2400,13801,0,0
1784445460736359579,1,88845,36,2400,13801,0,0
1784445460786359335,0,68985,34,2400,13801,0,0
1784445460786359335,1,88845,36,2400,13801,0,0
1784445460836359489,0,68985,34,2400,13801,0,0
1784445460836359489,1,88845,36,2400,13801,0,0
1784445460886362290,0,68985,34,2400,13801,0,0
1784445460886362290,1,88845,36,2400,13801,0,0
1784445460936359542,0,68985,34,2400,13801,0,0
1784445460936359542,1,88845,36,2400,13801,0,0
1784445460986364513,0,68985,34,2400,13801,0,0
1784445460986364513,1,88845,36,2400,13801,0,0
1784445461036363673,0,68985,34,2400,13801,0,0
1784445461036363673,1,88845,36,2400,13801,0,0
1784445461086361053,0,68985,34,2400,13801,0,0
1784445461086361053,1,88845,36,2400,13801,0,0
1784445461136361790,0,68985,34,2400,13801,0,0
1784445461136361790,1,65723,35,2400,13801,0,0
1784445461186361859,0,68985,34,2400,13801,0,0
1784445461186361859,1,65723,35,2400,13801,0,0
1784445461236361829,0,72474,36,2797,13801,20,12
1784445461236361829,1,65723,35,2400,13801,0,0
1784445461286360372,0,72474,36,2797,13801,20,12
1784445461286360372,1,65723,35,2400,13801,0,0
1784445461336361431,0,72474,36,2797,13801,20,12
1784445461336361431,1,65723,35,2400,13801,0,0
1784445461386359750,0,72474,36,2797,13801,20,12
1784445461386359750,1,65723,35,2400,13801,0,0
1784445461436360058,0,72474,36,2797,13801,20,12
1784445461436360058,1,65723,35,2400,13801,0,0
1784445461486360910,0,72474,36,2797,13801,20,12
1784445461486360910,1,65723,35,2400,13801,0,0
1784445461536360111,0,72474,36,2797,13801,20,12
1784445461536360111,1,65723,35,2400,13801,0,0
1784445461586360059,0,72474,36,2797,13801,20,12
1784445461586360059,1,65723,35,2400,13801,0,0
1784445461636360033,0,72474,36,2797,13801,20,12
1784445461636360033,1,88896,37,2842,13801,15,7
1784445461686360050,0,72474,36,2797,13801,20,12
1784445461686360050,1,88896,37,2842,13801,15,7
1784445461736361014,0,104760,36,2917,13801,16,7
1784445461736361014,1,88896,37,2842,13801,15,7
1784445461786359281,0,104760,36,2917,13801,16,7
1784445461786359281,1,88896,37,2842,13801,15,7
1784445461836359675,0,104760,36,2917,13801,16,7
1784445461836359675,1,88896,37,2842,13801,15,7
1784445461886360175,0,104760,36,2917,13801,16,7
1784445461886360175,1,88896,37,2842,13801,15,7
1784445461936359689,0,104760,36,2917,13801,16,7
1784445461936359689,1,88896,37,2842,13801,15,7
1784445461986359364,0,104760,36,2917,13801,16,7
1784445461986359364,1,88896,37,2842,13801,15,7
1784445462036360836,0,104760,36,2917,13801,16,7
1784445462036360836,1,88896,37,2842,13801,15,7
1784445462086359365,0,104760,36,2917,13801,16,7
1784445462086359365,1,88896,37,2842,13801,15,7
1784445462136359179,0,104760,36,2917,13801,16,7
1784445462136359179,1,109861,37,2865,13801,16,7
1784445462186359432,0,104760,36,2917,13801,16,7
1784445462186359432,1,109861,37,2865,13801,16,7
1784445462236359783,0,124338,37,2917,13801,17,8
1784445462236359783,1,109861,37,2865,13801,16,7
1784445462286359598,0,124338,37,2917,13801,17,8
1784445462286359598,1,109861,37,2865,13801,16,7
1784445462336360899,0,124338,37,2917,13801,17,8
1784445462336360899,1,109861,37,2865,13801,16,7
1784445462386359162,0,124338,37,2917,13801,17,8
1784445462386359162,1,109861,37,2865,13801,16,7
1784445462436359506,0,124338,37,2917,13801,17,8
1784445462436359506,1,109861,37,2865,13801,16,7
1784445462486359158,0,124338,37,2917,13801,17,8
1784445462486359158,1,109861,37,2865,13801,16,7
1784445462536359717,0,124338,37,2917,13801,17,8
1784445462536359717,1,109861,37,2865,13801,16,7
1784445462586358814,0,124338,37,2917,13801,17,8
1784445462586358814,1,109861,37,2865,13801,16,7
1784445462636359732,0,124338,37,2917,13801,17,8
1784445462636359732,1,115755,37,2865,13801,16,7
1784445462686359927,0,124338,37,2917,13801,17,8
1784445462686359927,1,115755,37,2865,13801,16,7
1784445462736359799,0,121888,37,2917,13801,17,8
1784445462736359799,1,115755,37,2865,13801,16,7
1784445462786359656,0,121888,37,2917,13801,17,8
1784445462786359656,1,115755,37,2865,13801,16,7
1784445462836360329,0,121888,37,2917,13801,17,8
1784445462836360329,1,115755,37,2865,13801,16,7
1784445462886359546,0,121888,37,2917,13801,17,8
1784445462886359546,1,115755,37,2865,13801,16,7
1784445462936359912,0,121888,37,2917,13801,17,8
1784445462936359912,1,115755,37,2865,13801,16,7
1784445462986358973,0,121888,37,2917,13801,17,8
1784445462986358973,1,115755,37,2865,13801,16,7
1784445463036360915,0,121888,37,2917,13801,17,8
1784445463036360915,1,115755,37,2865,13801,16,7
1784445463086359585,0,121888,37,2917,13801,17,8
1784445463086359585,1,115755,37,2865,13801,16,7
1784445463136360194,0,121888,37,2917,13801,17,8
1784445463136360194,1,117242,37,2865,13801,17,8
1784445463186359699,0,121888,37,2917,13801,17,8
1784445463186359699,1,117242,37,2865,13801,17,8
1784445463236360467,0,123641,37,2917,13801,18,9
1784445463236360467,1,117242,37,2865,13801,17,8
1784445463286358865,0,123641,37,2917,13801,18,9
1784445463286358865,1,117242,37,2865,13801,17,8
1784445463336361818,0,123641,37,2917,13801,18,9
1784445463336361818,1,117242,37,2865,13801,17,8
1784445463386359487,0,123641,37,2917,13801,18,9
1784445463386359487,1,117242,37,2865,13801,17,8
1784445463436359862,0,123641,37,2917,13801,18,9
1784445463436359862,1,117242,37,2865,13801,17,8
1784445463486359321,0,123641,37,2917,13801,18,9
1784445463486359321,1,117242,37,2865,13801,17,8
1784445463536360910,0,123641,37,2917,13801,18,9
1784445463536360910,1,117242,37,2865,13801,17,8
1784445463586359158,0,123641,37,2917,13801,18,9
1784445463586359158,1,117242,37,2865,13801,17,8
1784445463636359474,0,123641,37,2917,13801,18,9
1784445463636359474,1,118559,38,2865,13801,17,8
1784445463686360672,0,123641,37,2917,13801,18,9
1784445463686360672,1,118559,38,2865,13801,17,8
1784445463736360735,0,124662,37,2917,13801,17,8
1784445463736360735,1,118559,38,2865,13801,17,8
1784445463786359541,0,124662,37,2917,13801,17,8
1784445463786359541,1,118559,38,2865,13801,17,8
1784445463836360382,0,124662,37,2917,13801,17,8
1784445463836360382,1,118559,38,2865,13801,17,8
1784445463886359919,0,124662,37,2917,13801,17,8
1784445463886359919,1,118559,38,2865,13801,17,8
1784445463936359781,0,124662,37,2917,13801,17,8
1784445463936359781,1,118559,38,2865,13801,17,8
1784445463986358831,0,124662,37,2917,13801,17,8
1784445463986358831,1,118559,38,2865,13801,17,8
1784445464036361318,0,124662,37,2917,13801,17,8
1784445464036361318,1,118559,38,2865,13801,17,8
1784445464086359245,0,124662,37,2917,13801,17,8
1784445464086359245,1,118559,38,2865,13801,17,8
1784445464136359742,0,124662,37,2917,13801,17,8
1784445464136359742,1,120816,38,2865,13801,17,9
1784445464186359622,0,124662,37,2917,13801,17,8
1784445464186359622,1,120816,38,2865,13801,17,9
1784445464236360828,0,125085,37,2917,13801,18,9
1784445464236360828,1,120816,38,2865,13801,17,9
1784445464286359383,0,125085,37,2917,13801,18,9
1784445464286359383,1,120816,38,2865,13801,17,9
1784445464336362034,0,125085,37,2917,13801,18,9
1784445464336362034,1,120816,38,2865,13801,17,9
1784445464386359072,0,125085,37,2917,13801,18,9
1784445464386359072,1,120816,38,2865,13801,17,9
1784445464436359523,0,125085,37,2917,13801,18,9
1784445464436359523,1,120816,38,2865,13801,17,9
1784445464486359301,0,125085,37,2917,13801,18,9
1784445464486359301,1,120816,38,2865,13801,17,9
1784445464536358957,0,125085,37,2917,13801,18,9
1784445464536358957,1,120816,38,2865,13801,17,9
1784445464586365925,0,125085,37,2917,13801,18,9
1784445464586365925,1,120816,38,2865,13801,17,9
1784445464636361099,0,125085,37,2917,13801,18,9
1784445464636361099,1,121038,38,2865,13801,17,8
1784445464686359423,0,125085,37,2917,13801,18,9
1784445464686359423,1,121038,38,2865,13801,17,8
1784445464736359797,0,125195,37,2917,13801,17,8
1784445464736359797,1,121038,38,2865,13801,17,8
1784445464786359197,0,125195,37,2917,13801,17,8
1784445464786359197,1,121038,38,2865,13801,17,8
1784445464836360583,0,125195,37,2917,13801,17,8
1784445464836360583,1,121038,38,2865,13801,17,8
1784445464886360245,0,125195,37,2917,13801,17,8
1784445464886360245,1,121038,38,2865,13801,17,8
1784445464936359911,0,125195,37,2917,13801,17,8
1784445464936359911,1,121038,38,2865,13801,17,8
1784445464986358784,0,125195,37,2917,13801,17,8
1784445464986358784,1,121038,38,2865,13801,17,8
1784445465036361340,0,125195,37,2917,13801,17,8
1784445465036361340,1,121038,38,2865,13801,17,8
1784445465086359790,0,125195,37,2917,13801,17,8
1784445465086359790,1,121038,38,2865,13801,17,8
1784445465136359834,0,125195,37,2917,13801,17,8
1784445465136359834,1,121214,38,2865,13801,17,8
1784445465186360204,0,125195,37,2917,13801,17,8
1784445465186360204,1,121214,38,2865,13801,17,8
1784445465236360610,0,125738,37,2917,13801,17,8
1784445465236360610,1,121214,38,2865,13801,17,8
1784445465286360099,0,125738,37,2917,13801,17,8
1784445465286360099,1,121214,38,2865,13801,17,8
1784445465336361590,0,125738,37,2917,13801,17,8
1784445465336361590,1,121214,38,2865,13801,17,8
1784445465386361321,0,125738,37,2917,13801,17,8
1784445465386361321,1,121214,38,2865,13801,17,8
1784445465436360418,0,125738,37,2917,13801,17,8
1784445465436360418,1,121214,38,2865,13801,17,8
1784445465486359934,0,125738,37,2917,13801,17,8
1784445465486359934,1,121214,38,2865,13801,17,8
1784445465536360612,0,125738,37,2917,13801,17,8
1784445465536360612,1,121214,38,2865,13801,17,8
1784445465586360704,0,125738,37,2917,13801,17,8
1784445465586360704,1,121214,38,2865,13801,17,8
1784445465636358986,0,125738,37,2917,13801,17,8
1784445465636358986,1,121642,38,2865,13801,17,9
1784445465686354567,0,125738,37,2917,13801,17,8
1784445465686354567,1,121642,38,2865,13801,17,9
1784445465736361156,0,126170,37,2917,13801,17,8
1784445465736361156,1,121642,38,2865,13801,17,9
1784445465786358920,0,126170,37,2917,13801,17,8
1784445465786358920,1,121642,38,2865,13801,17,9
1784445465836358830,0,126170,37,2917,13801,17,8
1784445465836358830,1,121642,38,2865,13801,17,9
1784445465886360792,0,126170,37,2917,13801,17,8
1784445465886360792,1,121642,38,2865,13801,17,9
1784445465936362471,0,126170,37,2917,13801,17,8
1784445465936362471,1,121642,38,2865,13801,17,9
1784445465986362458,0,126170,37,2917,13801,17,8
1784445465986362458,1,121642,38,2865,13801,17,9
1784445466036360947,0,126170,37,2917,13801,17,8
1784445466036360947,1,121642,38,2865,13801,17,9
1784445466086360014,0,126170,37,2917,13801,17,8
1784445466086360014,1,121642,38,2865,13801,17,9
1784445466136359319,0,126170,37,2917,13801,17,8
1784445466136359319,1,121965,38,2865,13801,17,8
1784445466186359343,0,126170,37,2917,13801,17,8
1784445466186359343,1,121965,38,2865,13801,17,8
1784445466236359948,0,126009,37,2917,13801,18,9
1784445466236359948,1,121965,38,2865,13801,17,8
1784445466286359302,0,126009,37,2917,13801,18,9
1784445466286359302,1,121965,38,2865,13801,17,8
1784445466336361474,0,126009,37,2917,13801,18,9
1784445466336361474,1,121965,38,2865,13801,17,8
1784445466386359275,0,126009,37,2917,13801,18,9
1784445466386359275,1,121965,38,2865,13801,17,8
1784445466436359205,0,126009,37,2917,13801,18,9
1784445466436359205,1,121965,38,2865,13801,17,8
1784445466486359591,0,126009,37,2917,13801,18,9
1784445466486359591,1,121965,38,2865,13801,17,8
1784445466536359298,0,126009,37,2917,13801,18,9
1784445466536359298,1,121965,38,2865,13801,17,8
1784445466586359265,0,126009,37,2917,13801,18,9
1784445466586359265,1,121965,38,2865,13801,17,8
1784445466636359774,0,126009,37,2917,13801,18,9
1784445466636359774,1,122034,38,2865,13801,18,9
1784445466686360268,0,126009,37,2917,13801,18,9
1784445466686360268,1,122034,38,2865,13801,18,9
1784445466736358999,0,125611,37,2917,13801,17,8
1784445466736358999,1,122034,38,2865,13801,18,9
1784445466786361381,0,125611,37,2917,13801,17,8
1784445466786361381,1,122034,38,2865,13801,18,9
1784445466836359290,0,125611,37,2917,13801,17,8
1784445466836359290,1,122034,38,2865,13801,18,9
1784445466886360318,0,125611,37,2917,13801,17,8
1784445466886360318,1,122034,38,2865,13801,18,9
1784445466936359985,0,125611,37,2917,13801,17,8
1784445466936359985,1,122034,38,2865,13801,18,9
1784445466986359377,0,125611,37,2917,13801,17,8
1784445466986359377,1,122034,38,2865,13801,18,9
1784445467036361791,0,125611,37,2917,13801,17,8
1784445467036361791,1,122034,38,2865,13801,18,9
1784445467086360946,0,125611,37,2917,13801,17,8
1784445467086360946,1,122034,38,2865,13801,18,9
1784445467136359437,0,125611,37,2917,13801,17,8
1784445467136359437,1,121590,38,2865,13801,17,8
1784445467186357986,0,125611,37,2917,13801,17,8
1784445467186357986,1,121590,38,2865,13801,17,8
1784445467236362049,0,125455,37,2917,13801,18,9
1784445467236362049,1,121590,38,2865,13801,17,8
1784445467286359339,0,125455,37,2917,13801,18,9
1784445467286359339,1,121590,38,2865,13801,17,8
1784445467336361364,0,125455,37,2917,13801,18,9
1784445467336361364,1,121590,38,2865,13801,17,8
1784445467386359765,0,125455,37,2917,13801,18,9
1784445467386359765,1,121590,38,2865,13801,17,8
1784445467436390987,0,125455,37,2917,13801,18,9
1784445467436390987,1,121590,38,2865,13801,17,8
1784445467486364520,0,125455,37,2917,13801,18,9
1784445467486364520,1,121590,38,2865,13801,17,8
1784445467536363116,0,125455,37,2917,13801,18,9
1784445467536363116,1,121590,38,2865,13801,17,8
1784445467586351323,0,125455,37,2917,13801,18,9
1784445467586351323,1,121590,38,2865,13801,17,8
1784445467636363365,0,125455,37,2917,13801,18,9
1784445467636363365,1,121325,38,2865,13801,17,8
1784445467686354273,0,125455,37,2917,13801,18,9
1784445467686354273,1,121325,38,2865,13801,17,8
1784445467736363790,0,125213,37,2917,13801,17,8
1784445467736363790,1,121325,38,2865,13801,17,8
1784445467786355475,0,125213,37,2917,13801,17,8
1784445467786355475,1,121325,38,2865,13801,17,8
1784445467836361039,0,125213,37,2917,13801,17,8
1784445467836361039,1,121325,38,2865,13801,17,8
1784445467886355386,0,125213,37,2917,13801,17,8
1784445467886355386,1,121325,38,2865,13801,17,8
1784445467936362877,0,125213,37,2917,13801,17,8
1784445467936362877,1,121325,38,2865,13801,17,8
1784445467986356154,0,125213,37,2917,13801,17,8
1784445467986356154,1,121325,38,2865,13801,17,8
1784445468036362411,0,125213,37,2917,13801,17,8
1784445468036362411,1,121325,38,2865,13801,17,8
1784445468086351537,0,125213,37,2917,13801,17,8
1784445468086351537,1,121325,38,2865,13801,17,8
1784445468136360659,0,125213,37,2917,13801,17,8
1784445468136360659,1,120741,38,2865,13801,17,8
1784445468186351839,0,125213,37,2917,13801,17,8
1784445468186351839,1,120741,38,2865,13801,17,8
1784445468236362383,0,125011,37,2917,13801,17,8
1784445468236362383,1,120741,38,2865,13801,17,8
1784445468286352611,0,125011,37,2917,13801,17,8
1784445468286352611,1,120741,38,2865,13801,17,8
1784445468336359930,0,125011,37,2917,13801,17,8
1784445468336359930,1,120741,38,2865,13801,17,8
1784445468386353149,0,125011,37,2917,13801,17,8
1784445468386353149,1,120741,38,2865,13801,17,8
1784445468436358748,0,125011,37,2917,13801,17,8
1784445468436358748,1,120741,38,2865,13801,17,8
1784445468486349132,0,125011,37,2917,13801,17,8
1784445468486349132,1,120741,38,2865,13801,17,8
1784445468536358680,0,125011,37,2917,13801,17,8
1784445468536358680,1,120741,38,2865,13801,17,8
1784445468586351774,0,125011,37,2917,13801,17,8
1784445468586351774,1,120741,38,2865,13801,17,8
1784445468636362080,0,125011,37,2917,13801,17,8
1784445468636362080,1,121057,38,2865,13801,17,9
1784445468686349564,0,125011,37,2917,13801,17,8
1784445468686349564,1,121057,38,2865,13801,17,9
1784445468736358893,0,125317,37,2917,13801,17,8
1784445468736358893,1,121057,38,2865,13801,17,9
1784445468786349418,0,125317,37,2917,13801,17,8
1784445468786349418,1,121057,38,2865,13801,17,9
1784445468836359620,0,125317,37,2917,13801,17,8
1784445468836359620,1,121057,38,2865,13801,17,9
1784445468886350046,0,125317,37,2917,13801,17,8
1784445468886350046,1,121057,38,2865,13801,17,9
1784445468936358916,0,125317,37,2917,13801,17,8
1784445468936358916,1,121057,38,2865,13801,17,9
1784445468986349196,0,125317,37,2917,13801,17,8
1784445468986349196,1,121057,38,2865,13801,17,9
1784445469036359875,0,125317,37,2917,13801,17,8
1784445469036359875,1,121057,38,2865,13801,17,9
1784445469086361598,0,125317,37,2917,13801,17,8
1784445469086361598,1,121057,38,2865,13801,17,9
1784445469136361665,0,125317,37,2917,13801,17,8
1784445469136361665,1,121470,38,2865,13801,17,8
1784445469186362144,0,125317,37,2917,13801,17,8
1784445469186362144,1,121470,38,2865,13801,17,8
1784445469236363050,0,125304,37,2917,13801,17,8
1784445469236363050,1,121470,38,2865,13801,17,8
1784445469286361232,0,125304,37,2917,13801,17,8
1784445469286361232,1,121470,38,2865,13801,17,8
1784445469336360118,0,125304,37,2917,13801,17,8
1784445469336360118,1,121470,38,2865,13801,17,8
1784445469386362021,0,125304,37,2917,13801,17,8
1784445469386362021,1,121470,38,2865,13801,17,8
1784445469436361796,0,125304,37,2917,13801,17,8
1784445469436361796,1,121470,38,2865,13801,17,8
1784445469486359783,0,125304,37,2917,13801,17,8
1784445469486359783,1,121470,38,2865,13801,17,8
1784445469536360576,0,125304,37,2917,13801,17,8
1784445469536360576,1,121470,38,2865,13801,17,8
1784445469586352494,0,125304,37,2917,13801,17,8
1784445469586352494,1,121470,38,2865,13801,17,8
1784445469636362281,0,125304,37,2917,13801,17,8
1784445469636362281,1,121206,38,2865,13801,17,8
1784445469686362910,0,125304,37,2917,13801,17,8
1784445469686362910,1,121206,38,2865,13801,17,8
1784445469736358895,0,124938,37,2917,13801,17,8
1784445469736358895,1,121206,38,2865,13801,17,8
1784445469786359849,0,124938,37,2917,13801,17,8
1784445469786359849,1,121206,38,2865,13801,17,8
1784445469836358493,0,124938,37,2917,13801,17,8
1784445469836358493,1,121206,38,2865,13801,17,8
1784445469886361974,0,124938,37,2917,13801,17,8
1784445469886361974,1,121206,38,2865,13801,17,8
1784445469936358622,0,124938,37,2917,13801,17,8
1784445469936358622,1,121206,38,2865,13801,17,8
1784445469986359831,0,124938,37,2917,13801,17,8
1784445469986359831,1,121206,38,2865,13801,17,8
1784445470036359208,0,124938,37,2917,13801,17,8
1784445470036359208,1,121206,38,2865,13801,17,8
1784445470086359927,0,124938,37,2917,13801,17,8
1784445470086359927,1,121206,38,2865,13801,17,8
1784445470136358640,0,124938,37,2917,13801,17,8
1784445470136358640,1,121352,38,2865,13801,17,8
1784445470186362626,0,124938,37,2917,13801,17,8
1784445470186362626,1,121352,38,2865,13801,17,8
1784445470236359461,0,124797,37,2917,13801,17,8
1784445470236359461,1,121352,38,2865,13801,17,8
1784445470286359880,0,124797,37,2917,13801,17,8
1784445470286359880,1,121352,38,2865,13801,17,8
1784445470336358510,0,124797,37,2917,13801,17,8
1784445470336358510,1,121352,38,2865,13801,17,8
1784445470386354250,0,124797,37,2917,13801,17,8
1784445470386354250,1,121352,38,2865,13801,17,8
1784445470436361485,0,124797,37,2917,13801,17,8
1784445470436361485,1,121352,38,2865,13801,17,8
1784445470486353312,0,124797,37,2917,13801,17,8
1784445470486353312,1,121352,38,2865,13801,17,8
1784445470536360905,0,124797,37,2917,13801,17,8
1784445470536360905,1,121352,38,2865,13801,17,8
1784445470586350127,0,124797,37,2917,13801,17,8
1784445470586350127,1,121352,38,2865,13801,17,8
1784445470636359370,0,124797,37,2917,13801,17,8
1784445470636359370,1,121180,38,2865,13801,17,8
1784445470686354294,0,124797,37,2917,13801,17,8
1784445470686354294,1,121180,38,2865,13801,17,8
1784445470736388471,0,125190,38,2917,13801,17,8
1784445470736388471,1,121180,38,2865,13801,17,8
1784445470786363942,0,125190,38,2917,13801,17,8
1784445470786363942,1,121180,38,2865,13801,17,8
1784445470836363389,0,125190,38,2917,13801,17,8
1784445470836363389,1,121180,38,2865,13801,17,8
1784445470886363359,0,125190,38,2917,13801,17,8
1784445470886363359,1,121180,38,2865,13801,17,8
1784445470936362950,0,125190,38,2917,13801,17,8
1784445470936362950,1,121180,38,2865,13801,17,8
1784445470986362925,0,125190,38,2917,13801,17,8
1784445470986362925,1,121180,38,2865,13801,17,8
1784445471036363124,0,125190,38,2917,13801,17,8
1784445471036363124,1,121180,38,2865,13801,17,8
1784445471086363165,0,125190,38,2917,13801,17,8
1784445471086363165,1,121180,38,2865,13801,17,8
1784445471136362605,0,125190,38,2917,13801,17,8
1784445471136362605,1,121259,38,2865,13801,17,8
1784445471186363349,0,125190,38,2917,13801,17,8
1784445471186363349,1,121259,38,2865,13801,17,8
1784445471236364013,0,125884,38,2917,13801,18,9
1784445471236364013,1,121259,38,2865,13801,17,8
1784445471286362665,0,125884,38,2917,13801,18,9
1784445471286362665,1,121259,38,2865,13801,17,8
1784445471336362776,0,125884,38,2917,13801,18,9
1784445471336362776,1,121259,38,2865,13801,17,8
1784445471386350530,0,125884,38,2917,13801,18,9
1784445471386350530,1,121259,38,2865,13801,17,8
1784445471436363583,0,125884,38,2917,13801,18,9
1784445471436363583,1,121259,38,2865,13801,17,8
1784445471486353083,0,125884,38,2917,13801,18,9
1784445471486353083,1,121259,38,2865,13801,17,8
1784445471536362994,0,125884,38,2917,13801,18,9
1784445471536362994,1,121259,38,2865,13801,17,8
1784445471586350593,0,125884,38,2917,13801,18,9
1784445471586350593,1,121259,38,2865,13801,17,8
1784445471636363145,0,125884,38,2917,13801,18,9
1784445471636363145,1,121764,38,2865,13801,17,9
1784445471686351742,0,125884,38,2917,13801,18,9
1784445471686351742,1,121764,38,2865,13801,17,9
1784445471736362333,0,126347,38,2917,13801,17,8
1784445471736362333,1,121764,38,2865,13801,17,9
1784445471786352852,0,126347,38,2917,13801,17,8
1784445471786352852,1,121764,38,2865,13801,17,9
1784445471836364521,0,126347,38,2917,13801,17,8
1784445471836364521,1,121764,38,2865,13801,17,9
1784445471886349113,0,126347,38,2917,13801,17,8
1784445471886349113,1,121764,38,2865,13801,17,9
1784445471936359631,0,126347,38,2917,13801,17,8
1784445471936359631,1,121764,38,2865,13801,17,9
1784445471986349449,0,126347,38,2917,13801,17,8
1784445471986349449,1,121764,38,2865,13801,17,9
1784445472036359781,0,126347,38,2917,13801,17,8
1784445472036359781,1,121764,38,2865,13801,17,9
1784445472086349165,0,126347,38,2917,13801,17,8
1784445472086349165,1,121764,38,2865,13801,17,9
1784445472136359507,0,126347,38,2917,13801,17,8
1784445472136359507,1,122093,38,2865,13801,17,8
1784445472186351607,0,126347,38,2917,13801,17,8
1784445472186351607,1,122093,38,2865,13801,17,8
1784445472236360138,0,126411,38,2917,13801,18,8
1784445472236360138,1,122093,38,2865,13801,17,8
1784445472286349022,0,126411,38,2917,13801,18,8
1784445472286349022,1,122093,38,2865,13801,17,8
1784445472336360596,0,126411,38,2917,13801,18,8
1784445472336360596,1,122093,38,2865,13801,17,8
1784445472386353987,0,126411,38,2917,13801,18,8
1784445472386353987,1,122093,38,2865,13801,17,8
1784445472436360101,0,126411,38,2917,13801,18,8
1784445472436360101,1,122093,38,2865,13801,17,8
1784445472486352586,0,126411,38,2917,13801,18,8
1784445472486352586,1,122093,38,2865,13801,17,8
1784445472536359564,0,126411,38,2917,13801,18,8
1784445472536359564,1,122093,38,2865,13801,17,8
1784445472586352519,0,126411,38,2917,13801,18,8
1784445472586352519,1,122093,38,2865,13801,17,8
1784445472636359199,0,126411,38,2917,13801,18,8
1784445472636359199,1,121832,38,2865,13801,17,8
1784445472686363081,0,126411,38,2917,13801,18,8
1784445472686363081,1,121832,38,2865,13801,17,8
1784445472736362125,0,126353,38,2917,13801,17,8
1784445472736362125,1,121832,38,2865,13801,17,8
1784445472786362061,0,126353,38,2917,13801,17,8
1784445472786362061,1,121832,38,2865,13801,17,8
1784445472836361661,0,126353,38,2917,13801,17,8
1784445472836361661,1,121832,38,2865,13801,17,8
1784445472886361281,0,126353,38,2917,13801,17,8
1784445472886361281,1,121832,38,2865,13801,17,8
1784445472936361054,0,126353,38,2917,13801,17,8
1784445472936361054,1,121832,38,2865,13801,17,8
1784445472986351553,0,126353,38,2917,13801,17,8
1784445472986351553,1,121832,38,2865,13801,17,8
1784445473036361195,0,126353,38,2917,13801,17,8
1784445473036361195,1,121832,38,2865,13801,17,8
1784445473086361482,0,126353,38,2917,13801,17,8
1784445473086361482,1,121832,38,2865,13801,17,8
1784445473136361372,0,126353,38,2917,13801,17,8
1784445473136361372,1,121820,38,2865,13801,18,9
1784445473186361881,0,126353,38,2917,13801,17,8
1784445473186361881,1,121820,38,2865,13801,18,9
1784445473236362887,0,126537,38,2917,13801,18,9
1784445473236362887,1,121820,38,2865,13801,18,9
1784445473286352559,0,126537,38,2917,13801,18,9
1784445473286352559,1,121820,38,2865,13801,18,9
1784445473336361630,0,126537,38,2917,13801,18,9
1784445473336361630,1,121820,38,2865,13801,18,9
1784445473386352683,0,126537,38,2917,13801,18,9
1784445473386352683,1,121820,38,2865,13801,18,9
1784445473436360592,0,126537,38,2917,13801,18,9
1784445473436360592,1,121820,38,2865,13801,18,9
1784445473486349186,0,126537,38,2917,13801,18,9
1784445473486349186,1,121820,38,2865,13801,18,9
1784445473536360014,0,126537,38,2917,13801,18,9
1784445473536360014,1,121820,38,2865,13801,18,9
1784445473586349778,0,126537,38,2917,13801,18,9
1784445473586349778,1,121820,38,2865,13801,18,9
1784445473636360611,0,126537,38,2917,13801,18,9
1784445473636360611,1,121724,38,2865,13801,17,8
1784445473686350454,0,126537,38,2917,13801,18,9
1784445473686350454,1,121724,38,2865,13801,17,8
1784445473736359879,0,126420,38,2917,13801,17,8
1784445473736359879,1,121724,38,2865,13801,17,8
1784445473786349796,0,126420,38,2917,13801,17,8
1784445473786349796,1,121724,38,2865,13801,17,8
1784445473836358571,0,126420,38,2917,13801,17,8
1784445473836358571,1,121724,38,2865,13801,17,8
1784445473886349913,0,126420,38,2917,13801,17,8
1784445473886349913,1,121724,38,2865,13801,17,8
1784445473936358725,0,126420,38,2917,13801,17,8
1784445473936358725,1,121724,38,2865,13801,17,8
1784445473986348907,0,126420,38,2917,13801,17,8
1784445473986348907,1,121724,38,2865,13801,17,8
1784445474036358572,0,126420,38,2917,13801,17,8
1784445474036358572,1,121724,38,2865,13801,17,8
1784445474086365142,0,126420,38,2917,13801,17,8
1784445474086365142,1,121724,38,2865,13801,17,8
1784445474136363818,0,126420,38,2917,13801,17,8
1784445474136363818,1,121557,38,2865,13801,17,9
1784445474186362821,0,126420,38,2917,13801,17,8
1784445474186362821,1,121557,38,2865,13801,17,9
1784445474236359971,0,126449,38,2917,13801,17,8
1784445474236359971,1,121557,38,2865,13801,17,9
1784445474286360834,0,126449,38,2917,13801,17,8
1784445474286360834,1,121557,38,2865,13801,17,9
1784445474336361837,0,126449,38,2917,13801,17,8
1784445474336361837,1,121557,38,2865,13801,17,9
1784445474386363211,0,126449,38,2917,13801,17,8
1784445474386363211,1,121557,38,2865,13801,17,9
1784445474436362911,0,126449,38,2917,13801,17,8
1784445474436362911,1,121557,38,2865,13801,17,9
1784445474486361753,0,126449,38,2917,13801,17,8
1784445474486361753,1,121557,38,2865,13801,17,9
1784445474536362440,0,126449,38,2917,13801,17,8
1784445474536362440,1,121557,38,2865,13801,17,9
1784445474586362845,0,126449,38,2917,13801,17,8
1784445474586362845,1,121557,38,2865,13801,17,9
1784445474636362059,0,126449,38,2917,13801,17,8
1784445474636362059,1,121908,38,2865,13801,17,9
1784445474686361656,0,126449,38,2917,13801,17,8
1784445474686361656,1,121908,38,2865,13801,17,9
1784445474736362817,0,125973,38,2917,13801,17,8
1784445474736362817,1,121908,38,2865,13801,17,9
1784445474786363367,0,125973,38,2917,13801,17,8
1784445474786363367,1,121908,38,2865,13801,17,9
1784445474836361507,0,125973,38,2917,13801,17,8
1784445474836361507,1,121908,38,2865,13801,17,9
1784445474886362261,0,125973,38,2917,13801,17,8
1784445474886362261,1,121908,38,2865,13801,17,9
1784445474936364323,0,125973,38,2917,13801,17,8
1784445474936364323,1,121908,38,2865,13801,17,9
1784445474986363114,0,125973,38,2917,13801,17,8
1784445474986363114,1,121908,38,2865,13801,17,9
1784445475036362365,0,125973,38,2917,13801,17,8
1784445475036362365,1,121908,38,2865,13801,17,9
1784445475086361947,0,125973,38,2917,13801,17,8
1784445475086361947,1,121908,38,2865,13801,17,9
1784445475136362573,0,125973,38,2917,13801,17,8
1784445475136362573,1,122214,38,2865,13801,17,8
1784445475186356021,0,125973,38,2917,13801,17,8
1784445475186356021,1,122214,38,2865,13801,17,8
1784445475236361864,0,126117,38,2917,13801,18,9
1784445475236361864,1,122214,38,2865,13801,17,8
1784445475286363320,0,126117,38,2917,13801,18,9
1784445475286363320,1,122214,38,2865,13801,17,8
1784445475336363256,0,126117,38,2917,13801,18,9
1784445475336363256,1,122214,38,2865,13801,17,8
1784445475386355694,0,126117,38,2917,13801,18,9
1784445475386355694,1,122214,38,2865,13801,17,8
1784445475436361786,0,126117,38,2917,13801,18,9
1784445475436361786,1,122214,38,2865,13801,17,8
1784445475486361999,0,126117,38,2917,13801,18,9
1784445475486361999,1,122214,38,2865,13801,17,8
1784445475536363196,0,126117,38,2917,13801,18,9
1784445475536363196,1,122214,38,2865,13801,17,8
1784445475586360173,0,126117,38,2917,13801,18,9
1784445475586360173,1,122214,38,2865,13801,17,8
1784445475636361384,0,126117,38,2917,13801,18,9
1784445475636361384,1,122186,38,2865,13801,18,9
1784445475686363545,0,126117,38,2917,13801,18,9
1784445475686363545,1,122186,38,2865,13801,18,9
1784445475736363190,0,126390,38,2917,13801,17,8
1784445475736363190,1,122186,38,2865,13801,18,9
1784445475786360967,0,126390,38,2917,13801,17,8
1784445475786360967,1,122186,38,2865,13801,18,9
1784445475836361923,0,126390,38,2917,13801,17,8
1784445475836361923,1,122186,38,2865,13801,18,9
1784445475886362744,0,126390,38,2917,13801,17,8
1784445475886362744,1,122186,38,2865,13801,18,9
1784445475936363686,0,126390,38,2917,13801,17,8
1784445475936363686,1,122186,38,2865,13801,18,9
1784445475986361127,0,126390,38,2917,13801,17,8
1784445475986361127,1,122186,38,2865,13801,18,9
1784445476036362742,0,126390,38,2917,13801,17,8
1784445476036362742,1,122186,38,2865,13801,18,9
1784445476086362859,0,126390,38,2917,13801,17,8
1784445476086362859,1,122186,38,2865,13801,18,9
1784445476136363252,0,126390,38,2917,13801,17,8
1784445476136363252,1,122134,38,2865,13801,17,8
1784445476186365294,0,126390,38,2917,13801,17,8
1784445476186365294,1,122134,38,2865,13801,17,8
1784445476236361560,0,126287,38,2917,13801,18,9
1784445476236361560,1,122134,38,2865,13801,17,8
1784445476286361242,0,126287,38,2917,13801,18,9
1784445476286361242,1,122134,38,2865,13801,17,8
1784445476336359910,0,126287,38,2917,13801,18,9
1784445476336359910,1,122134,38,2865,13801,17,8
1784445476386360728,0,126287,38,2917,13801,18,9
1784445476386360728,1,122134,38,2865,13801,17,8
1784445476436360689,0,126287,38,2917,13801,18,9
1784445476436360689,1,122134,38,2865,13801,17,8
1784445476486361003,0,126287,38,2917,13801,18,9
1784445476486361003,1,122134,38,2865,13801,17,8
1784445476536356875,0,126287,38,2917,13801,18,9
1784445476536356875,1,122134,38,2865,13801,17,8
1784445476586360625,0,126287,38,2917,13801,18,9
1784445476586360625,1,122134,38,2865,13801,17,8
1784445476636360529,0,126287,38,2917,13801,18,9
1784445476636360529,1,122043,38,2865,13801,18,9
1784445476686362123,0,126287,38,2917,13801,18,9
1784445476686362123,1,122043,38,2865,13801,18,9
1784445476736360778,0,126290,38,2917,13801,17,8
1784445476736360778,1,122043,38,2865,13801,18,9
1784445476786361786,0,126290,38,2917,13801,17,8
1784445476786361786,1,122043,38,2865,13801,18,9
1784445476836361821,0,126290,38,2917,13801,17,8
1784445476836361821,1,122043,38,2865,13801,18,9
1784445476886352846,0,126290,38,2917,13801,17,8
1784445476886352846,1,122043,38,2865,13801,18,9
1784445476936361829,0,126290,38,2917,13801,17,8
1784445476936361829,1,122043,38,2865,13801,18,9
1784445476986361670,0,126290,38,2917,13801,17,8
1784445476986361670,1,122043,38,2865,13801,18,9
1784445477036361117,0,126290,38,2917,13801,17,8
1784445477036361117,1,122043,38,2865,13801,18,9
1784445477086360889,0,126290,38,2917,13801,17,8
1784445477086360889,1,122043,38,2865,13801,18,9
1784445477136362653,0,126290,38,2917,13801,17,8
1784445477136362653,1,121998,38,2865,13801,17,9
1784445477186359080,0,126290,38,2917,13801,17,8
1784445477186359080,1,121998,38,2865,13801,17,9
1784445477236362403,0,126695,38,2917,13801,18,9
1784445477236362403,1,121998,38,2865,13801,17,9
1784445477286352266,0,126695,38,2917,13801,18,9
1784445477286352266,1,121998,38,2865,13801,17,9
1784445477336360385,0,126695,38,2917,13801,18,9
1784445477336360385,1,121998,38,2865,13801,17,9
1784445477386362994,0,126695,38,2917,13801,18,9
1784445477386362994,1,121998,38,2865,13801,17,9
1784445477436361268,0,126695,38,2917,13801,18,9
1784445477436361268,1,121998,38,2865,13801,17,9
1784445477486370722,0,126695,38,2917,13801,18,9
1784445477486370722,1,121998,38,2865,13801,17,9
1784445477536363573,0,126695,38,2917,13801,18,9
1784445477536363573,1,121998,38,2865,13801,17,9
1784445477586362102,0,126695,38,2917,13801,18,9
1784445477586362102,1,121998,38,2865,13801,17,9
1784445477636364143,0,126695,38,2917,13801,18,9
1784445477636364143,1,122196,38,2865,13801,17,8
1784445477686363828,0,126695,38,2917,13801,18,9
1784445477686363828,1,122196,38,2865,13801,17,8
1784445477736392312,0,126303,38,2917,13801,17,8
1784445477736392312,1,122196,38,2865,13801,17,8
1784445477786370060,0,126303,38,2917,13801,17,8
1784445477786370060,1,122196,38,2865,13801,17,8
1784445477836362008,0,126303,38,2917,13801,17,8
1784445477836362008,1,122196,38,2865,13801,17,8
1784445477886357010,0,126303,38,2917,13801,17,8
1784445477886357010,1,122196,38,2865,13801,17,8
1784445477936364469,0,126303,38,2917,13801,17,8
1784445477936364469,1,122196,38,2865,13801,17,8
1784445477986360899,0,126303,38,2917,13801,17,8
1784445477986360899,1,122196,38,2865,13801,17,8
1784445478036360875,0,126303,38,2917,13801,17,8
1784445478036360875,1,122196,38,2865,13801,17,8
1784445478086360356,0,126303,38,2917,13801,17,8
1784445478086360356,1,122196,38,2865,13801,17,8
1784445478136362607,0,126303,38,2917,13801,17,8
1784445478136362607,1,120735,38,2865,13801,17,8
1784445478186386728,0,126303,38,2917,13801,17,8
1784445478186386728,1,120735,38,2865,13801,17,8
1784445478236374049,0,125950,38,2917,13801,17,8
1784445478236374049,1,120735,38,2865,13801,17,8
1784445478286359208,0,125950,38,2917,13801,17,8
1784445478286359208,1,120735,38,2865,13801,17,8
1784445478336362288,0,125950,38,2917,13801,17,8
1784445478336362288,1,120735,38,2865,13801,17,8
1784445478386362274,0,125950,38,2917,13801,17,8
1784445478386362274,1,120735,38,2865,13801,17,8
1784445478436362385,0,125950,38,2917,13801,17,8
1784445478436362385,1,120735,38,2865,13801,17,8
1784445478486360459,0,125950,38,2917,13801,17,8
1784445478486360459,1,120735,38,2865,13801,17,8
1784445478536364298,0,125950,38,2917,13801,17,8
1784445478536364298,1,120735,38,2865,13801,17,8
1784445478586362821,0,125950,38,2917,13801,17,8
1784445478586362821,1,120735,38,2865,13801,17,8
1784445478636362248,0,125950,38,2917,13801,17,8
1784445478636362248,1,120442,38,2865,13801,17,8
1784445478686358709,0,125950,38,2917,13801,17,8
1784445478686358709,1,120442,38,2865,13801,17,8
1784445478736362329,0,96550,36,2400,13801,0,0
1784445478736362329,1,120442,38,2865,13801,17,8
1784445478786360675,0,96550,36,2400,13801,0,0
1784445478786360675,1,120442,38,2865,13801,17,8
1784445478836360987,0,96550,36,2400,13801,0,0
1784445478836360987,1,120442,38,2865,13801,17,8
1784445478886384529,0,96550,36,2400,13801,0,0
1784445478886384529,1,120442,38,2865,13801,17,8
1784445478936362771,0,96550,36,2400,13801,0,0
1784445478936362771,1,120442,38,2865,13801,17,8
1784445478986361099,0,96550,36,2400,13801,0,0
1784445478986361099,1,120442,38,2865,13801,17,8
1784445479036357989,0,96550,36,2400,13801,0,0
1784445479036357989,1,120442,38,2865,13801,17,8
1784445479086354862,0,96550,36,2400,13801,0,0
1784445479086354862,1,120442,38,2865,13801,17,8
1784445479136361091,0,96550,36,2400,13801,0,0
1784445479136361091,1,103084,36,2407,13801,0,0
1784445479186360220,0,96550,36,2400,13801,0,0
1784445479186360220,1,103084,36,2407,13801,0,0
1784445479236360490,0,61802,35,2400,13801,0,0
1784445479236360490,1,103084,36,2407,13801,0,0
1784445479286358258,0,61802,35,2400,13801,0,0
1784445479286358258,1,103084,36,2407,13801,0,0
1784445479336358758,0,61802,35,2400,13801,0,0
1784445479336358758,1,103084,36,2407,13801,0,0
1784445479386360578,0,61802,35,2400,13801,0,0
1784445479386360578,1,103084,36,2407,13801,0,0
1784445479436360694,0,61802,35,2400,13801,0,0
1784445479436360694,1,103084,36,2407,13801,0,0
1784445479486358810,0,61802,35,2400,13801,0,0
1784445479486358810,1,103084,36,2407,13801,0,0
1784445479536359518,0,61802,35,2400,13801,0,0
1784445479536359518,1,103084,36,2407,13801,0,0
1784445479586362069,0,61802,35,2400,13801,0,0
1784445479586362069,1,103084,36,2407,13801,0,0
1784445479636361059,0,61802,35,2400,13801,0,0
1784445479636361059,1,72666,36,2400,13801,0,0
1784445479686356749,0,61802,35,2400,13801,0,0
1784445479686356749,1,72666,36,2400,13801,0,0
1784445479736366581,0,56090,34,2400,13801,0,0
1784445479736366581,1,72666,36,2400,13801,0,0
1784445479786363197,0,56090,34,2400,13801,0,0
1784445479786363197,1,72666,36,2400,13801,0,0
1784445479836358078,0,56090,34,2400,13801,0,0
1784445479836358078,1,72666,36,2400,13801,0,0
1784445479886373400,0,56090,34,2400,13801,0,0
1784445479886373400,1,72666,36,2400,13801,0,0
1784445479936364417,0,56090,34,2400,13801,0,0
1784445479936364417,1,72666,36,2400,13801,0,0
1784445479986353860,0,56090,34,2400,13801,0,0
1784445479986353860,1,72666,36,2400,13801,0,0
1784445480036361594,0,56090,34,2400,13801,0,0
1784445480036361594,1,72666,36,2400,13801,0,0
1784445480086354958,0,56090,34,2400,13801,0,0
1784445480086354958,1,72666,36,2400,13801,0,0
1784445480136361407,0,56090,34,2400,13801,0,0
1784445480136361407,1,86554,37,2820,13801,16,7
1784445480186362474,0,56090,34,2400,13801,0,0
1784445480186362474,1,86554,37,2820,13801,16,7
1784445480236361941,0,82237,37,2910,13801,15,6
1784445480236361941,1,86554,37,2820,13801,16,7
1784445480286354402,0,82237,37,2910,13801,15,6
1784445480286354402,1,86554,37,2820,13801,16,7
1784445480336360561,0,82237,37,2910,13801,15,6
1784445480336360561,1,86554,37,2820,13801,16,7
1784445480386361932,0,82237,37,2910,13801,15,6
1784445480386361932,1,86554,37,2820,13801,16,7
1784445480436362519,0,82237,37,2910,13801,15,6
1784445480436362519,1,86554,37,2820,13801,16,7
1784445480486361977,0,82237,37,2910,13801,15,6
1784445480486361977,1,86554,37,2820,13801,16,7
1784445480536362499,0,82237,37,2910,13801,15,6
1784445480536362499,1,86554,37,2820,13801,16,7
1784445480586361953,0,82237,37,2910,13801,15,6
1784445480586361953,1,86554,37,2820,13801,16,7
1784445480636356958,0,82237,37,2910,13801,15,6
1784445480636356958,1,107340,38,2865,13801,15,7
1784445480686360408,0,82237,37,2910,13801,15,6
1784445480686360408,1,107340,38,2865,13801,15,7
1784445480736361640,0,112948,37,2917,13801,16,7
1784445480736361640,1,107340,38,2865,13801,15,7
1784445480786353868,0,112948,37,2917,13801,16,7
1784445480786353868,1,107340,38,2865,13801,15,7
1784445480836362311,0,112948,37,2917,13801,16,7
1784445480836362311,1,107340,38,2865,13801,15,7
1784445480886377148,0,112948,37,2917,13801,16,7
1784445480886377148,1,107340,38,2865,13801,15,7
1784445480936362217,0,112948,37,2917,13801,16,7
1784445480936362217,1,107340,38,2865,13801,15,7
1784445480986353380,0,112948,37,2917,13801,16,7
1784445480986353380,1,107340,38,2865,13801,15,7
1784445481036361979,0,112948,37,2917,13801,16,7
1784445481036361979,1,107340,38,2865,13801,15,7
1784445481086362324,0,112948,37,2917,13801,16,7
1784445481086362324,1,107340,38,2865,13801,15,7
1784445481136361252,0,112948,37,2917,13801,16,7
1784445481136361252,1,115693,38,2865,13801,16,7
1784445481186361745,0,112948,37,2917,13801,16,7
1784445481186361745,1,115693,38,2865,13801,16,7
1784445481236363201,0,118869,37,2917,13801,16,7
1784445481236363201,1,115693,38,2865,13801,16,7
1784445481286361952,0,118869,37,2917,13801,16,7
1784445481286361952,1,115693,38,2865,13801,16,7
1784445481336360496,0,118869,37,2917,13801,16,7
1784445481336360496,1,115693,38,2865,13801,16,7
1784445481386362336,0,118869,37,2917,13801,16,7
1784445481386362336,1,115693,38,2865,13801,16,7
1784445481436361306,0,118869,37,2917,13801,16,7
1784445481436361306,1,115693,38,2865,13801,16,7
1784445481486354434,0,118869,37,2917,13801,16,7
1784445481486354434,1,115693,38,2865,13801,16,7
1784445481536361141,0,118869,37,2917,13801,16,7
1784445481536361141,1,115693,38,2865,13801,16,7
1784445481586361602,0,118869,37,2917,13801,16,7
1784445481586361602,1,115693,38,2865,13801,16,7
1784445481636360382,0,118869,37,2917,13801,16,7
1784445481636360382,1,117195,38,2865,13801,16,8
1784445481686352650,0,118869,37,2917,13801,16,7
1784445481686352650,1,117195,38,2865,13801,16,8
1784445481736360700,0,121696,38,2917,13801,17,8
1784445481736360700,1,117195,38,2865,13801,16,8
1784445481786352308,0,121696,38,2917,13801,17,8
1784445481786352308,1,117195,38,2865,13801,16,8
1784445481836360597,0,121696,38,2917,13801,17,8
1784445481836360597,1,117195,38,2865,13801,16,8
1784445481886353143,0,121696,38,2917,13801,17,8
1784445481886353143,1,117195,38,2865,13801,16,8
1784445481936360877,0,121696,38,2917,13801,17,8
1784445481936360877,1,117195,38,2865,13801,16,8
1784445481986352848,0,121696,38,2917,13801,17,8
1784445481986352848,1,117195,38,2865,13801,16,8
1784445482036361568,0,121696,38,2917,13801,17,8
1784445482036361568,1,117195,38,2865,13801,16,8
1784445482086353151,0,121696,38,2917,13801,17,8
1784445482086353151,1,117195,38,2865,13801,16,8
1784445482136361471,0,121696,38,2917,13801,17,8
1784445482136361471,1,119216,38,2865,13801,17,8
1784445482186353727,0,121696,38,2917,13801,17,8
1784445482186353727,1,119216,38,2865,13801,17,8
1784445482236360765,0,123546,38,2917,13801,18,8
1784445482236360765,1,119216,38,2865,13801,17,8
1784445482286353244,0,123546,38,2917,13801,18,8
1784445482286353244,1,119216,38,2865,13801,17,8
1784445482336360804,0,123546,38,2917,13801,18,8
1784445482336360804,1,119216,38,2865,13801,17,8
1784445482386353092,0,123546,38,2917,13801,18,8
1784445482386353092,1,119216,38,2865,13801,17,8
1784445482436360229,0,123546,38,2917,13801,18,8
1784445482436360229,1,119216,38,2865,13801,17,8
1784445482486352913,0,123546,38,2917,13801,18,8
1784445482486352913,1,119216,38,2865,13801,17,8
1784445482536360211,0,123546,38,2917,13801,18,8
1784445482536360211,1,119216,38,2865,13801,17,8
1784445482586354883,0,123546,38,2917,13801,18,8
1784445482586354883,1,119216,38,2865,13801,17,8
1784445482636361501,0,123546,38,2917,13801,18,8
1784445482636361501,1,120960,38,2865,13801,17,8
1784445482686358303,0,123546,38,2917,13801,18,8
1784445482686358303,1,120960,38,2865,13801,17,8
1784445482736359680,0,125104,38,2917,13801,17,8
1784445482736359680,1,120960,38,2865,13801,17,8
1784445482786361728,0,125104,38,2917,13801,17,8
1784445482786361728,1,120960,38,2865,13801,17,8
1784445482836361766,0,125104,38,2917,13801,17,8
1784445482836361766,1,120960,38,2865,13801,17,8
1784445482886352169,0,125104,38,2917,13801,17,8
1784445482886352169,1,120960,38,2865,13801,17,8
1784445482936361446,0,125104,38,2917,13801,17,8
1784445482936361446,1,120960,38,2865,13801,17,8
1784445482986352078,0,125104,38,2917,13801,17,8
1784445482986352078,1,120960,38,2865,13801,17,8
1784445483036360494,0,125104,38,2917,13801,17,8
1784445483036360494,1,120960,38,2865,13801,17,8
1784445483086352958,0,125104,38,2917,13801,17,8
1784445483086352958,1,120960,38,2865,13801,17,8
1784445483136360658,0,125104,38,2917,13801,17,8
1784445483136360658,1,121408,38,2865,13801,17,8
1784445483186352846,0,125104,38,2917,13801,17,8
1784445483186352846,1,121408,38,2865,13801,17,8
1784445483236360747,0,125302,38,2917,13801,17,8
1784445483236360747,1,121408,38,2865,13801,17,8
1784445483286352849,0,125302,38,2917,13801,17,8
1784445483286352849,1,121408,38,2865,13801,17,8
1784445483336360232,0,125302,38,2917,13801,17,8
1784445483336360232,1,121408,38,2865,13801,17,8
1784445483386352896,0,125302,38,2917,13801,17,8
1784445483386352896,1,121408,38,2865,13801,17,8
1784445483436360152,0,125302,38,2917,13801,17,8
1784445483436360152,1,121408,38,2865,13801,17,8
1784445483486351482,0,125302,38,2917,13801,17,8
1784445483486351482,1,121408,38,2865,13801,17,8
1784445483536359770,0,125302,38,2917,13801,17,8
1784445483536359770,1,121408,38,2865,13801,17,8
1784445483586353462,0,125302,38,2917,13801,17,8
1784445483586353462,1,121408,38,2865,13801,17,8
1784445483636358871,0,125302,38,2917,13801,17,8
1784445483636358871,1,121365,38,2865,13801,17,8
1784445483686354194,0,125302,38,2917,13801,17,8
1784445483686354194,1,121365,38,2865,13801,17,8
1784445483736359656,0,125370,38,2917,13801,17,8
1784445483736359656,1,121365,38,2865,13801,17,8
1784445483786349303,0,125370,38,2917,13801,17,8
1784445483786349303,1,121365,38,2865,13801,17,8
1784445483836358527,0,125370,38,2917,13801,17,8
1784445483836358527,1,121365,38,2865,13801,17,8
1784445483886348762,0,125370,38,2917,13801,17,8
1784445483886348762,1,121365,38,2865,13801,17,8
1784445483936362325,0,125370,38,2917,13801,17,8
1784445483936362325,1,121365,38,2865,13801,17,8
1784445483986361736,0,125370,38,2917,13801,17,8
1784445483986361736,1,121365,38,2865,13801,17,8
1784445484036362319,0,125370,38,2917,13801,17,8
1784445484036362319,1,121365,38,2865,13801,17,8
1784445484086361595,0,125370,38,2917,13801,17,8
1784445484086361595,1,121365,38,2865,13801,17,8
1784445484136361533,0,125370,38,2917,13801,17,8
1784445484136361533,1,121659,38,2865,13801,17,8
1784445484186361891,0,125370,38,2917,13801,17,8
1784445484186361891,1,121659,38,2865,13801,17,8
1784445484236362352,0,125437,38,2917,13801,18,9
1784445484236362352,1,121659,38,2865,13801,17,8
1784445484286362546,0,125437,38,2917,13801,18,9
1784445484286362546,1,121659,38,2865,13801,17,8
1784445484336361438,0,125437,38,2917,13801,18,9
1784445484336361438,1,121659,38,2865,13801,17,8
1784445484386361534,0,125437,38,2917,13801,18,9
1784445484386361534,1,121659,38,2865,13801,17,8
1784445484436362117,0,125437,38,2917,13801,18,9
1784445484436362117,1,121659,38,2865,13801,17,8
1784445484486360017,0,125437,38,2917,13801,18,9
1784445484486360017,1,121659,38,2865,13801,17,8
1784445484536360426,0,125437,38,2917,13801,18,9
1784445484536360426,1,121659,38,2865,13801,17,8
1784445484586361533,0,125437,38,2917,13801,18,9
1784445484586361533,1,121659,38,2865,13801,17,8
1784445484636360289,0,125437,38,2917,13801,18,9
1784445484636360289,1,121814,38,2865,13801,17,8
1784445484686360075,0,125437,38,2917,13801,18,9
1784445484686360075,1,121814,38,2865,13801,17,8
1784445484736361576,0,125927,38,2917,13801,17,8
1784445484736361576,1,121814,38,2865,13801,17,8
1784445484786360785,0,125927,38,2917,13801,17,8
1784445484786360785,1,121814,38,2865,13801,17,8
1784445484836359967,0,125927,38,2917,13801,17,8
1784445484836359967,1,121814,38,2865,13801,17,8
1784445484886351276,0,125927,38,2917,13801,17,8
1784445484886351276,1,121814,38,2865,13801,17,8
1784445484936361303,0,125927,38,2917,13801,17,8
1784445484936361303,1,121814,38,2865,13801,17,8
1784445484986355648,0,125927,38,2917,13801,17,8
1784445484986355648,1,121814,38,2865,13801,17,8
1784445485036360471,0,125927,38,2917,13801,17,8
1784445485036360471,1,121814,38,2865,13801,17,8
1784445485086360113,0,125927,38,2917,13801,17,8
1784445485086360113,1,121814,38,2865,13801,17,8
1784445485136361333,0,125927,38,2917,13801,17,8
1784445485136361333,1,122045,38,2865,13801,18,9
1784445485186361827,0,125927,38,2917,13801,17,8
1784445485186361827,1,122045,38,2865,13801,18,9
1784445485236358051,0,125904,38,2917,13801,18,9
1784445485236358051,1,122045,38,2865,13801,18,9
1784445485286361851,0,125904,38,2917,13801,18,9
1784445485286361851,1,122045,38,2865,13801,18,9
1784445485336360873,0,125904,38,2917,13801,18,9
1784445485336360873,1,122045,38,2865,13801,18,9
1784445485386353400,0,125904,38,2917,13801,18,9
1784445485386353400,1,122045,38,2865,13801,18,9
1784445485436361622,0,125904,38,2917,13801,18,9
1784445485436361622,1,122045,38,2865,13801,18,9
1784445485486353162,0,125904,38,2917,13801,18,9
1784445485486353162,1,122045,38,2865,13801,18,9
1784445485536361341,0,125904,38,2917,13801,18,9
1784445485536361341,1,122045,38,2865,13801,18,9
1784445485586362180,0,125904,38,2917,13801,18,9
1784445485586362180,1,122045,38,2865,13801,18,9
1784445485636361160,0,125904,38,2917,13801,18,9
1784445485636361160,1,122308,38,2865,13801,17,8
1784445485686360812,0,125904,38,2917,13801,18,9
1784445485686360812,1,122308,38,2865,13801,17,8
1784445485736361372,0,126254,38,2917,13801,17,8
1784445485736361372,1,122308,38,2865,13801,17,8
1784445485786362235,0,126254,38,2917,13801,17,8
1784445485786362235,1,122308,38,2865,13801,17,8
1784445485836359881,0,126254,38,2917,13801,17,8
1784445485836359881,1,122308,38,2865,13801,17,8
1784445485886360177,0,126254,38,2917,13801,17,8
1784445485886360177,1,122308,38,2865,13801,17,8
1784445485936363653,0,126254,38,2917,13801,17,8
1784445485936363653,1,122308,38,2865,13801,17,8
1784445485986353115,0,126254,38,2917,13801,17,8
1784445485986353115,1,122308,38,2865,13801,17,8
1784445486036359801,0,126254,38,2917,13801,17,8
1784445486036359801,1,122308,38,2865,13801,17,8
1784445486086361302,0,126254,38,2917,13801,17,8
1784445486086361302,1,122308,38,2865,13801,17,8
1784445486136361312,0,126254,38,2917,13801,17,8
1784445486136361312,1,122003,38,2865,13801,17,8
1784445486186353673,0,126254,38,2917,13801,17,8
1784445486186353673,1,122003,38,2865,13801,17,8
1784445486236361302,0,126261,38,2917,13801,18,9
1784445486236361302,1,122003,38,2865,13801,17,8
1784445486286362191,0,126261,38,2917,13801,18,9
1784445486286362191,1,122003,38,2865,13801,17,8
1784445486336361337,0,126261,38,2917,13801,18,9
1784445486336361337,1,122003,38,2865,13801,17,8
1784445486386353449,0,126261,38,2917,13801,18,9
1784445486386353449,1,122003,38,2865,13801,17,8
1784445486436361111,0,126261,38,2917,13801,18,9
1784445486436361111,1,122003,38,2865,13801,17,8
1784445486486361182,0,126261,38,2917,13801,18,9
1784445486486361182,1,122003,38,2865,13801,17,8
1784445486536361222,0,126261,38,2917,13801,18,9
1784445486536361222,1,122003,38,2865,13801,17,8
1784445486586360016,0,126261,38,2917,13801,18,9
1784445486586360016,1,122003,38,2865,13801,17,8
1784445486636359507,0,126261,38,2917,13801,18,9
1784445486636359507,1,122050,38,2865,13801,17,9
1784445486686360957,0,126261,38,2917,13801,18,9
1784445486686360957,1,122050,38,2865,13801,17,9
1784445486736362320,0,126219,38,2917,13801,17,8
1784445486736362320,1,122050,38,2865,13801,17,9
1784445486786360521,0,126219,38,2917,13801,17,8
1784445486786360521,1,122050,38,2865,13801,17,9
1784445486836359769,0,126219,38,2917,13801,17,8
1784445486836359769,1,122050,38,2865,13801,17,9
1784445486886352573,0,126219,38,2917,13801,17,8
1784445486886352573,1,122050,38,2865,13801,17,9
1784445486936363640,0,126219,38,2917,13801,17,8
1784445486936363640,1,122050,38,2865,13801,17,9
1784445486986362325,0,126219,38,2917,13801,17,8
1784445486986362325,1,122050,38,2865,13801,17,9
1784445487036360360,0,126219,38,2917,13801,17,8
1784445487036360360,1,122050,38,2865,13801,17,9
1784445487086362339,0,126219,38,2917,13801,17,8
1784445487086362339,1,122050,38,2865,13801,17,9
1784445487136360706,0,126219,38,2917,13801,17,8
1784445487136360706,1,122196,38,2865,13801,17,8
1784445487186360972,0,126219,38,2917,13801,17,8
1784445487186360972,1,122196,38,2865,13801,17,8
1784445487236361969,0,126441,38,2917,13801,18,9
1784445487236361969,1,122196,38,2865,13801,17,8
1784445487286362634,0,126441,38,2917,13801,18,9
1784445487286362634,1,122196,38,2865,13801,17,8
1784445487336361725,0,126441,38,2917,13801,18,9
1784445487336361725,1,122196,38,2865,13801,17,8
1784445487386360451,0,126441,38,2917,13801,18,9
1784445487386360451,1,122196,38,2865,13801,17,8
1784445487436361464,0,126441,38,2917,13801,18,9
1784445487436361464,1,122196,38,2865,13801,17,8
1784445487486351269,0,126441,38,2917,13801,18,9
1784445487486351269,1,122196,38,2865,13801,17,8
1784445487536359360,0,126441,38,2917,13801,18,9
1784445487536359360,1,122196,38,2865,13801,17,8
1784445487586355338,0,126441,38,2917,13801,18,9
1784445487586355338,1,122196,38,2865,13801,17,8
1784445487636362438,0,126441,38,2917,13801,18,9
1784445487636362438,1,122166,38,2865,13801,17,8
1784445487686352357,0,126441,38,2917,13801,18,9
1784445487686352357,1,122166,38,2865,13801,17,8
1784445487736362580,0,126657,38,2917,13801,17,8
1784445487736362580,1,122166,38,2865,13801,17,8
1784445487786362109,0,126657,38,2917,13801,17,8
1784445487786362109,1,122166,38,2865,13801,17,8
1784445487836359953,0,126657,38,2917,13801,17,8
1784445487836359953,1,122166,38,2865,13801,17,8
1784445487886351528,0,126657,38,2917,13801,17,8
1784445487886351528,1,122166,38,2865,13801,17,8
1784445487936363296,0,126657,38,2917,13801,17,8
1784445487936363296,1,122166,38,2865,13801,17,8
1784445487986352660,0,126657,38,2917,13801,17,8
1784445487986352660,1,122166,38,2865,13801,17,8
1784445488036360325,0,126657,38,2917,13801,17,8
1784445488036360325,1,122166,38,2865,13801,17,8
1784445488086360762,0,126657,38,2917,13801,17,8
1784445488086360762,1,122166,38,2865,13801,17,8
1784445488136363475,0,126657,38,2917,13801,17,8
1784445488136363475,1,121074,38,2865,13801,17,8
1784445488186357501,0,126657,38,2917,13801,17,8
1784445488186357501,1,121074,38,2865,13801,17,8
1784445488236364156,0,125891,38,2917,13801,17,8
1784445488236364156,1,121074,38,2865,13801,17,8
1784445488286361756,0,125891,38,2917,13801,17,8
1784445488286361756,1,121074,38,2865,13801,17,8
1784445488336361682,0,125891,38,2917,13801,17,8
1784445488336361682,1,121074,38,2865,13801,17,8
1784445488386353101,0,125891,38,2917,13801,17,8
1784445488386353101,1,121074,38,2865,13801,17,8
1784445488436360591,0,125891,38,2917,13801,17,8
1784445488436360591,1,121074,38,2865,13801,17,8
1784445488486354410,0,125891,38,2917,13801,17,8
1784445488486354410,1,121074,38,2865,13801,17,8
1784445488536361017,0,125891,38,2917,13801,17,8
1784445488536361017,1,121074,38,2865,13801,17,8
1784445488586354708,0,125891,38,2917,13801,17,8
1784445488586354708,1,121074,38,2865,13801,17,8
1784445488636360008,0,125891,38,2917,13801,17,8
1784445488636360008,1,121040,38,2865,13801,17,9
1784445488686349768,0,125891,38,2917,13801,17,8
1784445488686349768,1,121040,38,2865,13801,17,9
1784445488736360983,0,125478,38,2917,13801,17,8
1784445488736360983,1,121040,38,2865,13801,17,9
1784445488786351884,0,125478,38,2917,13801,17,8
1784445488786351884,1,121040,38,2865,13801,17,9
1784445488836360780,0,125478,38,2917,13801,17,8
1784445488836360780,1,121040,38,2865,13801,17,9
1784445488886353818,0,125478,38,2917,13801,17,8
1784445488886353818,1,121040,38,2865,13801,17,9
1784445488936362400,0,125478,38,2917,13801,17,8
1784445488936362400,1,121040,38,2865,13801,17,9
1784445488986361036,0,125478,38,2917,13801,17,8
1784445488986361036,1,121040,38,2865,13801,17,9
1784445489036360681,0,125478,38,2917,13801,17,8
1784445489036360681,1,121040,38,2865,13801,17,9
1784445489086362525,0,125478,38,2917,13801,17,8
1784445489086362525,1,121040,38,2865,13801,17,9
1784445489136364075,0,125478,38,2917,13801,17,8
1784445489136364075,1,121760,38,2865,13801,17,8
1784445489186361112,0,125478,38,2917,13801,17,8
1784445489186361112,1,121760,38,2865,13801,17,8
1784445489236362107,0,125128,38,2917,13801,17,8
1784445489236362107,1,121760,38,2865,13801,17,8
1784445489286362023,0,125128,38,2917,13801,17,8
1784445489286362023,1,121760,38,2865,13801,17,8
1784445489336362010,0,125128,38,2917,13801,17,8
1784445489336362010,1,121760,38,2865,13801,17,8
1784445489386361089,0,125128,38,2917,13801,17,8
1784445489386361089,1,121760,38,2865,13801,17,8
1784445489436361961,0,125128,38,2917,13801,17,8
1784445489436361961,1,121760,38,2865,13801,17,8
1784445489486354915,0,125128,38,2917,13801,17,8
1784445489486354915,1,121760,38,2865,13801,17,8
1784445489536361594,0,125128,38,2917,13801,17,8
1784445489536361594,1,121760,38,2865,13801,17,8
1784445489586362118,0,125128,38,2917,13801,17,8
1784445489586362118,1,121760,38,2865,13801,17,8
1784445489636361931,0,125128,38,2917,13801,17,8
1784445489636361931,1,121288,38,2865,13801,16,8
1784445489686362697,0,125128,38,2917,13801,17,8
1784445489686362697,1,121288,38,2865,13801,16,8
1784445489736362386,0,125319,38,2917,13801,17,9
1784445489736362386,1,121288,38,2865,13801,16,8
1784445489786366790,0,125319,38,2917,13801,17,9
1784445489786366790,1,121288,38,2865,13801,16,8
1784445489836367329,0,125319,38,2917,13801,17,9
1784445489836367329,1,121288,38,2865,13801,16,8
1784445489886359542,0,125319,38,2917,13801,17,9
1784445489886359542,1,121288,38,2865,13801,16,8
1784445489936364710,0,125319,38,2917,13801,17,9
1784445489936364710,1,121288,38,2865,13801,16,8
1784445489986353866,0,125319,38,2917,13801,17,9
1784445489986353866,1,121288,38,2865,13801,16,8
1784445490036361925,0,125319,38,2917,13801,17,9
1784445490036361925,1,121288,38,2865,13801,16,8
1784445490086350269,0,125319,38,2917,13801,17,9
1784445490086350269,1,121288,38,2865,13801,16,8
1784445490136366901,0,125319,38,2917,13801,17,9
1784445490136366901,1,121420,38,2865,13801,17,9
1784445490186353481,0,125319,38,2917,13801,17,9
1784445490186353481,1,121420,38,2865,13801,17,9
1784445490236363917,0,125255,38,2917,13801,17,8
1784445490236363917,1,121420,38,2865,13801,17,9
1784445490286361930,0,125255,38,2917,13801,17,8
1784445490286361930,1,121420,38,2865,13801,17,9
1784445490336363191,0,125255,38,2917,13801,17,8
1784445490336363191,1,121420,38,2865,13801,17,9
1784445490386352630,0,125255,38,2917,13801,17,8
1784445490386352630,1,121420,38,2865,13801,17,9
1784445490436359987,0,125255,38,2917,13801,17,8
1784445490436359987,1,121420,38,2865,13801,17,9
1784445490486351126,0,125255,38,2917,13801,17,8
1784445490486351126,1,121420,38,2865,13801,17,9
1784445490536360515,0,125255,38,2917,13801,17,8
1784445490536360515,1,121420,38,2865,13801,17,9
1784445490586352246,0,125255,38,2917,13801,17,8
1784445490586352246,1,121420,38,2865,13801,17,9
1784445490636358745,0,125255,38,2917,13801,17,8
1784445490636358745,1,122050,38,2865,13801,17,9
1784445490686350599,0,125255,38,2917,13801,17,8
1784445490686350599,1,122050,38,2865,13801,17,9
1784445490736359485,0,125372,38,2917,13801,17,8
1784445490736359485,1,122050,38,2865,13801,17,9
1784445490786350675,0,125372,38,2917,13801,17,8
1784445490786350675,1,122050,38,2865,13801,17,9
1784445490836358665,0,125372,38,2917,13801,17,8
1784445490836358665,1,122050,38,2865,13801,17,9
1784445490886351911,0,125372,38,2917,13801,17,8
1784445490886351911,1,122050,38,2865,13801,17,9
1784445490936362608,0,125372,38,2917,13801,17,8
1784445490936362608,1,122050,38,2865,13801,17,9
1784445490986361515,0,125372,38,2917,13801,17,8
1784445490986361515,1,122050,38,2865,13801,17,9
1784445491036361446,0,125372,38,2917,13801,17,8
1784445491036361446,1,122050,38,2865,13801,17,9
1784445491086354012,0,125372,38,2917,13801,17,8
1784445491086354012,1,122050,38,2865,13801,17,9
1784445491136361932,0,125372,38,2917,13801,17,8
1784445491136361932,1,121689,38,2865,13801,17,8
1784445491186361840,0,125372,38,2917,13801,17,8
1784445491186361840,1,121689,38,2865,13801,17,8
1784445491236361878,0,125704,38,2917,13801,18,9
1784445491236361878,1,121689,38,2865,13801,17,8
1784445491286351261,0,125704,38,2917,13801,18,9
1784445491286351261,1,121689,38,2865,13801,17,8
1784445491336361475,0,125704,38,2917,13801,18,9
1784445491336361475,1,121689,38,2865,13801,17,8
1784445491386355790,0,125704,38,2917,13801,18,9
1784445491386355790,1,121689,38,2865,13801,17,8
1784445491436361969,0,125704,38,2917,13801,18,9
1784445491436361969,1,121689,38,2865,13801,17,8
1784445491486361669,0,125704,38,2917,13801,18,9
1784445491486361669,1,121689,38,2865,13801,17,8
1784445491536361380,0,125704,38,2917,13801,18,9
1784445491536361380,1,121689,38,2865,13801,17,8
1784445491586360667,0,125704,38,2917,13801,18,9
1784445491586360667,1,121689,38,2865,13801,17,8
1784445491636360662,0,125704,38,2917,13801,18,9
1784445491636360662,1,121513,38,2865,13801,17,8
1784445491686361947,0,125704,38,2917,13801,18,9
1784445491686361947,1,121513,38,2865,13801,17,8
1784445491736359154,0,125810,38,2917,13801,17,8
1784445491736359154,1,121513,38,2865,13801,17,8
1784445491786359752,0,125810,38,2917,13801,17,8
1784445491786359752,1,121513,38,2865,13801,17,8
1784445491836360724,0,125810,38,2917,13801,17,8
1784445491836360724,1,121513,38,2865,13801,17,8
1784445491886350520,0,125810,38,2917,13801,17,8
1784445491886350520,1,121513,38,2865,13801,17,8
1784445491936359186,0,125810,38,2917,13801,17,8
1784445491936359186,1,121513,38,2865,13801,17,8
1784445491986361116,0,125810,38,2917,13801,17,8
1784445491986361116,1,121513,38,2865,13801,17,8
1784445492036360508,0,125810,38,2917,13801,17,8
1784445492036360508,1,121513,38,2865,13801,17,8
1784445492086349049,0,125810,38,2917,13801,17,8
1784445492086349049,1,121513,38,2865,13801,17,8
1784445492136360533,0,125810,38,2917,13801,17,8
1784445492136360533,1,121565,38,2865,13801,17,8
1784445492186360095,0,125810,38,2917,13801,17,8
1784445492186360095,1,121565,38,2865,13801,17,8
1784445492236369117,0,126242,38,2917,13801,18,9
1784445492236369117,1,121565,38,2865,13801,17,8
1784445492286349503,0,126242,38,2917,13801,18,9
1784445492286349503,1,121565,38,2865,13801,17,8
1784445492336361975,0,126242,38,2917,13801,18,9
1784445492336361975,1,121565,38,2865,13801,17,8
1784445492386361934,0,126242,38,2917,13801,18,9
1784445492386361934,1,121565,38,2865,13801,17,8
1784445492436361421,0,126242,38,2917,13801,18,9
1784445492436361421,1,121565,38,2865,13801,17,8
1784445492486359582,0,126242,38,2917,13801,18,9
1784445492486359582,1,121565,38,2865,13801,17,8
1784445492536359549,0,126242,38,2917,13801,18,9
1784445492536359549,1,121565,38,2865,13801,17,8
1784445492586361217,0,126242,38,2917,13801,18,9
1784445492586361217,1,121565,38,2865,13801,17,8
1784445492636361426,0,126242,38,2917,13801,18,9
1784445492636361426,1,121542,38,2865,13801,17,8
1784445492686360762,0,126242,38,2917,13801,18,9
1784445492686360762,1,121542,38,2865,13801,17,8
1784445492736360728,0,126525,38,2917,13801,17,8
1784445492736360728,1,121542,38,2865,13801,17,8
1784445492786360437,0,126525,38,2917,13801,17,8
1784445492786360437,1,121542,38,2865,13801,17,8
1784445492836360193,0,126525,38,2917,13801,17,8
1784445492836360193,1,121542,38,2865,13801,17,8
1784445492886351466,0,126525,38,2917,13801,17,8
1784445492886351466,1,121542,38,2865,13801,17,8
1784445492936360820,0,126525,38,2917,13801,17,8
1784445492936360820,1,121542,38,2865,13801,17,8
1784445492986360809,0,126525,38,2917,13801,17,8
1784445492986360809,1,121542,38,2865,13801,17,8
1784445493036360375,0,126525,38,2917,13801,17,8
1784445493036360375,1,121542,38,2865,13801,17,8
1784445493086360314,0,126525,38,2917,13801,17,8
1784445493086360314,1,121542,38,2865,13801,17,8
1784445493136361641,0,126525,38,2917,13801,17,8
1784445493136361641,1,121880,38,2865,13801,17,9
1784445493186361132,0,126525,38,2917,13801,17,8
1784445493186361132,1,121880,38,2865,13801,17,9
1784445493236359569,0,126697,38,2917,13801,18,9
1784445493236359569,1,121880,38,2865,13801,17,9
1784445493286361571,0,126697,38,2917,13801,18,9
1784445493286361571,1,121880,38,2865,13801,17,9
1784445493336361298,0,126697,38,2917,13801,18,9
1784445493336361298,1,121880,38,2865,13801,17,9
1784445493386361984,0,126697,38,2917,13801,18,9
1784445493386361984,1,121880,38,2865,13801,17,9
1784445493436360000,0,126697,38,2917,13801,18,9
1784445493436360000,1,121880,38,2865,13801,17,9
1784445493486360022,0,126697,38,2917,13801,18,9
1784445493486360022,1,121880,38,2865,13801,17,9
1784445493536360761,0,126697,38,2917,13801,18,9
1784445493536360761,1,121880,38,2865,13801,17,9
1784445493586361262,0,126697,38,2917,13801,18,9
1784445493586361262,1,121880,38,2865,13801,17,9
1784445493636359398,0,126697,38,2917,13801,18,9
1784445493636359398,1,122038,38,2865,13801,17,8
1784445493686360649,0,126697,38,2917,13801,18,9
1784445493686360649,1,122038,38,2865,13801,17,8
1784445493736361201,0,126694,38,2917,13801,17,8
1784445493736361201,1,122038,38,2865,13801,17,8
1784445493786360997,0,126694,38,2917,13801,17,8
1784445493786360997,1,122038,38,2865,13801,17,8
1784445493836361052,0,126694,38,2917,13801,17,8
1784445493836361052,1,122038,38,2865,13801,17,8
1784445493886352087,0,126694,38,2917,13801,17,8
1784445493886352087,1,122038,38,2865,13801,17,8
1784445493936360374,0,126694,38,2917,13801,17,8
1784445493936360374,1,122038,38,2865,13801,17,8
1784445493986353284,0,126694,38,2917,13801,17,8
1784445493986353284,1,122038,38,2865,13801,17,8
1784445494036360955,0,126694,38,2917,13801,17,8
1784445494036360955,1,122038,38,2865,13801,17,8
1784445494086360231,0,126694,38,2917,13801,17,8
1784445494086360231,1,122038,38,2865,13801,17,8
1784445494136360737,0,126694,38,2917,13801,17,8
1784445494136360737,1,121915,38,2865,13801,17,8
1784445494186353440,0,126694,38,2917,13801,17,8
1784445494186353440,1,121915,38,2865,13801,17,8
1784445494236361267,0,126685,38,2917,13801,18,9
1784445494236361267,1,121915,38,2865,13801,17,8
1784445494286361978,0,126685,38,2917,13801,18,9
1784445494286361978,1,121915,38,2865,13801,17,8
1784445494336360502,0,126685,38,2917,13801,18,9
1784445494336360502,1,121915,38,2865,13801,17,8
1784445494386349017,0,126685,38,2917,13801,18,9
1784445494386349017,1,121915,38,2865,13801,17,8
1784445494436360306,0,126685,38,2917,13801,18,9
1784445494436360306,1,121915,38,2865,13801,17,8
1784445494486361395,0,126685,38,2917,13801,18,9
1784445494486361395,1,121915,38,2865,13801,17,8
1784445494536361071,0,126685,38,2917,13801,18,9
1784445494536361071,1,121915,38,2865,13801,17,8
1784445494586349091,0,126685,38,2917,13801,18,9
1784445494586349091,1,121915,38,2865,13801,17,8
1784445494636359351,0,126685,38,2917,13801,18,9
1784445494636359351,1,122260,38,2865,13801,17,9
1784445494686362841,0,126685,38,2917,13801,18,9
1784445494686362841,1,122260,38,2865,13801,17,9
1784445494736361685,0,126592,38,2917,13801,17,8
1784445494736361685,1,122260,38,2865,13801,17,9
1784445494786359486,0,126592,38,2917,13801,17,8
1784445494786359486,1,122260,38,2865,13801,17,9
1784445494836360505,0,126592,38,2917,13801,17,8
1784445494836360505,1,122260,38,2865,13801,17,9
1784445494886351769,0,126592,38,2917,13801,17,8
1784445494886351769,1,122260,38,2865,13801,17,9
1784445494936361617,0,126592,38,2917,13801,17,8
1784445494936361617,1,122260,38,2865,13801,17,9
1784445494986357204,0,126592,38,2917,13801,17,8
1784445494986357204,1,122260,38,2865,13801,17,9
1784445495036361535,0,126592,38,2917,13801,17,8
1784445495036361535,1,122260,38,2865,13801,17,9
1784445495086360524,0,126592,38,2917,13801,17,8
1784445495086360524,1,122260,38,2865,13801,17,9
1784445495136361304,0,126592,38,2917,13801,17,8
1784445495136361304,1,121717,38,2865,13801,17,8
1784445495186352916,0,126592,38,2917,13801,17,8
1784445495186352916,1,121717,38,2865,13801,17,8
1784445495236362741,0,127020,38,2917,13801,18,9
1784445495236362741,1,121717,38,2865,13801,17,8
1784445495286362363,0,127020,38,2917,13801,18,9
1784445495286362363,1,121717,38,2865,13801,17,8
1784445495336361738,0,127020,38,2917,13801,18,9
1784445495336361738,1,121717,38,2865,13801,17,8
1784445495386352622,0,127020,38,2917,13801,18,9
1784445495386352622,1,121717,38,2865,13801,17,8
1784445495436360148,0,127020,38,2917,13801,18,9
1784445495436360148,1,121717,38,2865,13801,17,8
1784445495486353687,0,127020,38,2917,13801,18,9
1784445495486353687,1,121717,38,2865,13801,17,8
1784445495536361346,0,127020,38,2917,13801,18,9
1784445495536361346,1,121717,38,2865,13801,17,8
1784445495586354453,0,127020,38,2917,13801,18,9
1784445495586354453,1,121717,38,2865,13801,17,8
1784445495636359042,0,127020,38,2917,13801,18,9
1784445495636359042,1,121265,38,2865,13801,17,8
1784445495686353291,0,127020,38,2917,13801,18,9
1784445495686353291,1,121265,38,2865,13801,17,8
1784445495736362581,0,126721,39,2917,13801,17,8
1784445495736362581,1,121265,38,2865,13801,17,8
1784445495786359659,0,126721,39,2917,13801,17,8
1784445495786359659,1,121265,38,2865,13801,17,8
1784445495836361472,0,126721,39,2917,13801,17,8
1784445495836361472,1,121265,38,2865,13801,17,8
1784445495886350943,0,126721,39,2917,13801,17,8
1784445495886350943,1,121265,38,2865,13801,17,8
1784445495936362094,0,126721,39,2917,13801,17,8
1784445495936362094,1,121265,38,2865,13801,17,8
1784445495986353493,0,126721,39,2917,13801,17,8
1784445495986353493,1,121265,38,2865,13801,17,8
1784445496036359610,0,126721,39,2917,13801,17,8
1784445496036359610,1,121265,38,2865,13801,17,8
1784445496086349562,0,126721,39,2917,13801,17,8
1784445496086349562,1,121265,38,2865,13801,17,8
1784445496136358348,0,126721,39,2917,13801,17,8
1784445496136358348,1,121734,38,2865,13801,17,9
1784445496186353228,0,126721,39,2917,13801,17,8
1784445496186353228,1,121734,38,2865,13801,17,9
1784445496236359100,0,126967,38,2917,13801,17,8
1784445496236359100,1,121734,38,2865,13801,17,9
1784445496286349470,0,126967,38,2917,13801,17,8
1784445496286349470,1,121734,38,2865,13801,17,9
1784445496336358598,0,126967,38,2917,13801,17,8
1784445496336358598,1,121734,38,2865,13801,17,9
1784445496386361647,0,126967,38,2917,13801,17,8
1784445496386361647,1,121734,38,2865,13801,17,9
1784445496436360863,0,126967,38,2917,13801,17,8
1784445496436360863,1,121734,38,2865,13801,17,9
1784445496486351970,0,126967,38,2917,13801,17,8
1784445496486351970,1,121734,38,2865,13801,17,9
1784445496536361468,0,126967,38,2917,13801,17,8
1784445496536361468,1,121734,38,2865,13801,17,9
1784445496586361365,0,126967,38,2917,13801,17,8
1784445496586361365,1,121734,38,2865,13801,17,9
1784445496636361446,0,126967,38,2917,13801,17,8
1784445496636361446,1,122113,38,2865,13801,17,8
1784445496686349247,0,126967,38,2917,13801,17,8
1784445496686349247,1,122113,38,2865,13801,17,8
1784445496736361630,0,127028,38,2917,13801,17,8
1784445496736361630,1,122113,38,2865,13801,17,8
1784445496786361494,0,127028,38,2917,13801,17,8
1784445496786361494,1,122113,38,2865,13801,17,8
1784445496836361664,0,127028,38,2917,13801,17,8
1784445496836361664,1,122113,38,2865,13801,17,8
1784445496886354157,0,127028,38,2917,13801,17,8
1784445496886354157,1,122113,38,2865,13801,17,8
1784445496936360842,0,127028,38,2917,13801,17,8
1784445496936360842,1,122113,38,2865,13801,17,8
1784445496986362329,0,127028,38,2917,13801,17,8
1784445496986362329,1,122113,38,2865,13801,17,8
1784445497036361556,0,127028,38,2917,13801,17,8
1784445497036361556,1,122113,38,2865,13801,17,8
1784445497086364997,0,127028,38,2917,13801,17,8
1784445497086364997,1,122113,38,2865,13801,17,8
1784445497136362456,0,127028,38,2917,13801,17,8
1784445497136362456,1,122403,38,2865,13801,18,9
1784445497186353209,0,127028,38,2917,13801,17,8
1784445497186353209,1,122403,38,2865,13801,18,9
1784445497236361135,0,122603,38,2805,13801,5,3
1784445497236361135,1,122403,38,2865,13801,18,9
1784445497286350682,0,122603,38,2805,13801,5,3
1784445497286350682,1,122403,38,2865,13801,18,9
1784445497336359104,0,122603,38,2805,13801,5,3
1784445497336359104,1,122403,38,2865,13801,18,9
1784445497386352333,0,122603,38,2805,13801,5,3
1784445497386352333,1,122403,38,2865,13801,18,9
1784445497436360633,0,122603,38,2805,13801,5,3
1784445497436360633,1,122403,38,2865,13801,18,9
1784445497486362424,0,122603,38,2805,13801,5,3
1784445497486362424,1,122403,38,2865,13801,18,9
1784445497536360254,0,122603,38,2805,13801,5,3
1784445497536360254,1,122403,38,2865,13801,18,9
1784445497586359631,0,122603,38,2805,13801,5,3
1784445497586359631,1,122403,38,2865,13801,18,9
1784445497636360988,0,122603,38,2805,13801,5,3
1784445497636360988,1,106278,36,2497,13801,0,0
1784445497686352147,0,122603,38,2805,13801,5,3
1784445497686352147,1,106278,36,2497,13801,0,0
1784445497736367034,0,91089,36,2400,13801,0,0
1784445497736367034,1,106278,36,2497,13801,0,0
1784445497786359026,0,91089,36,2400,13801,0,0
1784445497786359026,1,106278,36,2497,13801,0,0
1784445497836365364,0,91089,36,2400,13801,0,0
1784445497836365364,1,106278,36,2497,13801,0,0
1784445497886357231,0,91089,36,2400,13801,0,0
1784445497886357231,1,106278,36,2497,13801,0,0
1784445497936359964,0,91089,36,2400,13801,0,0
1784445497936359964,1,106278,36,2497,13801,0,0
1784445497986354038,0,91089,36,2400,13801,0,0
1784445497986354038,1,106278,36,2497,13801,0,0
1784445498036360029,0,91089,36,2400,13801,0,0
1784445498036360029,1,106278,36,2497,13801,0,0
1784445498086353040,0,91089,36,2400,13801,0,0
1784445498086353040,1,106278,36,2497,13801,0,0
1784445498136358619,0,91089,36,2400,13801,0,0
1784445498136358619,1,75331,36,2400,13801,0,0
1784445498186362773,0,91089,36,2400,13801,0,0
1784445498186362773,1,75331,36,2400,13801,0,0
1784445498236362202,0,56746,35,2400,13801,0,0
1784445498236362202,1,75331,36,2400,13801,0,0
1784445498286361036,0,56746,35,2400,13801,0,0
1784445498286361036,1,75331,36,2400,13801,0,0
1784445498336360967,0,56746,35,2400,13801,0,0
1784445498336360967,1,75331,36,2400,13801,0,0
1784445498386352908,0,56746,35,2400,13801,0,0
1784445498386352908,1,75331,36,2400,13801,0,0
1784445498436361701,0,56746,35,2400,13801,0,0
1784445498436361701,1,75331,36,2400,13801,0,0
1784445498486360775,0,56746,35,2400,13801,0,0
1784445498486360775,1,75331,36,2400,13801,0,0
1784445498536362237,0,56746,35,2400,13801,0,0
1784445498536362237,1,75331,36,2400,13801,0,0
1784445498586355102,0,56746,35,2400,13801,0,0
1784445498586355102,1,75331,36,2400,13801,0,0
1784445498636363604,0,56746,35,2400,13801,0,0
1784445498636363604,1,73072,38,2467,13801,18,10
1784445498686362318,0,56746,35,2400,13801,0,0
1784445498686362318,1,73072,38,2467,13801,18,10
1784445498736362147,0,89034,37,2917,13801,15,6
1784445498736362147,1,73072,38,2467,13801,18,10
1784445498786353462,0,89034,37,2917,13801,15,6
1784445498786353462,1,73072,38,2467,13801,18,10
1784445498836360320,0,89034,37,2917,13801,15,6
1784445498836360320,1,73072,38,2467,13801,18,10
1784445498886355609,0,89034,37,2917,13801,15,6
1784445498886355609,1,73072,38,2467,13801,18,10
1784445498936363959,0,89034,37,2917,13801,15,6
1784445498936363959,1,73072,38,2467,13801,18,10
1784445498986353321,0,89034,37,2917,13801,15,6
1784445498986353321,1,73072,38,2467,13801,18,10
1784445499036363184,0,89034,37,2917,13801,15,6
1784445499036363184,1,73072,38,2467,13801,18,10
1784445499086361880,0,89034,37,2917,13801,15,6
1784445499086361880,1,73072,38,2467,13801,18,10
1784445499136361748,0,89034,37,2917,13801,15,6
1784445499136361748,1,98295,38,2865,13801,16,7
1784445499186353907,0,89034,37,2917,13801,15,6
1784445499186353907,1,98295,38,2865,13801,16,7
1784445499236363679,0,115084,38,2917,13801,16,7
1784445499236363679,1,98295,38,2865,13801,16,7
1784445499286363074,0,115084,38,2917,13801,16,7
1784445499286363074,1,98295,38,2865,13801,16,7
1784445499336362790,0,115084,38,2917,13801,16,7
1784445499336362790,1,98295,38,2865,13801,16,7
1784445499386354876,0,115084,38,2917,13801,16,7
1784445499386354876,1,98295,38,2865,13801,16,7
1784445499436362248,0,115084,38,2917,13801,16,7
1784445499436362248,1,98295,38,2865,13801,16,7
1784445499486361506,0,115084,38,2917,13801,16,7
1784445499486361506,1,98295,38,2865,13801,16,7
1784445499536361305,0,115084,38,2917,13801,16,7
1784445499536361305,1,98295,38,2865,13801,16,7
1784445499586359651,0,115084,38,2917,13801,16,7
1784445499586359651,1,98295,38,2865,13801,16,7
1784445499636361898,0,115084,38,2917,13801,16,7
1784445499636361898,1,120233,38,2865,13801,16,7
1784445499686355993,0,115084,38,2917,13801,16,7
1784445499686355993,1,120233,38,2865,13801,16,7
1784445499736360280,0,121352,38,2917,13801,16,7
1784445499736360280,1,120233,38,2865,13801,16,7
1784445499786352623,0,121352,38,2917,13801,16,7
1784445499786352623,1,120233,38,2865,13801,16,7
1784445499836363286,0,121352,38,2917,13801,16,7
1784445499836363286,1,120233,38,2865,13801,16,7
1784445499886353803,0,121352,38,2917,13801,16,7
1784445499886353803,1,120233,38,2865,13801,16,7
1784445499936358830,0,121352,38,2917,13801,16,7
1784445499936358830,1,120233,38,2865,13801,16,7
1784445499986360732,0,121352,38,2917,13801,16,7
1784445499986360732,1,120233,38,2865,13801,16,7
1784445500036365175,0,121352,38,2917,13801,16,7
1784445500036365175,1,120233,38,2865,13801,16,7
1784445500086362379,0,121352,38,2917,13801,16,7
1784445500086362379,1,120233,38,2865,13801,16,7
1784445500136361108,0,121352,38,2917,13801,16,7
1784445500136361108,1,116974,38,2865,13801,16,7
1784445500186355622,0,121352,38,2917,13801,16,7
1784445500186355622,1,116974,38,2865,13801,16,7
1784445500236363645,0,123022,38,2917,13801,17,8
1784445500236363645,1,116974,38,2865,13801,16,7
1784445500286358915,0,123022,38,2917,13801,17,8
1784445500286358915,1,116974,38,2865,13801,16,7
1784445500336363573,0,123022,38,2917,13801,17,8
1784445500336363573,1,116974,38,2865,13801,16,7
1784445500386357187,0,123022,38,2917,13801,17,8
1784445500386357187,1,116974,38,2865,13801,16,7
1784445500436362343,0,123022,38,2917,13801,17,8
1784445500436362343,1,116974,38,2865,13801,16,7
1784445500486353412,0,123022,38,2917,13801,17,8
1784445500486353412,1,116974,38,2865,13801,16,7
1784445500536360775,0,123022,38,2917,13801,17,8
1784445500536360775,1,116974,38,2865,13801,16,7
1784445500586361179,0,123022,38,2917,13801,17,8
1784445500586361179,1,116974,38,2865,13801,16,7
1784445500636361345,0,123022,38,2917,13801,17,8
1784445500636361345,1,118500,38,2865,13801,16,8
1784445500686352680,0,123022,38,2917,13801,17,8
1784445500686352680,1,118500,38,2865,13801,16,8
1784445500736362767,0,124399,38,2917,13801,17,8
1784445500736362767,1,118500,38,2865,13801,16,8
1784445500786361814,0,124399,38,2917,13801,17,8
1784445500786361814,1,118500,38,2865,13801,16,8
1784445500836361668,0,124399,38,2917,13801,17,8
1784445500836361668,1,118500,38,2865,13801,16,8
1784445500886355793,0,124399,38,2917,13801,17,8
1784445500886355793,1,118500,38,2865,13801,16,8
1784445500936364890,0,124399,38,2917,13801,17,8
1784445500936364890,1,118500,38,2865,13801,16,8
1784445500986361494,0,124399,38,2917,13801,17,8
1784445500986361494,1,118500,38,2865,13801,16,8
1784445501036362193,0,124399,38,2917,13801,17,8
1784445501036362193,1,118500,38,2865,13801,16,8
1784445501086362419,0,124399,38,2917,13801,17,8
1784445501086362419,1,118500,38,2865,13801,16,8
1784445501136362483,0,124399,38,2917,13801,17,8
1784445501136362483,1,120659,38,2865,13801,17,9
1784445501186361964,0,124399,38,2917,13801,17,8
1784445501186361964,1,120659,38,2865,13801,17,9
1784445501236361370,0,125296,38,2917,13801,17,8
1784445501236361370,1,120659,38,2865,13801,17,9
1784445501286361915,0,125296,38,2917,13801,17,8
1784445501286361915,1,120659,38,2865,13801,17,9
1784445501336361751,0,125296,38,2917,13801,17,8
1784445501336361751,1,120659,38,2865,13801,17,9
1784445501386360832,0,125296,38,2917,13801,17,8
1784445501386360832,1,120659,38,2865,13801,17,9
1784445501436361747,0,125296,38,2917,13801,17,8
1784445501436361747,1,120659,38,2865,13801,17,9
1784445501486359799,0,125296,38,2917,13801,17,8
1784445501486359799,1,120659,38,2865,13801,17,9
1784445501536366087,0,125296,38,2917,13801,17,8
1784445501536366087,1,120659,38,2865,13801,17,9
1784445501586356081,0,125296,38,2917,13801,17,8
1784445501586356081,1,120659,38,2865,13801,17,9
1784445501636361472,0,125296,38,2917,13801,17,8
1784445501636361472,1,121471,38,2865,13801,17,8
1784445501686361427,0,125296,38,2917,13801,17,8
1784445501686361427,1,121471,38,2865,13801,17,8
1784445501736361240,0,125921,38,2917,13801,18,8
1784445501736361240,1,121471,38,2865,13801,17,8
1784445501786361904,0,125921,38,2917,13801,18,8
1784445501786361904,1,121471,38,2865,13801,17,8
1784445501836360783,0,125921,38,2917,13801,18,8
1784445501836360783,1,121471,38,2865,13801,17,8
1784445501886353940,0,125921,38,2917,13801,18,8
1784445501886353940,1,121471,38,2865,13801,17,8
1784445501936360801,0,125921,38,2917,13801,18,8
1784445501936360801,1,121471,38,2865,13801,17,8
1784445501986362836,0,125921,38,2917,13801,18,8
1784445501986362836,1,121471,38,2865,13801,17,8
1784445502036359952,0,125921,38,2917,13801,18,8
1784445502036359952,1,121471,38,2865,13801,17,8
1784445502086360167,0,125921,38,2917,13801,18,8
1784445502086360167,1,121471,38,2865,13801,17,8
1784445502136362860,0,125921,38,2917,13801,18,8
1784445502136362860,1,121660,38,2865,13801,17,9
1784445502186363020,0,125921,38,2917,13801,18,8
1784445502186363020,1,121660,38,2865,13801,17,9
1784445502236362186,0,126240,39,2917,13801,17,8
1784445502236362186,1,121660,38,2865,13801,17,9
1784445502286360436,0,126240,39,2917,13801,17,8
1784445502286360436,1,121660,38,2865,13801,17,9
1784445502336361717,0,126240,39,2917,13801,17,8
1784445502336361717,1,121660,38,2865,13801,17,9
1784445502386361354,0,126240,39,2917,13801,17,8
1784445502386361354,1,121660,38,2865,13801,17,9
1784445502436360319,0,126240,39,2917,13801,17,8
1784445502436360319,1,121660,38,2865,13801,17,9
1784445502486359239,0,126240,39,2917,13801,17,8
1784445502486359239,1,121660,38,2865,13801,17,9
1784445502536361038,0,126240,39,2917,13801,17,8
1784445502536361038,1,121660,38,2865,13801,17,9
1784445502586360666,0,126240,39,2917,13801,17,8
1784445502586360666,1,121660,38,2865,13801,17,9
1784445502636360690,0,126240,39,2917,13801,17,8
1784445502636360690,1,122035,38,2865,13801,17,8
1784445502686359600,0,126240,39,2917,13801,17,8
1784445502686359600,1,122035,38,2865,13801,17,8
1784445502736361271,0,126544,39,2917,13801,18,9
1784445502736361271,1,122035,38,2865,13801,17,8
1784445502786360261,0,126544,39,2917,13801,18,9
1784445502786360261,1,122035,38,2865,13801,17,8
1784445502836360106,0,126544,39,2917,13801,18,9
1784445502836360106,1,122035,38,2865,13801,17,8
1784445502886350832,0,126544,39,2917,13801,18,9
1784445502886350832,1,122035,38,2865,13801,17,8
1784445502936361490,0,126544,39,2917,13801,18,9
1784445502936361490,1,122035,38,2865,13801,17,8
1784445502986361064,0,126544,39,2917,13801,18,9
1784445502986361064,1,122035,38,2865,13801,17,8
1784445503036359850,0,126544,39,2917,13801,18,9
1784445503036359850,1,122035,38,2865,13801,17,8
1784445503086360103,0,126544,39,2917,13801,18,9
1784445503086360103,1,122035,38,2865,13801,17,8
1784445503136361481,0,126544,39,2917,13801,18,9
1784445503136361481,1,122149,38,2865,13801,17,9
1784445503186361190,0,126544,39,2917,13801,18,9
1784445503186361190,1,122149,38,2865,13801,17,9
1784445503236358151,0,126300,39,2917,13801,17,8
1784445503236358151,1,122149,38,2865,13801,17,9
1784445503286363268,0,126300,39,2917,13801,17,8
1784445503286363268,1,122149,38,2865,13801,17,9
1784445503336362804,0,126300,39,2917,13801,17,8
1784445503336362804,1,122149,38,2865,13801,17,9
1784445503386360925,0,126300,39,2917,13801,17,8
1784445503386360925,1,122149,38,2865,13801,17,9
1784445503436358715,0,126300,39,2917,13801,17,8
1784445503436358715,1,122149,38,2865,13801,17,9
1784445503486360701,0,126300,39,2917,13801,17,8
1784445503486360701,1,122149,38,2865,13801,17,9
1784445503536361178,0,126300,39,2917,13801,17,8
1784445503536361178,1,122149,38,2865,13801,17,9
1784445503586361431,0,126300,39,2917,13801,17,8
1784445503586361431,1,122149,38,2865,13801,17,9
1784445503636361433,0,126300,39,2917,13801,17,8
1784445503636361433,1,122353,38,2865,13801,17,8
1784445503686360838,0,126300,39,2917,13801,17,8
1784445503686360838,1,122353,38,2865,13801,17,8
1784445503736361482,0,126378,39,2917,13801,18,9
1784445503736361482,1,122353,38,2865,13801,17,8
1784445503786361365,0,126378,39,2917,13801,18,9
1784445503786361365,1,122353,38,2865,13801,17,8
1784445503836361336,0,126378,39,2917,13801,18,9
1784445503836361336,1,122353,38,2865,13801,17,8
1784445503886351156,0,126378,39,2917,13801,18,9
1784445503886351156,1,122353,38,2865,13801,17,8
1784445503936362221,0,126378,39,2917,13801,18,9
1784445503936362221,1,122353,38,2865,13801,17,8
1784445503986361444,0,126378,39,2917,13801,18,9
1784445503986361444,1,122353,38,2865,13801,17,8
1784445504036361494,0,126378,39,2917,13801,18,9
1784445504036361494,1,122353,38,2865,13801,17,8
1784445504086361087,0,126378,39,2917,13801,18,9
1784445504086361087,1,122353,38,2865,13801,17,8
1784445504136360714,0,126378,39,2917,13801,18,9
1784445504136360714,1,122059,38,2865,13801,17,8
1784445504186356387,0,126378,39,2917,13801,18,9
1784445504186356387,1,122059,38,2865,13801,17,8
1784445504236362984,0,126155,39,2917,13801,17,8
1784445504236362984,1,122059,38,2865,13801,17,8
1784445504286362004,0,126155,39,2917,13801,17,8
1784445504286362004,1,122059,38,2865,13801,17,8
1784445504336361283,0,126155,39,2917,13801,17,8
1784445504336361283,1,122059,38,2865,13801,17,8
1784445504386353077,0,126155,39,2917,13801,17,8
1784445504386353077,1,122059,38,2865,13801,17,8
1784445504436361797,0,126155,39,2917,13801,17,8
1784445504436361797,1,122059,38,2865,13801,17,8
1784445504486361067,0,126155,39,2917,13801,17,8
1784445504486361067,1,122059,38,2865,13801,17,8
1784445504536360664,0,126155,39,2917,13801,17,8
1784445504536360664,1,122059,38,2865,13801,17,8
1784445504586352349,0,126155,39,2917,13801,17,8
1784445504586352349,1,122059,38,2865,13801,17,8
1784445504636361493,0,126155,39,2917,13801,17,8
1784445504636361493,1,121781,38,2865,13801,17,9
1784445504686360699,0,126155,39,2917,13801,17,8
1784445504686360699,1,121781,38,2865,13801,17,9
1784445504736360767,0,125985,39,2917,13801,18,9
1784445504736360767,1,121781,38,2865,13801,17,9
1784445504786351873,0,125985,39,2917,13801,18,9
1784445504786351873,1,121781,38,2865,13801,17,9
1784445504836361368,0,125985,39,2917,13801,18,9
1784445504836361368,1,121781,38,2865,13801,17,9
1784445504886350526,0,125985,39,2917,13801,18,9
1784445504886350526,1,121781,38,2865,13801,17,9
1784445504936360041,0,125985,39,2917,13801,18,9
1784445504936360041,1,121781,38,2865,13801,17,9
1784445504986354273,0,125985,39,2917,13801,18,9
1784445504986354273,1,121781,38,2865,13801,17,9
1784445505036360566,0,125985,39,2917,13801,18,9
1784445505036360566,1,121781,38,2865,13801,17,9
1784445505086360645,0,125985,39,2917,13801,18,9
1784445505086360645,1,121781,38,2865,13801,17,9
1784445505136361762,0,125985,39,2917,13801,18,9
1784445505136361762,1,121615,38,2865,13801,17,8
1784445505186349297,0,125985,39,2917,13801,18,9
1784445505186349297,1,121615,38,2865,13801,17,8
1784445505236361621,0,126182,39,2917,13801,17,8
1784445505236361621,1,121615,38,2865,13801,17,8
1784445505286361795,0,126182,39,2917,13801,17,8
1784445505286361795,1,121615,38,2865,13801,17,8
1784445505336361003,0,126182,39,2917,13801,17,8
1784445505336361003,1,121615,38,2865,13801,17,8
1784445505386351967,0,126182,39,2917,13801,17,8
1784445505386351967,1,121615,38,2865,13801,17,8
1784445505436361034,0,126182,39,2917,13801,17,8
1784445505436361034,1,121615,38,2865,13801,17,8
1784445505486361345,0,126182,39,2917,13801,17,8
1784445505486361345,1,121615,38,2865,13801,17,8
1784445505536360491,0,126182,39,2917,13801,17,8
1784445505536360491,1,121615,38,2865,13801,17,8
1784445505586360643,0,126182,39,2917,13801,17,8
1784445505586360643,1,121615,38,2865,13801,17,8
1784445505636361508,0,126182,39,2917,13801,17,8
1784445505636361508,1,121895,38,2865,13801,18,9
1784445505686361368,0,126182,39,2917,13801,17,8
1784445505686361368,1,121895,38,2865,13801,18,9
1784445505736361662,0,126466,39,2917,13801,18,9
1784445505736361662,1,121895,38,2865,13801,18,9
1784445505786361634,0,126466,39,2917,13801,18,9
1784445505786361634,1,121895,38,2865,13801,18,9
1784445505836363315,0,126466,39,2917,13801,18,9
1784445505836363315,1,121895,38,2865,13801,18,9
1784445505886356341,0,126466,39,2917,13801,18,9
1784445505886356341,1,121895,38,2865,13801,18,9
1784445505936362209,0,126466,39,2917,13801,18,9
1784445505936362209,1,121895,38,2865,13801,18,9
1784445505986360710,0,126466,39,2917,13801,18,9
1784445505986360710,1,121895,38,2865,13801,18,9
1784445506036362537,0,126466,39,2917,13801,18,9
1784445506036362537,1,121895,38,2865,13801,18,9
1784445506086361850,0,126466,39,2917,13801,18,9
1784445506086361850,1,121895,38,2865,13801,18,9
1784445506136362800,0,126466,39,2917,13801,18,9
1784445506136362800,1,121867,38,2865,13801,17,8
1784445506186353072,0,126466,39,2917,13801,18,9
1784445506186353072,1,121867,38,2865,13801,17,8
1784445506236362265,0,126314,39,2917,13801,17,8
1784445506236362265,1,121867,38,2865,13801,17,8
1784445506286361478,0,126314,39,2917,13801,17,8
1784445506286361478,1,121867,38,2865,13801,17,8
1784445506336360623,0,126314,39,2917,13801,17,8
1784445506336360623,1,121867,38,2865,13801,17,8
1784445506386359856,0,126314,39,2917,13801,17,8
1784445506386359856,1,121867,38,2865,13801,17,8
1784445506436363598,0,126314,39,2917,13801,17,8
1784445506436363598,1,121867,38,2865,13801,17,8
1784445506486363481,0,126314,39,2917,13801,17,8
1784445506486363481,1,121867,38,2865,13801,17,8
1784445506536361745,0,126314,39,2917,13801,17,8
1784445506536361745,1,121867,38,2865,13801,17,8
1784445506586361418,0,126314,39,2917,13801,17,8
1784445506586361418,1,121867,38,2865,13801,17,8
1784445506636362576,0,126314,39,2917,13801,17,8
1784445506636362576,1,122065,38,2865,13801,18,9
1784445506686362658,0,126314,39,2917,13801,17,8
1784445506686362658,1,122065,38,2865,13801,18,9
1784445506736360746,0,126384,39,2917,13801,18,9
1784445506736360746,1,122065,38,2865,13801,18,9
1784445506786361495,0,126384,39,2917,13801,18,9
1784445506786361495,1,122065,38,2865,13801,18,9
1784445506836362819,0,126384,39,2917,13801,18,9
1784445506836362819,1,122065,38,2865,13801,18,9
1784445506886354091,0,126384,39,2917,13801,18,9
1784445506886354091,1,122065,38,2865,13801,18,9
1784445506936362710,0,126384,39,2917,13801,18,9
1784445506936362710,1,122065,38,2865,13801,18,9
1784445506986363282,0,126384,39,2917,13801,18,9
1784445506986363282,1,122065,38,2865,13801,18,9
1784445507036363189,0,126384,39,2917,13801,18,9
1784445507036363189,1,122065,38,2865,13801,18,9
1784445507086362709,0,126384,39,2917,13801,18,9
1784445507086362709,1,122065,38,2865,13801,18,9
1784445507136361054,0,126384,39,2917,13801,18,9
1784445507136361054,1,121685,38,2865,13801,17,8
1784445507186361729,0,126384,39,2917,13801,18,9
1784445507186361729,1,121685,38,2865,13801,17,8
1784445507236370583,0,126741,39,2917,13801,17,8
1784445507236370583,1,121685,38,2865,13801,17,8
1784445507286365515,0,126741,39,2917,13801,17,8
1784445507286365515,1,121685,38,2865,13801,17,8
1784445507336361308,0,126741,39,2917,13801,17,8
1784445507336361308,1,121685,38,2865,13801,17,8
1784445507386361451,0,126741,39,2917,13801,17,8
1784445507386361451,1,121685,38,2865,13801,17,8
1784445507436362766,0,126741,39,2917,13801,17,8
1784445507436362766,1,121685,38,2865,13801,17,8
1784445507486363312,0,126741,39,2917,13801,17,8
1784445507486363312,1,121685,38,2865,13801,17,8
1784445507536359866,0,126741,39,2917,13801,17,8
1784445507536359866,1,121685,38,2865,13801,17,8
1784445507586358071,0,126741,39,2917,13801,17,8
1784445507586358071,1,121685,38,2865,13801,17,8
1784445507636364629,0,126741,39,2917,13801,17,8
1784445507636364629,1,121413,38,2865,13801,18,9
1784445507686370243,0,126741,39,2917,13801,17,8
1784445507686370243,1,121413,38,2865,13801,18,9
1784445507736361752,0,126464,39,2917,13801,17,8
1784445507736361752,1,121413,38,2865,13801,18,9
1784445507786362109,0,126464,39,2917,13801,17,8
1784445507786362109,1,121413,38,2865,13801,18,9
1784445507836365173,0,126464,39,2917,13801,17,8
1784445507836365173,1,121413,38,2865,13801,18,9
1784445507886395413,0,126464,39,2917,13801,17,8
1784445507886395413,1,121413,38,2865,13801,18,9
1784445507936363506,0,126464,39,2917,13801,17,8
1784445507936363506,1,121413,38,2865,13801,18,9
1784445507986363387,0,126464,39,2917,13801,17,8
1784445507986363387,1,121413,38,2865,13801,18,9
1784445508036364327,0,126464,39,2917,13801,17,8
1784445508036364327,1,121413,38,2865,13801,18,9
1784445508086356044,0,126464,39,2917,13801,17,8
1784445508086356044,1,121413,38,2865,13801,18,9
1784445508136363908,0,126464,39,2917,13801,17,8
1784445508136363908,1,121346,38,2865,13801,18,9
1784445508186363445,0,126464,39,2917,13801,17,8
1784445508186363445,1,121346,38,2865,13801,18,9
1784445508236366088,0,126115,39,2917,13801,17,8
1784445508236366088,1,121346,38,2865,13801,18,9
1784445508286355325,0,126115,39,2917,13801,17,8
1784445508286355325,1,121346,38,2865,13801,18,9
1784445508336361830,0,126115,39,2917,13801,17,8
1784445508336361830,1,121346,38,2865,13801,18,9
1784445508386364518,0,126115,39,2917,13801,17,8
1784445508386364518,1,121346,38,2865,13801,18,9
1784445508436364023,0,126115,39,2917,13801,17,8
1784445508436364023,1,121346,38,2865,13801,18,9
1784445508486355580,0,126115,39,2917,13801,17,8
1784445508486355580,1,121346,38,2865,13801,18,9
1784445508536364293,0,126115,39,2917,13801,17,8
1784445508536364293,1,121346,38,2865,13801,18,9
1784445508586363259,0,126115,39,2917,13801,17,8
1784445508586363259,1,121346,38,2865,13801,18,9
1784445508636364915,0,126115,39,2917,13801,17,8
1784445508636364915,1,121339,38,2865,13801,17,8
1784445508686362302,0,126115,39,2917,13801,17,8
1784445508686362302,1,121339,38,2865,13801,17,8
1784445508736362280,0,126030,39,2917,13801,17,8
1784445508736362280,1,121339,38,2865,13801,17,8
1784445508786361240,0,126030,39,2917,13801,17,8
1784445508786361240,1,121339,38,2865,13801,17,8
1784445508836362918,0,126030,39,2917,13801,17,8
1784445508836362918,1,121339,38,2865,13801,17,8
1784445508886355321,0,126030,39,2917,13801,17,8
1784445508886355321,1,121339,38,2865,13801,17,8
1784445508936362699,0,126030,39,2917,13801,17,8
1784445508936362699,1,121339,38,2865,13801,17,8
1784445508986361598,0,126030,39,2917,13801,17,8
1784445508986361598,1,121339,38,2865,13801,17,8
1784445509036362020,0,126030,39,2917,13801,17,8
1784445509036362020,1,121339,38,2865,13801,17,8
1784445509086363053,0,126030,39,2917,13801,17,8
1784445509086363053,1,121339,38,2865,13801,17,8
1784445509136362631,0,126030,39,2917,13801,17,8
1784445509136362631,1,121716,39,2865,13801,17,9
1784445509186362921,0,126030,39,2917,13801,17,8
1784445509186362921,1,121716,39,2865,13801,17,9
1784445509236362788,0,126066,39,2917,13801,18,9
1784445509236362788,1,121716,39,2865,13801,17,9
1784445509286367425,0,126066,39,2917,13801,18,9
1784445509286367425,1,121716,39,2865,13801,17,9
1784445509336365105,0,126066,39,2917,13801,18,9
1784445509336365105,1,121716,39,2865,13801,17,9
1784445509386362494,0,126066,39,2917,13801,18,9
1784445509386362494,1,121716,39,2865,13801,17,9
1784445509436362361,0,126066,39,2917,13801,18,9
1784445509436362361,1,121716,39,2865,13801,17,9
1784445509486362581,0,126066,39,2917,13801,18,9
1784445509486362581,1,121716,39,2865,13801,17,9
1784445509536361753,0,126066,39,2917,13801,18,9
1784445509536361753,1,121716,39,2865,13801,17,9
1784445509586364467,0,126066,39,2917,13801,18,9
1784445509586364467,1,121716,39,2865,13801,17,9
1784445509636361080,0,126066,39,2917,13801,18,9
1784445509636361080,1,121936,38,2865,13801,17,8
1784445509686361525,0,126066,39,2917,13801,18,9
1784445509686361525,1,121936,38,2865,13801,17,8
1784445509736363810,0,125811,39,2917,13801,17,8
1784445509736363810,1,121936,38,2865,13801,17,8
1784445509786361985,0,125811,39,2917,13801,17,8
1784445509786361985,1,121936,38,2865,13801,17,8
1784445509836361657,0,125811,39,2917,13801,17,8
1784445509836361657,1,121936,38,2865,13801,17,8
1784445509886354946,0,125811,39,2917,13801,17,8
1784445509886354946,1,121936,38,2865,13801,17,8
1784445509936361844,0,125811,39,2917,13801,17,8
1784445509936361844,1,121936,38,2865,13801,17,8
1784445509986363833,0,125811,39,2917,13801,17,8
1784445509986363833,1,121936,38,2865,13801,17,8
1784445510036361808,0,125811,39,2917,13801,17,8
1784445510036361808,1,121936,38,2865,13801,17,8
1784445510086364106,0,125811,39,2917,13801,17,8
1784445510086364106,1,121936,38,2865,13801,17,8
1784445510136362474,0,125811,39,2917,13801,17,8
1784445510136362474,1,121454,38,2865,13801,17,8
1784445510186364059,0,125811,39,2917,13801,17,8
1784445510186364059,1,121454,38,2865,13801,17,8
1784445510236363840,0,125363,39,2917,13801,17,8
1784445510236363840,1,121454,38,2865,13801,17,8
1784445510286363338,0,125363,39,2917,13801,17,8
1784445510286363338,1,121454,38,2865,13801,17,8
1784445510336363371,0,125363,39,2917,13801,17,8
1784445510336363371,1,121454,38,2865,13801,17,8
1784445510386361838,0,125363,39,2917,13801,17,8
1784445510386361838,1,121454,38,2865,13801,17,8
1784445510436362749,0,125363,39,2917,13801,17,8
1784445510436362749,1,121454,38,2865,13801,17,8
1784445510486361443,0,125363,39,2917,13801,17,8
1784445510486361443,1,121454,38,2865,13801,17,8
1784445510536364540,0,125363,39,2917,13801,17,8
1784445510536364540,1,121454,38,2865,13801,17,8
1784445510586360641,0,125363,39,2917,13801,17,8
1784445510586360641,1,121454,38,2865,13801,17,8
1784445510636362577,0,125363,39,2917,13801,17,8
1784445510636362577,1,121761,38,2865,13801,17,9
1784445510686356312,0,125363,39,2917,13801,17,8
1784445510686356312,1,121761,38,2865,13801,17,9
1784445510736362984,0,125566,39,2917,13801,18,9
1784445510736362984,1,121761,38,2865,13801,17,9
1784445510786363545,0,125566,39,2917,13801,18,9
1784445510786363545,1,121761,38,2865,13801,17,9
1784445510836361864,0,125566,39,2917,13801,18,9
1784445510836361864,1,121761,38,2865,13801,17,9
1784445510886353657,0,125566,39,2917,13801,18,9
1784445510886353657,1,121761,38,2865,13801,17,9
1784445510936363865,0,125566,39,2917,13801,18,9
1784445510936363865,1,121761,38,2865,13801,17,9
1784445510986363978,0,125566,39,2917,13801,18,9
1784445510986363978,1,121761,38,2865,13801,17,9
1784445511036362521,0,125566,39,2917,13801,18,9
1784445511036362521,1,121761,38,2865,13801,17,9
1784445511086364785,0,125566,39,2917,13801,18,9
1784445511086364785,1,121761,38,2865,13801,17,9
1784445511136360652,0,125566,39,2917,13801,18,9
1784445511136360652,1,121833,38,2865,13801,17,8
1784445511186362714,0,125566,39,2917,13801,18,9
1784445511186362714,1,121833,38,2865,13801,17,8
1784445511236370213,0,126354,39,2917,13801,18,8
1784445511236370213,1,121833,38,2865,13801,17,8
1784445511286363656,0,126354,39,2917,13801,18,8
1784445511286363656,1,121833,38,2865,13801,17,8
1784445511336361431,0,126354,39,2917,13801,18,8
1784445511336361431,1,121833,38,2865,13801,17,8
1784445511386361047,0,126354,39,2917,13801,18,8
1784445511386361047,1,121833,38,2865,13801,17,8
1784445511436361452,0,126354,39,2917,13801,18,8
1784445511436361452,1,121833,38,2865,13801,17,8
1784445511486361217,0,126354,39,2917,13801,18,8
1784445511486361217,1,121833,38,2865,13801,17,8
1784445511536360861,0,126354,39,2917,13801,18,8
1784445511536360861,1,121833,38,2865,13801,17,8
1784445511586360557,0,126354,39,2917,13801,18,8
1784445511586360557,1,121833,38,2865,13801,17,8
1784445511636361053,0,126354,39,2917,13801,18,8
1784445511636361053,1,121681,38,2865,13801,17,9
1784445511686360754,0,126354,39,2917,13801,18,8
1784445511686360754,1,121681,38,2865,13801,17,9
1784445511736360567,0,126776,39,2917,13801,18,9
1784445511736360567,1,121681,38,2865,13801,17,9
1784445511786361371,0,126776,39,2917,13801,18,9
1784445511786361371,1,121681,38,2865,13801,17,9
1784445511836360942,0,126776,39,2917,13801,18,9
1784445511836360942,1,121681,38,2865,13801,17,9
1784445511886360595,0,126776,39,2917,13801,18,9
1784445511886360595,1,121681,38,2865,13801,17,9
1784445511936360461,0,126776,39,2917,13801,18,9
1784445511936360461,1,121681,38,2865,13801,17,9
1784445511986362503,0,126776,39,2917,13801,18,9
1784445511986362503,1,121681,38,2865,13801,17,9
1784445512036361562,0,126776,39,2917,13801,18,9
1784445512036361562,1,121681,38,2865,13801,17,9
1784445512086361040,0,126776,39,2917,13801,18,9
1784445512086361040,1,121681,38,2865,13801,17,9
1784445512136361276,0,126776,39,2917,13801,18,9
1784445512136361276,1,122062,38,2865,13801,17,8
1784445512186361421,0,126776,39,2917,13801,18,9
1784445512186361421,1,122062,38,2865,13801,17,8
1784445512236361082,0,126922,39,2917,13801,17,8
1784445512236361082,1,122062,38,2865,13801,17,8
1784445512286360969,0,126922,39,2917,13801,17,8
1784445512286360969,1,122062,38,2865,13801,17,8
1784445512336360719,0,126922,39,2917,13801,17,8
1784445512336360719,1,122062,38,2865,13801,17,8
1784445512386360476,0,126922,39,2917,13801,17,8
1784445512386360476,1,122062,38,2865,13801,17,8
1784445512436363081,0,126922,39,2917,13801,17,8
1784445512436363081,1,122062,38,2865,13801,17,8
1784445512486361016,0,126922,39,2917,13801,17,8
1784445512486361016,1,122062,38,2865,13801,17,8
1784445512536361239,0,126922,39,2917,13801,17,8
1784445512536361239,1,122062,38,2865,13801,17,8
1784445512586360872,0,126922,39,2917,13801,17,8
1784445512586360872,1,122062,38,2865,13801,17,8
1784445512636360504,0,126922,39,2917,13801,17,8
1784445512636360504,1,122193,38,2865,13801,18,9
1784445512686360973,0,126922,39,2917,13801,17,8
1784445512686360973,1,122193,38,2865,13801,18,9
1784445512736361070,0,126941,39,2917,13801,18,9
1784445512736361070,1,122193,38,2865,13801,18,9
1784445512786361043,0,126941,39,2917,13801,18,9
1784445512786361043,1,122193,38,2865,13801,18,9
1784445512836361023,0,126941,39,2917,13801,18,9
1784445512836361023,1,122193,38,2865,13801,18,9
1784445512886361105,0,126941,39,2917,13801,18,9
1784445512886361105,1,122193,38,2865,13801,18,9
1784445512936360802,0,126941,39,2917,13801,18,9
1784445512936360802,1,122193,38,2865,13801,18,9
1784445512986361889,0,126941,39,2917,13801,18,9
1784445512986361889,1,122193,38,2865,13801,18,9
1784445513036360516,0,126941,39,2917,13801,18,9
1784445513036360516,1,122193,38,2865,13801,18,9
1784445513086361024,0,126941,39,2917,13801,18,9
1784445513086361024,1,122193,38,2865,13801,18,9
1784445513136361187,0,126941,39,2917,13801,18,9
1784445513136361187,1,122671,39,2865,13801,17,8
1784445513186361394,0,126941,39,2917,13801,18,9
1784445513186361394,1,122671,39,2865,13801,17,8
1784445513236361184,0,126725,39,2917,13801,17,8
1784445513236361184,1,122671,39,2865,13801,17,8
1784445513286361152,0,126725,39,2917,13801,17,8
1784445513286361152,1,122671,39,2865,13801,17,8
1784445513336361056,0,126725,39,2917,13801,17,8
1784445513336361056,1,122671,39,2865,13801,17,8
1784445513386360386,0,126725,39,2917,13801,17,8
1784445513386360386,1,122671,39,2865,13801,17,8
1784445513436360780,0,126725,39,2917,13801,17,8
1784445513436360780,1,122671,39,2865,13801,17,8
1784445513486361473,0,126725,39,2917,13801,17,8
1784445513486361473,1,122671,39,2865,13801,17,8
1784445513536361546,0,126725,39,2917,13801,17,8
1784445513536361546,1,122671,39,2865,13801,17,8
1784445513586360674,0,126725,39,2917,13801,17,8
1784445513586360674,1,122671,39,2865,13801,17,8
1784445513636361191,0,126725,39,2917,13801,17,8
1784445513636361191,1,122720,38,2865,13801,17,9
1784445513686361345,0,126725,39,2917,13801,17,8
1784445513686361345,1,122720,38,2865,13801,17,9
1784445513736361091,0,126473,39,2917,13801,17,8
1784445513736361091,1,122720,38,2865,13801,17,9
1784445513786360607,0,126473,39,2917,13801,17,8
1784445513786360607,1,122720,38,2865,13801,17,9
1784445513836360804,0,126473,39,2917,13801,17,8
1784445513836360804,1,122720,38,2865,13801,17,9
1784445513886361308,0,126473,39,2917,13801,17,8
1784445513886361308,1,122720,38,2865,13801,17,9
1784445513936360509,0,126473,39,2917,13801,17,8
1784445513936360509,1,122720,38,2865,13801,17,9
1784445513986361833,0,126473,39,2917,13801,17,8
1784445513986361833,1,122720,38,2865,13801,17,9
1784445514036361812,0,126473,39,2917,13801,17,8
1784445514036361812,1,122720,38,2865,13801,17,9
1784445514086361105,0,126473,39,2917,13801,17,8
1784445514086361105,1,122720,38,2865,13801,17,9
1784445514136360884,0,126473,39,2917,13801,17,8
1784445514136360884,1,122382,39,2865,13801,17,9
1784445514186360704,0,126473,39,2917,13801,17,8
1784445514186360704,1,122382,39,2865,13801,17,9
1784445514236360802,0,126260,39,2917,13801,17,8
1784445514236360802,1,122382,39,2865,13801,17,9
1784445514286361252,0,126260,39,2917,13801,17,8
1784445514286361252,1,122382,39,2865,13801,17,9
1784445514336360772,0,126260,39,2917,13801,17,8
1784445514336360772,1,122382,39,2865,13801,17,9
1784445514386361804,0,126260,39,2917,13801,17,8
1784445514386361804,1,122382,39,2865,13801,17,9
1784445514436361249,0,126260,39,2917,13801,17,8
1784445514436361249,1,122382,39,2865,13801,17,9
1784445514486360932,0,126260,39,2917,13801,17,8
1784445514486360932,1,122382,39,2865,13801,17,9
1784445514536361445,0,126260,39,2917,13801,17,8
1784445514536361445,1,122382,39,2865,13801,17,9
1784445514586361303,0,126260,39,2917,13801,17,8
1784445514586361303,1,122382,39,2865,13801,17,9
1784445514636361103,0,126260,39,2917,13801,17,8
1784445514636361103,1,122262,39,2865,13801,17,8
1784445514686360818,0,126260,39,2917,13801,17,8
1784445514686360818,1,122262,39,2865,13801,17,8
1784445514736369713,0,126106,39,2917,13801,17,8
1784445514736369713,1,122262,39,2865,13801,17,8
1784445514786362622,0,126106,39,2917,13801,17,8
1784445514786362622,1,122262,39,2865,13801,17,8
1784445514836361752,0,126106,39,2917,13801,17,8
1784445514836361752,1,122262,39,2865,13801,17,8
1784445514886360917,0,126106,39,2917,13801,17,8
1784445514886360917,1,122262,39,2865,13801,17,8
1784445514936361437,0,126106,39,2917,13801,17,8
1784445514936361437,1,122262,39,2865,13801,17,8
1784445514986361939,0,126106,39,2917,13801,17,8
1784445514986361939,1,122262,39,2865,13801,17,8
1784445515036361630,0,126106,39,2917,13801,17,8
1784445515036361630,1,122262,39,2865,13801,17,8
1784445515086361293,0,126106,39,2917,13801,17,8
1784445515086361293,1,122262,39,2865,13801,17,8
1784445515136360928,0,126106,39,2917,13801,17,8
1784445515136360928,1,122439,39,2865,13801,18,9
1784445515186361935,0,126106,39,2917,13801,17,8
1784445515186361935,1,122439,39,2865,13801,18,9
1784445515236360516,0,126159,39,2917,13801,17,8
1784445515236360516,1,122439,39,2865,13801,18,9
1784445515286359080,0,126159,39,2917,13801,17,8
1784445515286359080,1,122439,39,2865,13801,18,9
1784445515336359359,0,126159,39,2917,13801,17,8
1784445515336359359,1,122439,39,2865,13801,18,9
1784445515386361201,0,126159,39,2917,13801,17,8
1784445515386361201,1,122439,39,2865,13801,18,9
1784445515436360447,0,126159,39,2917,13801,17,8
1784445515436360447,1,122439,39,2865,13801,18,9
1784445515486359835,0,126159,39,2917,13801,17,8
1784445515486359835,1,122439,39,2865,13801,18,9
1784445515536360476,0,126159,39,2917,13801,17,8
1784445515536360476,1,122439,39,2865,13801,18,9
1784445515586356722,0,126159,39,2917,13801,17,8
1784445515586356722,1,122439,39,2865,13801,18,9
1784445515636360627,0,126159,39,2917,13801,17,8
1784445515636360627,1,122349,39,2865,13801,17,8
1784445515686359053,0,126159,39,2917,13801,17,8
1784445515686359053,1,122349,39,2865,13801,17,8
1784445515736359096,0,118233,38,2670,13801,0,0
1784445515736359096,1,122349,39,2865,13801,17,8
1784445515786360744,0,118233,38,2670,13801,0,0
1784445515786360744,1,122349,39,2865,13801,17,8
1784445515836359256,0,118233,38,2670,13801,0,0
1784445515836359256,1,122349,39,2865,13801,17,8
1784445515886360771,0,118233,38,2670,13801,0,0
1784445515886360771,1,122349,39,2865,13801,17,8
1784445515936359412,0,118233,38,2670,13801,0,0
1784445515936359412,1,122349,39,2865,13801,17,8
1784445515986361224,0,118233,38,2670,13801,0,0
1784445515986361224,1,122349,39,2865,13801,17,8
1784445516036359499,0,118233,38,2670,13801,0,0
1784445516036359499,1,122349,39,2865,13801,17,8
1784445516086359577,0,118233,38,2670,13801,0,0
1784445516086359577,1,122349,39,2865,13801,17,8
1784445516136359434,0,118233,38,2670,13801,0,0
1784445516136359434,1,108362,37,2572,13801,0,0
1784445516186357994,0,118233,38,2670,13801,0,0
1784445516186357994,1,108362,37,2572,13801,0,0
1784445516236358345,0,82619,36,2400,13801,0,0
1784445516236358345,1,108362,37,2572,13801,0,0
1784445516286359803,0,82619,36,2400,13801,0,0
1784445516286359803,1,108362,37,2572,13801,0,0
1784445516336357394,0,82619,36,2400,13801,0,0
1784445516336357394,1,108362,37,2572,13801,0,0
1784445516386358190,0,82619,36,2400,13801,0,0
1784445516386358190,1,108362,37,2572,13801,0,0
1784445516436358999,0,82619,36,2400,13801,0,0
1784445516436358999,1,108362,37,2572,13801,0,0
1784445516486359445,0,82619,36,2400,13801,0,0
1784445516486359445,1,108362,37,2572,13801,0,0
1784445516536359637,0,82619,36,2400,13801,0,0
1784445516536359637,1,108362,37,2572,13801,0,0
1784445516586359792,0,82619,36,2400,13801,0,0
1784445516586359792,1,108362,37,2572,13801,0,0
1784445516636357853,0,82619,36,2400,13801,0,0
1784445516636357853,1,81654,36,2400,13801,0,0
1784445516686358429,0,82619,36,2400,13801,0,0
1784445516686358429,1,81654,36,2400,13801,0,0
1784445516736357599,0,56617,36,2400,13801,0,0
1784445516736357599,1,81654,36,2400,13801,0,0
1784445516786356903,0,56617,36,2400,13801,0,0
1784445516786356903,1,81654,36,2400,13801,0,0
1784445516836363149,0,56617,36,2400,13801,0,0
1784445516836363149,1,81654,36,2400,13801,0,0
1784445516886361224,0,56617,36,2400,13801,0,0
1784445516886361224,1,81654,36,2400,13801,0,0
1784445516936360577,0,56617,36,2400,13801,0,0
1784445516936360577,1,81654,36,2400,13801,0,0
1784445516986360326,0,56617,36,2400,13801,0,0
1784445516986360326,1,81654,36,2400,13801,0,0
1784445517036362379,0,56617,36,2400,13801,0,0
1784445517036362379,1,81654,36,2400,13801,0,0
1784445517086360598,0,56617,36,2400,13801,0,0
1784445517086360598,1,81654,36,2400,13801,0,0
1784445517136359782,0,56617,36,2400,13801,0,0
1784445517136359782,1,63939,36,2400,13801,0,0
1784445517186361231,0,56617,36,2400,13801,0,0
1784445517186361231,1,63939,36,2400,13801,0,0
1784445517236361274,0,60307,36,2400,14001,0,0
1784445517236361274,1,63939,36,2400,13801,0,0
1784445517286359825,0,60307,36,2400,14001,0,0
1784445517286359825,1,63939,36,2400,13801,0,0
1784445517336368663,0,60307,36,2400,14001,0,0
1784445517336368663,1,63939,36,2400,13801,0,0
1784445517386361529,0,60307,36,2400,14001,0,0
1784445517386361529,1,63939,36,2400,13801,0,0
1784445517436360918,0,60307,36,2400,14001,0,0
1784445517436360918,1,63939,36,2400,13801,0,0
1784445517486360437,0,60307,36,2400,14001,0,0
1784445517486360437,1,63939,36,2400,13801,0,0
1784445517536368080,0,60307,36,2400,14001,0,0
1784445517536368080,1,63939,36,2400,13801,0,0
1784445517586353450,0,60307,36,2400,14001,0,0
1784445517586353450,1,63939,36,2400,13801,0,0
1784445517636360568,0,60307,36,2400,14001,0,0
1784445517636360568,1,63816,36,2400,13801,0,0
1784445517686359537,0,60307,36,2400,14001,0,0
1784445517686359537,1,63816,36,2400,13801,0,0
1784445517737040524,0,60216,35,2400,14001,0,0
1784445517737040524,1,63816,36,2400,13801,0,0
1784445517786366654,0,60216,35,2400,14001,0,0
1784445517786366654,1,63816,36,2400,13801,0,0
1784445517836362778,0,60216,35,2400,14001,0,0
1784445517836362778,1,63816,36,2400,13801,0,0
1784445517886356078,0,60216,35,2400,14001,0,0
1784445517886356078,1,63816,36,2400,13801,0,0
1784445517936362702,0,60216,35,2400,14001,0,0
1784445517936362702,1,63816,36,2400,13801,0,0
1784445517986362686,0,60216,35,2400,14001,0,0
1784445517986362686,1,63816,36,2400,13801,0,0
1784445518036360967,0,60216,35,2400,14001,0,0
1784445518036360967,1,63816,36,2400,13801,0,0
1784445518086364589,0,60216,35,2400,14001,0,0
1784445518086364589,1,63816,36,2400,13801,0,0
1784445518136360636,0,60216,35,2400,14001,0,0
1784445518136360636,1,67973,36,2400,14001,27,15
1784445518186360629,0,60216,35,2400,14001,0,0
1784445518186360629,1,67973,36,2400,14001,27,15
1784445518236387152,0,55832,35,2400,14001,0,0
1784445518236387152,1,67973,36,2400,14001,27,15
1784445518286356252,0,55832,35,2400,14001,0,0
1784445518286356252,1,67973,36,2400,14001,27,15
1784445518336363420,0,55832,35,2400,14001,0,0
1784445518336363420,1,67973,36,2400,14001,27,15
1784445518386355181,0,55832,35,2400,14001,0,0
1784445518386355181,1,67973,36,2400,14001,27,15
1784445518436360878,0,55832,35,2400,14001,0,0
1784445518436360878,1,67973,36,2400,14001,27,15
1784445518486358361,0,55832,35,2400,14001,0,0
1784445518486358361,1,67973,36,2400,14001,27,15
1784445518536364515,0,55832,35,2400,14001,0,0
1784445518536364515,1,67973,36,2400,14001,27,15
1784445518586360825,0,55832,35,2400,14001,0,0
1784445518586360825,1,67973,36,2400,14001,27,15
1784445518636362749,0,55832,35,2400,14001,0,0
1784445518636362749,1,67532,36,2400,14001,0,0
1784445518686360839,0,55832,35,2400,14001,0,0
1784445518686360839,1,67532,36,2400,14001,0,0
1784445518736359520,0,55725,35,2400,7001,0,0
1784445518736359520,1,67532,36,2400,14001,0,0
1784445518786357582,0,55725,35,2400,7001,0,0
1784445518786357582,1,67532,36,2400,14001,0,0
1784445518836357984,0,55725,35,2400,7001,0,0
1784445518836357984,1,67532,36,2400,14001,0,0
1784445518886361064,0,55725,35,2400,7001,0,0
1784445518886361064,1,67532,36,2400,14001,0,0
1784445518936360593,0,55725,35,2400,7001,0,0
1784445518936360593,1,67532,36,2400,14001,0,0
1784445518986366920,0,55725,35,2400,7001,0,0
1784445518986366920,1,67532,36,2400,14001,0,0
1784445519036359797,0,55725,35,2400,7001,0,0
1784445519036359797,1,67532,36,2400,14001,0,0
1784445519086362245,0,55725,35,2400,7001,0,0
1784445519086362245,1,67532,36,2400,14001,0,0
1784445519136359416,0,55725,35,2400,7001,0,0
1784445519136359416,1,65555,36,2400,14001,0,0
1784445519186358765,0,55725,35,2400,7001,0,0
1784445519186358765,1,65555,36,2400,14001,0,0
1784445519236360814,0,55725,35,2400,7001,0,0
1784445519236360814,1,65555,36,2400,14001,0,0
1784445519286362625,0,55725,35,2400,7001,0,0
1784445519286362625,1,65555,36,2400,14001,0,0
1784445519336360897,0,55725,35,2400,7001,0,0
1784445519336360897,1,65555,36,2400,14001,0,0
1784445519386360965,0,55725,35,2400,7001,0,0
1784445519386360965,1,65555,36,2400,14001,0,0
1784445519436362732,0,55725,35,2400,7001,0,0
1784445519436362732,1,65555,36,2400,14001,0,0
1784445519486361943,0,55725,35,2400,7001,0,0
1784445519486361943,1,65555,36,2400,14001,0,0
1784445519536360837,0,55725,35,2400,7001,0,0
1784445519536360837,1,65555,36,2400,14001,0,0
1784445519586361636,0,55725,35,2400,7001,0,0
1784445519586361636,1,65555,36,2400,14001,0,0
1784445519636359898,0,55725,35,2400,7001,0,0
1784445519636359898,1,55634,35,810,7001,0,0
1784445519686359432,0,55725,35,2400,7001,0,0
1784445519686359432,1,55634,35,810,7001,0,0
1784445519736361138,0,30582,34,682,7001,0,0
1784445519736361138,1,55634,35,810,7001,0,0
1784445519786359297,0,30582,34,682,7001,0,0
1784445519786359297,1,55634,35,810,7001,0,0
1784445519836359280,0,30582,34,682,7001,0,0
1784445519836359280,1,55634,35,810,7001,0,0
1784445519886359277,0,30582,34,682,7001,0,0
1784445519886359277,1,55634,35,810,7001,0,0
1784445519936362571,0,30582,34,682,7001,0,0
1784445519936362571,1,55634,35,810,7001,0,0
1784445519986359688,0,30582,34,682,7001,0,0
1784445519986359688,1,55634,35,810,7001,0,0
1784445520036358992,0,30582,34,682,7001,0,0
1784445520036358992,1,55634,35,810,7001,0,0
1784445520086359849,0,30582,34,682,7001,0,0
1784445520086359849,1,55634,35,810,7001,0,0
1784445520136362560,0,30582,34,682,7001,0,0
1784445520136362560,1,55634,35,810,7001,0,0
1784445520186361001,0,30582,34,682,7001,0,0
1784445520186361001,1,55634,35,810,7001,0,0
1784445520236360159,0,30582,34,682,7001,0,0
1784445520236360159,1,55634,35,810,7001,0,0
1784445520286362171,0,30582,34,682,7001,0,0
1784445520286362171,1,55634,35,810,7001,0,0
1784445520336361399,0,30582,34,682,7001,0,0
1784445520336361399,1,55634,35,810,7001,0,0
1784445520386355722,0,30582,34,682,7001,0,0
1784445520386355722,1,55634,35,810,7001,0,0
1784445520436367902,0,30582,34,682,7001,0,0
1784445520436367902,1,55634,35,810,7001,0,0
1784445520486362774,0,30582,34,682,7001,0,0
1784445520486362774,1,55634,35,810,7001,0,0
1784445520536362735,0,30582,34,682,7001,0,0
1784445520536362735,1,55634,35,810,7001,0,0
1784445520586361918,0,30582,34,682,7001,0,0
1784445520586361918,1,55634,35,810,7001,0,0
1784445520636359820,0,30582,34,682,7001,0,0
1784445520636359820,1,35261,34,502,7001,0,0
1784445520686359348,0,30582,34,682,7001,0,0
1784445520686359348,1,35261,34,502,7001,0,0
1784445520736361305,0,27537,33,427,7001,0,0
1784445520736361305,1,35261,34,502,7001,0,0
1784445520786359818,0,27537,33,427,7001,0,0
1784445520786359818,1,35261,34,502,7001,0,0
1784445520836360656,0,27537,33,427,7001,0,0
1784445520836360656,1,35261,34,502,7001,0,0
1784445520886359990,0,27537,33,427,7001,0,0
1784445520886359990,1,35261,34,502,7001,0,0
1784445520936358981,0,27537,33,427,7001,0,0
1784445520936358981,1,35261,34,502,7001,0,0
1784445520986358588,0,27537,33,427,7001,0,0
1784445520986358588,1,35261,34,502,7001,0,0
1784445521036361644,0,27537,33,427,7001,0,0
1784445521036361644,1,35261,34,502,7001,0,0
1784445521086360218,0,27537,33,427,7001,0,0
1784445521086360218,1,35261,34,502,7001,0,0
1784445521136360088,0,27537,33,427,7001,0,0
1784445521136360088,1,35261,34,502,7001,0,0
1784445521186359436,0,27537,33,427,7001,0,0
1784445521186359436,1,35261,34,502,7001,0,0
1784445521236360042,0,27537,33,427,7001,0,0
1784445521236360042,1,35261,34,502,7001,0,0
1784445521286359846,0,27537,33,427,7001,0,0
1784445521286359846,1,35261,34,502,7001,0,0
1784445521336360136,0,27537,33,427,7001,0,0
1784445521336360136,1,35261,34,502,7001,0,0
1784445521386360827,0,27537,33,427,7001,0,0
1784445521386360827,1,35261,34,502,7001,0,0
1784445521436361704,0,27537,33,427,7001,0,0
1784445521436361704,1,35261,34,502,7001,0,0
1784445521486361941,0,27537,33,427,7001,0,0
1784445521486361941,1,35261,34,502,7001,0,0
1784445521536363855,0,27537,33,427,7001,0,0
1784445521536363855,1,35261,34,502,7001,0,0
1784445521586362479,0,27537,33,427,7001,0,0
1784445521586362479,1,35261,34,502,7001,0,0
1784445521636359649,0,27537,33,427,7001,0,0
1784445521636359649,1,32855,34,322,810,0,0
1784445521686357516,0,27537,33,427,7001,0,0
1784445521686357516,1,32855,34,322,810,0,0
1784445521736359064,0,14211,33,255,810,0,0
1784445521736359064,1,32855,34,322,810,0,0
1784445521786359182,0,14211,33,255,810,0,0
1784445521786359182,1,32855,34,322,810,0,0
1784445521836359245,0,14211,33,255,810,0,0
1784445521836359245,1,32855,34,322,810,0,0
1784445521886359108,0,14211,33,255,810,0,0
1784445521886359108,1,32855,34,322,810,0,0
1784445521936358930,0,14211,33,255,810,0,0
1784445521936358930,1,32855,34,322,810,0,0
1784445521986359103,0,14211,33,255,810,0,0
1784445521986359103,1,32855,34,322,810,0,0
1784445522036357829,0,14211,33,255,810,0,0
1784445522036357829,1,32855,34,322,810,0,0
1784445522086358842,0,14211,33,255,810,0,0
1784445522086358842,1,32855,34,322,810,0,0
1784445522136359653,0,14211,33,255,810,0,0
1784445522136359653,1,32855,34,322,810,0,0
1784445522186360931,0,14211,33,255,810,0,0
1784445522186360931,1,32855,34,322,810,0,0
1784445522236360172,0,14211,33,255,810,0,0
1784445522236360172,1,32855,34,322,810,0,0
1784445522286359117,0,14211,33,255,810,0,0
1784445522286359117,1,32855,34,322,810,0,0
1784445522336360275,0,14211,33,255,810,0,0
1784445522336360275,1,32855,34,322,810,0,0
1784445522386359959,0,14211,33,255,810,0,0
1784445522386359959,1,32855,34,322,810,0,0
1784445522436358891,0,14211,33,255,810,0,0
1784445522436358891,1,32855,34,322,810,0,0
1784445522486360054,0,14211,33,255,810,0,0
1784445522486360054,1,32855,34,322,810,0,0
1784445522536361002,0,14211,33,255,810,0,0
1784445522536361002,1,32855,34,322,810,0,0
1784445522586359487,0,14211,33,255,810,0,0
1784445522586359487,1,32855,34,322,810,0,0
1784445522636362098,0,14211,33,255,810,0,0
1784445522636362098,1,28194,33,187,810,0,0
1784445522686359482,0,14211,33,255,810,0,0
1784445522686359482,1,28194,33,187,810,0,0
1784445522736359164,0,10674,32,180,405,0,0
1784445522736359164,1,28194,33,187,810,0,0
1784445522786357388,0,10674,32,180,405,0,0
1784445522786357388,1,28194,33,187,810,0,0
1784445522836360414,0,10674,32,180,405,0,0
1784445522836360414,1,28194,33,187,810,0,0
1784445522886359161,0,10674,32,180,405,0,0
1784445522886359161,1,28194,33,187,810,0,0
1784445522936357954,0,10674,32,180,405,0,0
1784445522936357954,1,28194,33,187,810,0,0
1784445522986358814,0,10674,32,180,405,0,0
1784445522986358814,1,28194,33,187,810,0,0
1784445523036359218,0,10674,32,180,405,0,0
1784445523036359218,1,28194,33,187,810,0,0
1784445523086358204,0,10674,32,180,405,0,0
1784445523086358204,1,28194,33,187,810,0,0
1784445523136359203,0,10674,32,180,405,0,0
1784445523136359203,1,28194,33,187,810,0,0
1784445523186359483,0,10674,32,180,405,0,0
1784445523186359483,1,28194,33,187,810,0,0
1784445523236360127,0,10674,32,180,405,0,0
1784445523236360127,1,28194,33,187,810,0,0
1784445523286357532,0,10674,32,180,405,0,0
1784445523286357532,1,28194,33,187,810,0,0
1784445523336360296,0,10674,32,180,405,0,0
1784445523336360296,1,28194,33,187,810,0,0
1784445523386360521,0,10674,32,180,405,0,0
1784445523386360521,1,28194,33,187,810,0,0
1784445523436358508,0,10674,32,180,405,0,0
1784445523436358508,1,28194,33,187,810,0,0
1784445523486361339,0,10674,32,180,405,0,0
1784445523486361339,1,28194,33,187,810,0,0
1784445523536361544,0,10674,32,180,405,0,0
1784445523536361544,1,28194,33,187,810,0,0
1784445523586359211,0,10674,32,180,405,0,0
1784445523586359211,1,28194,33,187,810,0,0
1784445523636359607,0,10674,32,180,405,0,0
1784445523636359607,1,22051,33,180,405,0,0
1784445523686360125,0,10674,32,180,405,0,0
1784445523686360125,1,22051,33,180,405,0,0
1784445523736358768,0,10281,32,180,405,0,0
1784445523736358768,1,22051,33,180,405,0,0
1784445523786357856,0,10281,32,180,405,0,0
1784445523786357856,1,22051,33,180,405,0,0
1784445523836359109,0,10281,32,180,405,0,0
1784445523836359109,1,22051,33,180,405,0,0
1784445523886359171,0,10281,32,180,405,0,0
1784445523886359171,1,22051,33,180,405,0,0
1784445523936357272,0,10281,32,180,405,0,0
1784445523936357272,1,22051,33,180,405,0,0
1784445523986358871,0,10281,32,180,405,0,0
1784445523986358871,1,22051,33,180,405,0,0
1784445524036357786,0,10281,32,180,405,0,0
1784445524036357786,1,22051,33,180,405,0,0
1784445524086358570,0,10281,32,180,405,0,0
1784445524086358570,1,22051,33,180,405,0,0
1784445524136359112,0,10281,32,180,405,0,0
1784445524136359112,1,22051,33,180,405,0,0
1784445524186359099,0,10281,32,180,405,0,0
1784445524186359099,1,22051,33,180,405,0,0
1784445524236359846,0,10281,32,180,405,0,0
1784445524236359846,1,22051,33,180,405,0,0
1784445524286359498,0,10281,32,180,405,0,0
1784445524286359498,1,22051,33,180,405,0,0
1784445524336358471,0,10281,32,180,405,0,0
1784445524336358471,1,22051,33,180,405,0,0
1784445524386360902,0,10281,32,180,405,0,0
1784445524386360902,1,22051,33,180,405,0,0
1784445524436361271,0,10281,32,180,405,0,0
1784445524436361271,1,22051,33,180,405,0,0
1784445524486361202,0,10281,32,180,405,0,0
1784445524486361202,1,22051,33,180,405,0,0
1784445524536359891,0,10281,32,180,405,0,0
1784445524536359891,1,22051,33,180,405,0,0
1784445524586358756,0,10281,32,180,405,0,0
1784445524586358756,1,22051,33,180,405,0,0
1784445524636358186,0,10281,32,180,405,0,0
1784445524636358186,1,19966,33,180,405,0,0
1784445524686359102,0,10281,32,180,405,0,0
1784445524686359102,1,19966,33,180,405,0,0
1784445524736359177,0,9775,32,180,405,0,0
1784445524736359177,1,19966,33,180,405,0,0
1784445524786359116,0,9775,32,180,405,0,0
1784445524786359116,1,19966,33,180,405,0,0
1784445524836359270,0,9775,32,180,405,0,0
1784445524836359270,1,19966,33,180,405,0,0
1784445524886358440,0,9775,32,180,405,0,0
1784445524886358440,1,19966,33,180,405,0,0
1784445524936359145,0,9775,32,180,405,0,0
1784445524936359145,1,19966,33,180,405,0,0
1784445524986358904,0,9775,32,180,405,0,0
1784445524986358904,1,19966,33,180,405,0,0
1784445525036362813,0,9775,32,180,405,0,0
1784445525036362813,1,19966,33,180,405,0,0
1784445525086352783,0,9775,32,180,405,0,0
1784445525086352783,1,19966,33,180,405,0,0
1784445525150445249,0,9775,32,180,405,0,0
1784445525150445249,1,19966,33,180,405,0,0
1784445525186360512,0,9775,32,180,405,0,0
1784445525186360512,1,19966,33,180,405,0,0
1784445525236360708,0,9775,32,180,405,0,0
1784445525236360708,1,19966,33,180,405,0,0
1784445525286361274,0,9775,32,180,405,0,0
1784445525286361274,1,19966,33,180,405,0,0
1784445525336359424,0,9775,32,180,405,0,0
1784445525336359424,1,19966,33,180,405,0,0
1784445525386372702,0,9775,32,180,405,0,0
1784445525386372702,1,19966,33,180,405,0,0
1784445525436362934,0,9775,32,180,405,0,0
1784445525436362934,1,19966,33,180,405,0,0
1784445525486356805,0,9775,32,180,405,0,0
1784445525486356805,1,19966,33,180,405,0,0
1784445525536359526,0,9775,32,180,405,0,0
1784445525536359526,1,19966,33,180,405,0,0
1784445525586360326,0,9775,32,180,405,0,0
1784445525586360326,1,19966,33,180,405,0,0
1784445525636363767,0,9775,32,180,405,0,0
1784445525636363767,1,19235,33,180,405,0,0
1784445525686355908,0,9775,32,180,405,0,0
1784445525686355908,1,19235,33,180,405,0,0
1784445525736361673,0,9432,31,180,405,0,0
1784445525736361673,1,19235,33,180,405,0,0
1784445525786370539,0,9432,31,180,405,0,0
1784445525786370539,1,19235,33,180,405,0,0
1784445525836362613,0,9432,31,180,405,0,0
1784445525836362613,1,19235,33,180,405,0,0
1784445525886370920,0,9432,31,180,405,0,0
1784445525886370920,1,19235,33,180,405,0,0
1784445525936362426,0,9432,31,180,405,0,0
1784445525936362426,1,19235,33,180,405,0,0
1784445525986360716,0,9432,31,180,405,0,0
1784445525986360716,1,19235,33,180,405,0,0
1784445526036368743,0,9432,31,180,405,0,0
1784445526036368743,1,19235,33,180,405,0,0
1784445526086363040,0,9432,31,180,405,0,0
1784445526086363040,1,19235,33,180,405,0,0
1784445526136359951,0,9432,31,180,405,0,0
1784445526136359951,1,19235,33,180,405,0,0
1784445526186361112,0,9432,31,180,405,0,0
1784445526186361112,1,19235,33,180,405,0,0
1784445526236361381,0,9432,31,180,405,0,0
1784445526236361381,1,19235,33,180,405,0,0
1784445526286361091,0,9432,31,180,405,0,0
1784445526286361091,1,19235,33,180,405,0,0
1784445526336360680,0,9432,31,180,405,0,0
1784445526336360680,1,19235,33,180,405,0,0
1784445526386361747,0,9432,31,180,405,0,0
1784445526386361747,1,19235,33,180,405,0,0
1784445526436358881,0,9432,31,180,405,0,0
1784445526436358881,1,19235,33,180,405,0,0
1784445526486358702,0,9432,31,180,405,0,0
1784445526486358702,1,19235,33,180,405,0,0
1784445526536360668,0,9432,31,180,405,0,0
1784445526536360668,1,19235,33,180,405,0,0
1784445526586359677,0,9432,31,180,405,0,0
1784445526586359677,1,19235,33,180,405,0,0
1784445526636359104,0,9432,31,180,405,0,0
1784445526636359104,1,19155,32,180,405,0,0
1784445526686358655,0,9432,31,180,405,0,0
1784445526686358655,1,19155,32,180,405,0,0
1784445526736359329,0,9440,31,180,405,0,0
1784445526736359329,1,19155,32,180,405,0,0
1784445526786359012,0,9440,31,180,405,0,0
1784445526786359012,1,19155,32,180,405,0,0
1784445526836358809,0,9440,31,180,405,0,0
1784445526836358809,1,19155,32,180,405,0,0
1784445526886359090,0,9440,31,180,405,0,0
1784445526886359090,1,19155,32,180,405,0,0
1784445526936362116,0,9440,31,180,405,0,0
1784445526936362116,1,19155,32,180,405,0,0
1784445526986360804,0,9440,31,180,405,0,0
1784445526986360804,1,19155,32,180,405,0,0
1784445527036358884,0,9440,31,180,405,0,0
1784445527036358884,1,19155,32,180,405,0,0
1784445527086358832,0,9440,31,180,405,0,0
1784445527086358832,1,19155,32,180,405,0,0
1784445527136360190,0,9440,31,180,405,0,0
1784445527136360190,1,19155,32,180,405,0,0
1784445527186359611,0,9440,31,180,405,0,0
1784445527186359611,1,19155,32,180,405,0,0
1784445527236360546,0,9440,31,180,405,0,0
1784445527236360546,1,19155,32,180,405,0,0
1784445527286360471,0,9440,31,180,405,0,0
1784445527286360471,1,19155,32,180,405,0,0
1784445527336365964,0,9440,31,180,405,0,0
1784445527336365964,1,19155,32,180,405,0,0
1784445527386353798,0,9440,31,180,405,0,0
1784445527386353798,1,19155,32,180,405,0,0
1784445527436361145,0,9440,31,180,405,0,0
1784445527436361145,1,19155,32,180,405,0,0
1784445527486361370,0,9440,31,180,405,0,0
1784445527486361370,1,19155,32,180,405,0,0
1784445527536360990,0,9440,31,180,405,0,0
1784445527536360990,1,19155,32,180,405,0,0
1784445527586362946,0,9440,31,180,405,0,0
1784445527586362946,1,19155,32,180,405,0,0
1784445527636360402,0,9440,31,180,405,0,0
1784445527636360402,1,19060,32,180,405,0,0
1784445527686363840,0,9440,31,180,405,0,0
1784445527686363840,1,19060,32,180,405,0,0
1784445527736362203,0,9415,31,180,405,0,0
1784445527736362203,1,19060,32,180,405,0,0
1784445527786357825,0,9415,31,180,405,0,0
1784445527786357825,1,19060,32,180,405,0,0
1784445527836360892,0,9415,31,180,405,0,0
1784445527836360892,1,19060,32,180,405,0,0
1784445527886366579,0,9415,31,180,405,0,0
1784445527886366579,1,19060,32,180,405,0,0
1784445527936362209,0,9415,31,180,405,0,0
1784445527936362209,1,19060,32,180,405,0,0
1784445527986363922,0,9415,31,180,405,0,0
1784445527986363922,1,19060,32,180,405,0,0
1784445528036360353,0,9415,31,180,405,0,0
1784445528036360353,1,19060,32,180,405,0,0
1784445528086359656,0,9415,31,180,405,0,0
1784445528086359656,1,19060,32,180,405,0,0
1784445528136360071,0,9415,31,180,405,0,0
1784445528136360071,1,19537,32,180,405,0,0
1784445528186362650,0,9415,31,180,405,0,0
1784445528186362650,1,19537,32,180,405,0,0
1784445528236360998,0,10188,31,180,405,0,0
1784445528236360998,1,19537,32,180,405,0,0
1784445528286359895,0,10188,31,180,405,0,0
1784445528286359895,1,19537,32,180,405,0,0
1784445528336361721,0,10188,31,180,405,0,0
1784445528336361721,1,19537,32,180,405,0,0
1784445528386373232,0,10188,31,180,405,0,0
1784445528386373232,1,19537,32,180,405,0,0
1784445528436371565,0,10188,31,180,405,0,0
1784445528436371565,1,19537,32,180,405,0,0
1784445528486371618,0,10188,31,180,405,0,0
1784445528486371618,1,19537,32,180,405,0,0
1784445528536373068,0,10188,31,180,405,0,0
1784445528536373068,1,19537,32,180,405,0,0
1784445528586371142,0,10188,31,180,405,0,0
1784445528586371142,1,19537,32,180,405,0,0
1784445528636385884,0,10188,31,180,405,0,0
1784445528636385884,1,20228,32,180,405,0,0
1784445528686352774,0,10188,31,180,405,0,0
1784445528686352774,1,20228,32,180,405,0,0
1784445528736359971,0,10680,31,180,405,0,0
1784445528736359971,1,20228,32,180,405,0,0
1784445528786352244,0,10680,31,180,405,0,0
1784445528786352244,1,20228,32,180,405,0,0
1784445528836360625,0,10680,31,180,405,0,0
1784445528836360625,1,20228,32,180,405,0,0
1784445528886353926,0,10680,31,180,405,0,0
1784445528886353926,1,20228,32,180,405,0,0
1784445528936362675,0,10680,31,180,405,0,0
1784445528936362675,1,20228,32,180,405,0,0
1784445528986359239,0,10680,31,180,405,0,0
1784445528986359239,1,20228,32,180,405,0,0
1784445529036359660,0,10680,31,180,405,0,0
1784445529036359660,1,20228,32,180,405,0,0
1784445529086360716,0,10680,31,180,405,0,0
1784445529086360716,1,20228,32,180,405,0,0
1784445529136359637,0,10680,31,180,405,0,0
1784445529136359637,1,20265,32,180,405,0,0
1784445529186359568,0,10680,31,180,405,0,0
1784445529186359568,1,20265,32,180,405,0,0
1784445529236360519,0,11940,31,180,405,0,0
1784445529236360519,1,20265,32,180,405,0,0
1784445529286362211,0,11940,31,180,405,0,0
1784445529286362211,1,20265,32,180,405,0,0
1784445529336358902,0,11940,31,180,405,0,0
1784445529336358902,1,20265,32,180,405,0,0
1784445529386358259,0,11940,31,180,405,0,0
1784445529386358259,1,20265,32,180,405,0,0
1784445529436334506,0,11940,31,180,405,0,0
1784445529436334506,1,20265,32,180,405,0,0
1784445529486355481,0,11940,31,180,405,0,0
1784445529486355481,1,20265,32,180,405,0,0
1784445529536383516,0,11940,31,180,405,0,0
1784445529536383516,1,20265,32,180,405,0,0
1784445529586370158,0,11940,31,180,405,0,0
1784445529586370158,1,20265,32,180,405,0,0
1784445529636363401,0,11940,31,180,405,0,0
1784445529636363401,1,20265,32,180,405,0,0
1784445529686362020,0,11940,31,180,405,0,0
1784445529686362020,1,20265,32,180,405,0,0
1784445529736364577,0,11940,31,180,405,0,0
1784445529736364577,1,20265,32,180,405,0,0
1784445529786360482,0,11940,31,180,405,0,0
1784445529786360482,1,20265,32,180,405,0,0
1784445529836359553,0,11940,31,180,405,0,0
1784445529836359553,1,20265,32,180,405,0,0
1784445529886359070,0,11940,31,180,405,0,0
1784445529886359070,1,20265,32,180,405,0,0
1784445529936361796,0,11940,31,180,405,0,0
1784445529936361796,1,20265,32,180,405,0,0
1784445529986359878,0,11940,31,180,405,0,0
1784445529986359878,1,20265,32,180,405,0,0
1784445530036358847,0,11940,31,180,405,0,0
1784445530036358847,1,20265,32,180,405,0,0
1784445530086358990,0,11940,31,180,405,0,0
1784445530086358990,1,20265,32,180,405,0,0
1784445530136361564,0,11940,31,180,405,0,0
1784445530136361564,1,19598,32,180,405,0,0
1784445530186361542,0,11940,31,180,405,0,0
1784445530186361542,1,19598,32,180,405,0,0
1784445530236361930,0,10015,31,180,405,0,0
1784445530236361930,1,19598,32,180,405,0,0
1784445530286363905,0,10015,31,180,405,0,0
1784445530286363905,1,19598,32,180,405,0,0
1784445530336359708,0,10015,31,180,405,0,0
1784445530336359708,1,19598,32,180,405,0,0
1784445530386359955,0,10015,31,180,405,0,0
1784445530386359955,1,19598,32,180,405,0,0
1784445530436382655,0,10015,31,180,405,0,0
1784445530436382655,1,19598,32,180,405,0,0
1784445530486384741,0,10015,31,180,405,0,0
1784445530486384741,1,19598,32,180,405,0,0
1784445530536362753,0,10015,31,180,405,0,0
1784445530536362753,1,19598,32,180,405,0,0
1784445530586363799,0,10015,31,180,405,0,0
1784445530586363799,1,19598,32,180,405,0,0
1784445530636362257,0,10015,31,180,405,0,0
1784445530636362257,1,19598,32,180,405,0,0
1784445530686361456,0,10015,31,180,405,0,0
1784445530686361456,1,19598,32,180,405,0,0
1784445530736362200,0,10015,31,180,405,0,0
1784445530736362200,1,19598,32,180,405,0,0
1784445530786361596,0,10015,31,180,405,0,0
1784445530786361596,1,19598,32,180,405,0,0
1784445530836362341,0,10015,31,180,405,0,0
1784445530836362341,1,19598,32,180,405,0,0
1784445530886360961,0,10015,31,180,405,0,0
1784445530886360961,1,19598,32,180,405,0,0
1784445530936361989,0,10015,31,180,405,0,0
1784445530936361989,1,19598,32,180,405,0,0
1784445530986353758,0,10015,31,180,405,0,0
1784445530986353758,1,19598,32,180,405,0,0
1784445531036370638,0,10015,31,180,405,0,0
1784445531036370638,1,19598,32,180,405,0,0
1784445531086370894,0,10015,31,180,405,0,0
1784445531086370894,1,19598,32,180,405,0,0
1784445531136364160,0,10015,31,180,405,0,0
1784445531136364160,1,19045,32,180,405,0,0
1784445531186359445,0,10015,31,180,405,0,0
1784445531186359445,1,19045,32,180,405,0,0
1784445531236361122,0,10046,31,172,405,0,0
1784445531236361122,1,19045,32,180,405,0,0
1784445531286360974,0,10046,31,172,405,0,0
1784445531286360974,1,19045,32,180,405,0,0
1784445531336358914,0,10046,31,172,405,0,0
1784445531336358914,1,19045,32,180,405,0,0
1784445531386361304,0,10046,31,172,405,0,0
1784445531386361304,1,19045,32,180,405,0,0
1784445531436359735,0,10046,31,172,405,0,0
1784445531436359735,1,19045,32,180,405,0,0
1784445531486360205,0,10046,31,172,405,0,0
1784445531486360205,1,19045,32,180,405,0,0
1784445531536362335,0,10046,31,172,405,0,0
1784445531536362335,1,19045,32,180,405,0,0
1784445531586360463,0,10046,31,172,405,0,0
1784445531586360463,1,19045,32,180,405,0,0
1784445531636359688,0,10046,31,172,405,0,0
1784445531636359688,1,19045,32,180,405,0,0
1784445531686358693,0,10046,31,172,405,0,0
1784445531686358693,1,19045,32,180,405,0,0
1784445531736359891,0,10046,31,172,405,0,0
1784445531736359891,1,19045,32,180,405,0,0
1784445531786359339,0,10046,31,172,405,0,0
1784445531786359339,1,19045,32,180,405,0,0
1784445531836360269,0,10046,31,172,405,0,0
1784445531836360269,1,19045,32,180,405,0,0
1784445531886360935,0,10046,31,172,405,0,0
1784445531886360935,1,19045,32,180,405,0,0
1784445531936359431,0,10046,31,172,405,0,0
1784445531936359431,1,19045,32,180,405,0,0
1784445531986358162,0,10046,31,172,405,0,0
1784445531986358162,1,19045,32,180,405,0,0
1784445532036358369,0,10046,31,172,405,0,0
1784445532036358369,1,19045,32,180,405,0,0
1784445532086360031,0,10046,31,172,405,0,0
1784445532086360031,1,19045,32,180,405,0,0
1784445532136361030,0,10046,31,172,405,0,0
1784445532136361030,1,19285,32,180,405,0,1
1784445532186359600,0,10046,31,172,405,0,0
1784445532186359600,1,19285,32,180,405,0,1
1784445532236360786,0,9785,31,180,405,0,0
1784445532236360786,1,19285,32,180,405,0,1
1784445532286359995,0,9785,31,180,405,0,0
1784445532286359995,1,19285,32,180,405,0,1
1784445532336359249,0,9785,31,180,405,0,0
1784445532336359249,1,19285,32,180,405,0,1
1784445532386361690,0,9785,31,180,405,0,0
1784445532386361690,1,19285,32,180,405,0,1
1784445532436359090,0,9785,31,180,405,0,0
1784445532436359090,1,19285,32,180,405,0,1
1784445532486360440,0,9785,31,180,405,0,0
1784445532486360440,1,19285,32,180,405,0,1
1784445532536362161,0,9785,31,180,405,0,0
1784445532536362161,1,19285,32,180,405,0,1
1784445532586359549,0,9785,31,180,405,0,0
1784445532586359549,1,19285,32,180,405,0,1
1784445532636357968,0,9785,31,180,405,0,0
1784445532636357968,1,19285,32,180,405,0,1
1784445532686358485,0,9785,31,180,405,0,0
1784445532686358485,1,19285,32,180,405,0,1
1784445532736359766,0,9785,31,180,405,0,0
1784445532736359766,1,19285,32,180,405,0,1
1784445532786359532,0,9785,31,180,405,0,0
1784445532786359532,1,19285,32,180,405,0,1
1784445532836358916,0,9785,31,180,405,0,0
1784445532836358916,1,19285,32,180,405,0,1
1784445532886361090,0,9785,31,180,405,0,0
1784445532886361090,1,19285,32,180,405,0,1
1784445532936359606,0,9785,31,180,405,0,0
1784445532936359606,1,19285,32,180,405,0,1
1784445532986359450,0,9785,31,180,405,0,0
1784445532986359450,1,19285,32,180,405,0,1
1784445533036359568,0,9785,31,180,405,0,0
1784445533036359568,1,19285,32,180,405,0,1
1784445533086358496,0,9785,31,180,405,0,0
1784445533086358496,1,19285,32,180,405,0,1
1784445533136360203,0,9785,31,180,405,0,0
1784445533136360203,1,19320,32,180,405,0,1
1784445533186357798,0,9785,31,180,405,0,0
1784445533186357798,1,19320,32,180,405,0,0
1784445533236360790,0,9840,30,180,405,0,0
1784445533236360790,1,19320,32,180,405,0,0
1784445533286359844,0,9840,30,180,405,0,0
1784445533286359844,1,19320,32,180,405,0,0
1784445533336358216,0,9840,30,180,405,0,0
1784445533336358216,1,19320,32,180,405,0,0
1784445533386361458,0,9840,30,180,405,0,0
1784445533386361458,1,19320,32,180,405,0,0
1784445533436361228,0,9840,30,180,405,0,0
1784445533436361228,1,19320,32,180,405,0,0
1784445533486361267,0,9840,30,180,405,0,0
1784445533486361267,1,19320,32,180,405,0,0
1784445533536362071,0,9840,30,180,405,0,0
1784445533536362071,1,19320,32,180,405,0,0
1784445533586360076,0,9840,30,180,405,0,0
1784445533586360076,1,19320,32,180,405,0,0
1784445533636357396,0,9840,30,180,405,0,0
1784445533636357396,1,19320,32,180,405,0,0
1784445533686359570,0,9840,30,180,405,0,0
1784445533686359570,1,19320,32,180,405,0,0
1784445533736360068,0,9840,30,180,405,0,0
1784445533736360068,1,19320,32,180,405,0,0
1784445533786359164,0,9840,30,180,405,0,0
1784445533786359164,1,19320,32,180,405,0,0
1784445533836359712,0,9840,30,180,405,0,0
1784445533836359712,1,19320,32,180,405,0,0
1784445533886361541,0,9840,30,180,405,0,0
1784445533886361541,1,19320,32,180,405,0,0
1784445533936359362,0,9840,30,180,405,0,0
1784445533936359362,1,19320,32,180,405,0,0
1784445533986359004,0,9840,30,180,405,0,0
1784445533986359004,1,19320,32,180,405,0,0
1784445534036359000,0,9840,30,180,405,0,0
1784445534036359000,1,19320,32,180,405,0,0
1784445534086360007,0,9840,30,180,405,0,0
1784445534086360007,1,19320,32,180,405,0,0
1784445534136359908,0,9840,30,180,405,0,0
1784445534136359908,1,18971,32,180,405,0,0
1784445534186359451,0,9840,30,180,405,0,0
1784445534186359451,1,18971,32,180,405,0,0
1784445534236360877,0,9780,30,180,405,0,0
1784445534236360877,1,18971,32,180,405,0,0
1784445534286359454,0,9780,30,180,405,0,0
1784445534286359454,1,18971,32,180,405,0,0
1784445534336360204,0,9780,30,180,405,0,0
1784445534336360204,1,18971,32,180,405,0,0
1784445534386361073,0,9780,30,180,405,0,0
1784445534386361073,1,18971,32,180,405,0,0
1784445534436362681,0,9780,30,180,405,0,0
1784445534436362681,1,18971,32,180,405,0,0
1784445534486360429,0,9780,30,180,405,0,0
1784445534486360429,1,18971,32,180,405,0,0
1784445534536360948,0,9780,30,180,405,0,0
1784445534536360948,1,18971,32,180,405,0,0
1784445534586357181,0,9780,30,180,405,0,0
1784445534586357181,1,18971,32,180,405,0,0
1784445534636358696,0,9780,30,180,405,0,0
1784445534636358696,1,18971,32,180,405,0,0
1784445534686360138,0,9780,30,180,405,0,0
1784445534686360138,1,18971,32,180,405,0,0
1784445534736359291,0,9780,30,180,405,0,0
1784445534736359291,1,18971,32,180,405,0,0
1784445534786359681,0,9780,30,180,405,0,0
1784445534786359681,1,18971,32,180,405,0,0
1784445534836359434,0,9780,30,180,405,0,0
1784445534836359434,1,18971,32,180,405,0,0
1784445534886360204,0,9780,30,180,405,0,0
1784445534886360204,1,18971,32,180,405,0,0
1784445534936359052,0,9780,30,180,405,0,0
1784445534936359052,1,18971,32,180,405,0,0
1784445534986359993,0,9780,30,180,405,0,0
1784445534986359993,1,18971,32,180,405,0,0
1784445535036357580,0,9780,30,180,405,0,0
1784445535036357580,1,18971,32,180,405,0,0
1784445535086359021,0,9780,30,180,405,0,0
1784445535086359021,1,18971,32,180,405,0,0
1784445535136359485,0,9780,30,180,405,0,0
1784445535136359485,1,18971,32,180,405,0,0
1784445535186359202,0,9780,30,180,405,0,0
1784445535186359202,1,18786,32,180,405,0,0
1784445535236359981,0,9906,30,180,405,0,0
1784445535236359981,1,18786,32,180,405,0,0
1784445535286359815,0,9906,30,180,405,0,0
1784445535286359815,1,18786,32,180,405,0,0
1784445535336359386,0,9906,30,180,405,0,0
1784445535336359386,1,18786,32,180,405,0,0
1784445535386368451,0,9906,30,180,405,0,0
1784445535386368451,1,18786,32,180,405,0,0
1784445535436361603,0,9906,30,180,405,0,0
1784445535436361603,1,18786,32,180,405,0,0
1784445535486360689,0,9906,30,180,405,0,0
1784445535486360689,1,18786,32,180,405,0,0
1784445535536371243,0,9906,30,180,405,0,0
1784445535536371243,1,18786,32,180,405,0,0
1784445535586364787,0,9906,30,180,405,0,0
1784445535586364787,1,18786,32,180,405,0,0
1784445535636363013,0,9906,30,180,405,0,0
1784445535636363013,1,18786,32,180,405,0,0
1784445535686360546,0,9906,30,180,405,0,0
1784445535686360546,1,18786,32,180,405,0,0
1784445535736372468,0,9906,30,180,405,0,0
1784445535736372468,1,18786,32,180,405,0,0
1784445535786355396,0,9906,30,180,405,0,0
1784445535786355396,1,18786,32,180,405,0,0
1784445535836361216,0,9906,30,180,405,0,0
1784445535836361216,1,18786,32,180,405,0,0
1784445535886360538,0,9906,30,180,405,0,0
1784445535886360538,1,18786,32,180,405,0,0
1784445535936358973,0,9906,30,180,405,0,0
1784445535936358973,1,18786,32,180,405,0,0
1784445535986359155,0,9906,30,180,405,0,0
1784445535986359155,1,18786,32,180,405,0,0
1784445536036358547,0,9906,30,180,405,0,0
1784445536036358547,1,18786,32,180,405,0,0
1784445536086359697,0,9906,30,180,405,0,0
1784445536086359697,1,18786,32,180,405,0,0
1784445536136358576,0,9906,30,180,405,0,0
1784445536136358576,1,18786,32,180,405,0,0
1784445536186359470,0,9906,30,180,405,0,0
1784445536186359470,1,19019,31,180,405,0,0
1784445536236360860,0,9972,30,180,405,0,0
1784445536236360860,1,19019,31,180,405,0,0
1784445536286358659,0,9972,30,180,405,0,0
1784445536286358659,1,19019,31,180,405,0,0
1784445536336359703,0,9972,30,180,405,0,0
1784445536336359703,1,19019,31,180,405,0,0
1784445536386361327,0,9972,30,180,405,0,0
1784445536386361327,1,19019,31,180,405,0,0
1784445536436359404,0,9972,30,180,405,0,0
1784445536436359404,1,19019,31,180,405,0,0
1784445536486359691,0,9972,30,180,405,0,0
1784445536486359691,1,19019,31,180,405,0,0
1784445536536361757,0,9972,30,180,405,0,0
1784445536536361757,1,19019,31,180,405,0,0
1784445536586359233,0,9972,30,180,405,0,0
1784445536586359233,1,19019,31,180,405,0,0
1784445536636358946,0,9972,30,180,405,0,0
1784445536636358946,1,19019,31,180,405,0,0
1784445536686359571,0,9972,30,180,405,0,0
1784445536686359571,1,19019,31,180,405,0,0
1784445536736371633,0,9972,30,180,405,0,0
1784445536736371633,1,19019,31,180,405,0,0
1784445536786364000,0,9972,30,180,405,0,0
1784445536786364000,1,19019,31,180,405,0,0
1784445536836363330,0,9972,30,180,405,0,0
1784445536836363330,1,19019,31,180,405,0,0
1784445536886360389,0,9972,30,180,405,0,0
1784445536886360389,1,19019,31,180,405,0,0
1784445536936364455,0,9972,30,180,405,0,0
1784445536936364455,1,19019,31,180,405,0,0
1784445536986362890,0,9972,30,180,405,0,0
1784445536986362890,1,19019,31,180,405,0,0
1784445537036361241,0,9972,30,180,405,0,0
1784445537036361241,1,19019,31,180,405,0,0
1784445537086360917,0,9972,30,180,405,0,0
1784445537086360917,1,19019,31,180,405,0,0
1784445537136361289,0,9972,30,180,405,0,0
1784445537136361289,1,19019,31,180,405,0,0
1784445537186360502,0,9972,30,180,405,0,0
1784445537186360502,1,19142,31,180,405,0,0
1784445537236361895,0,9672,30,180,405,0,0
1784445537236361895,1,19142,31,180,405,0,0
1784445537286361032,0,9672,30,180,405,0,0
1784445537286361032,1,19142,31,180,405,0,0
1784445537336366916,0,9672,30,180,405,0,0
1784445537336366916,1,19142,31,180,405,0,0
1784445537386367762,0,9672,30,180,405,0,0
1784445537386367762,1,19142,31,180,405,0,0
1784445537436366453,0,9672,30,180,405,0,0
1784445537436366453,1,19142,31,180,405,0,0
1784445537486363948,0,9672,30,180,405,0,0
1784445537486363948,1,19142,31,180,405,0,0
1784445537536361452,0,9672,30,180,405,0,0
1784445537536361452,1,19142,31,180,405,0,0
1784445537586362632,0,9672,30,180,405,0,0
1784445537586362632,1,19142,31,180,405,0,0
1784445537636362771,0,9672,30,180,405,0,0
1784445537636362771,1,19142,31,180,405,0,0
1784445537686363029,0,9672,30,180,405,0,0
1784445537686363029,1,19142,31,180,405,0,0
1784445537736361264,0,9672,30,180,405,0,0
1784445537736361264,1,19142,31,180,405,0,0
1784445537786355961,0,9672,30,180,405,0,0
1784445537786355961,1,19142,31,180,405,0,0
1784445537836362420,0,9672,30,180,405,0,0
1784445537836362420,1,19142,31,180,405,0,0
1784445537886368353,0,9672,30,180,405,0,0
1784445537886368353,1,19142,31,180,405,0,0
1784445537936364092,0,9672,30,180,405,0,0
1784445537936364092,1,19142,31,180,405,0,0
1784445537986362402,0,9672,30,180,405,0,0
1784445537986362402,1,19142,31,180,405,0,0
1784445538036361802,0,9672,30,180,405,0,0
1784445538036361802,1,19142,31,180,405,0,0
1784445538086353277,0,9672,30,180,405,0,0
1784445538086353277,1,19142,31,180,405,0,0
1784445538136362356,0,9672,30,180,405,0,0
1784445538136362356,1,19142,31,180,405,0,0
1784445538186361927,0,9672,30,180,405,0,0
1784445538186361927,1,19105,31,180,405,0,0
1784445538236367868,0,9759,30,180,405,0,0
1784445538236367868,1,19105,31,180,405,0,0
1784445538286362880,0,9759,30,180,405,0,0
1784445538286362880,1,19105,31,180,405,0,0
1784445538336361107,0,9759,30,180,405,0,0
1784445538336361107,1,19105,31,180,405,0,0
1784445538386364033,0,9759,30,180,405,0,0
1784445538386364033,1,19105,31,180,405,0,0
1784445538436361190,0,9759,30,180,405,0,0
1784445538436361190,1,19105,31,180,405,0,0
1784445538486359170,0,9759,30,180,405,0,0
1784445538486359170,1,19105,31,180,405,0,0
1784445538536362063,0,9759,30,180,405,0,0
1784445538536362063,1,19105,31,180,405,0,0
1784445538586361369,0,9759,30,180,405,0,0
1784445538586361369,1,19105,31,180,405,0,0
1784445538636362006,0,9759,30,180,405,0,0
1784445538636362006,1,19105,31,180,405,0,0
1784445538686363012,0,9759,30,180,405,0,0
1784445538686363012,1,19105,31,180,405,0,0
1784445538736367635,0,9759,30,180,405,0,0
1784445538736367635,1,19105,31,180,405,0,0
1784445538786356478,0,9759,30,180,405,0,0
1784445538786356478,1,19105,31,180,405,0,0
1784445538836360782,0,9759,30,180,405,0,0
1784445538836360782,1,19105,31,180,405,0,0
1784445538886380403,0,9759,30,180,405,0,0
1784445538886380403,1,19105,31,180,405,0,0
1784445538936363384,0,9759,30,180,405,0,0
1784445538936363384,1,19105,31,180,405,0,0
1784445538986359195,0,9759,30,180,405,0,0
1784445538986359195,1,19105,31,180,405,0,0
1784445539036359169,0,9759,30,180,405,0,0
1784445539036359169,1,19105,31,180,405,0,0
1784445539086358625,0,9759,30,180,405,0,0
1784445539086358625,1,19105,31,180,405,0,0
1784445539136365842,0,9759,30,180,405,0,0
1784445539136365842,1,19105,31,180,405,0,0
1784445539186352537,0,9759,30,180,405,0,0
1784445539186352537,1,19063,31,180,405,0,0
1784445539236361178,0,10038,30,180,405,0,0
1784445539236361178,1,19063,31,180,405,0,0
1784445539286361871,0,10038,30,180,405,0,0
1784445539286361871,1,19063,31,180,405,0,0
1784445539336361172,0,10038,30,180,405,0,0
1784445539336361172,1,19063,31,180,405,0,0
1784445539386361815,0,10038,30,180,405,0,0
1784445539386361815,1,19063,31,180,405,0,0
1784445539436361405,0,10038,30,180,405,0,0
1784445539436361405,1,19063,31,180,405,0,0
1784445539486361665,0,10038,30,180,405,0,0
1784445539486361665,1,19063,31,180,405,0,0
1784445539536359988,0,10038,30,180,405,0,0
1784445539536359988,1,19063,31,180,405,0,0
1784445539586361910,0,10038,30,180,405,0,0
1784445539586361910,1,19063,31,180,405,0,0
1784445539636364221,0,10038,30,180,405,0,0
1784445539636364221,1,19063,31,180,405,0,0
1784445539686361948,0,10038,30,180,405,0,0
1784445539686361948,1,19063,31,180,405,0,0
1784445539736362986,0,10038,30,180,405,0,0
1784445539736362986,1,19063,31,180,405,0,0
1784445539786362190,0,10038,30,180,405,0,0
1784445539786362190,1,19063,31,180,405,0,0
1784445539836360986,0,10038,30,180,405,0,0
1784445539836360986,1,19063,31,180,405,0,0
1784445539886352124,0,10038,30,180,405,0,0
1784445539886352124,1,19063,31,180,405,0,0
1784445539936362073,0,10038,30,180,405,0,0
1784445539936362073,1,19063,31,180,405,0,0
1784445539986363014,0,10038,30,180,405,0,0
1784445539986363014,1,19063,31,180,405,0,0
1784445540036359481,0,10038,30,180,405,0,0
1784445540036359481,1,19063,31,180,405,0,0
1784445540086359650,0,10038,30,180,405,0,0
1784445540086359650,1,19063,31,180,405,0,0
1784445540136361798,0,10038,30,180,405,0,0
1784445540136361798,1,19063,31,180,405,0,0
1784445540186359592,0,10038,30,180,405,0,0
1784445540186359592,1,19209,31,180,405,0,0
1784445540236361593,0,9101,30,180,405,0,0
1784445540236361593,1,19209,31,180,405,0,0
1784445540286373285,0,9101,30,180,405,0,0
1784445540286373285,1,19209,31,180,405,0,0
1784445540336373956,0,9101,30,180,405,0,0
1784445540336373956,1,19209,31,180,405,0,0
1784445540386364131,0,9101,30,180,405,0,0
1784445540386364131,1,19209,31,180,405,0,0
1784445540436361348,0,9101,30,180,405,0,0
1784445540436361348,1,19209,31,180,405,0,0
1784445540486360792,0,9101,30,180,405,0,0
1784445540486360792,1,19209,31,180,405,0,0
1784445540536361499,0,9101,30,180,405,0,0
1784445540536361499,1,19209,31,180,405,0,0
1784445540586363548,0,9101,30,180,405,0,0
1784445540586363548,1,19209,31,180,405,0,0
1784445540636361375,0,9101,30,180,405,0,0
1784445540636361375,1,19209,31,180,405,0,0
1784445540686354727,0,9101,30,180,405,0,0
1784445540686354727,1,19209,31,180,405,0,0
1784445540736368383,0,9101,30,180,405,0,0
1784445540736368383,1,19209,31,180,405,0,0
1784445540786366910,0,9101,30,180,405,0,0
1784445540786366910,1,19209,31,180,405,0,0
1784445540836372174,0,9101,30,180,405,0,0
1784445540836372174,1,19209,31,180,405,0,0
1784445540886367728,0,9101,30,180,405,0,0
1784445540886367728,1,19209,31,180,405,0,0
1784445540936363971,0,9101,30,180,405,0,0
1784445540936363971,1,19209,31,180,405,0,0
1784445540986357784,0,9101,30,180,405,0,0
1784445540986357784,1,19209,31,180,405,0,0
1784445541036361697,0,9101,30,180,405,0,0
1784445541036361697,1,19209,31,180,405,0,0
1784445541086354565,0,9101,30,180,405,0,0
1784445541086354565,1,19209,31,180,405,0,0
1784445541136362094,0,9101,30,180,405,0,0
1784445541136362094,1,19209,31,180,405,0,0
1784445541186350390,0,9101,30,180,405,0,0
1784445541186350390,1,19161,31,180,405,0,0
1784445541236364638,0,9264,30,180,405,0,0
1784445541236364638,1,19161,31,180,405,0,0
1784445541286360565,0,9264,30,180,405,0,0
1784445541286360565,1,19161,31,180,405,0,0
1784445541336359615,0,9264,30,180,405,0,0
1784445541336359615,1,19161,31,180,405,0,0
1784445541386362551,0,9264,30,180,405,0,0
1784445541386362551,1,19161,31,180,405,0,0
1784445541436366828,0,9264,30,180,405,0,0
1784445541436366828,1,19161,31,180,405,0,0
1784445541486368357,0,9264,30,180,405,0,0
1784445541486368357,1,19161,31,180,405,0,0
1784445541536364696,0,9264,30,180,405,0,0
1784445541536364696,1,19161,31,180,405,0,0
1784445541586361065,0,9264,30,180,405,0,0
1784445541586361065,1,19161,31,180,405,0,0
1784445541636359759,0,9264,30,180,405,0,0
1784445541636359759,1,19161,31,180,405,0,0
1784445541686359843,0,9264,30,180,405,0,0
1784445541686359843,1,19161,31,180,405,0,0
1784445541736367626,0,9264,30,180,405,0,0
1784445541736367626,1,19161,31,180,405,0,0
1784445541786360694,0,9264,30,180,405,0,0
1784445541786360694,1,19161,31,180,405,0,0
1784445541836359719,0,9264,30,180,405,0,0
1784445541836359719,1,19161,31,180,405,0,0
1784445541886358601,0,9264,30,180,405,0,0
1784445541886358601,1,19161,31,180,405,0,0
1784445541936360377,0,9264,30,180,405,0,0
1784445541936360377,1,19161,31,180,405,0,0
1784445541986359905,0,9264,30,180,405,0,0
1784445541986359905,1,19161,31,180,405,0,0
1784445542036359032,0,9264,30,180,405,0,0
1784445542036359032,1,19161,31,180,405,0,0
1784445542086355643,0,9264,30,180,405,0,0
1784445542086355643,1,19161,31,180,405,0,0
1784445542136358881,0,9264,30,180,405,0,0
1784445542136358881,1,19161,31,180,405,0,0
1784445542186357928,0,9264,30,180,405,0,0
1784445542186357928,1,19359,31,180,405,0,0
1784445542236362186,0,9500,29,180,405,0,0
1784445542236362186,1,19359,31,180,405,0,0
1784445542286361153,0,9500,29,180,405,0,0
1784445542286361153,1,19359,31,180,405,0,0
1784445542336358587,0,9500,29,180,405,0,0
1784445542336358587,1,19359,31,180,405,0,0
1784445542386359959,0,9500,29,180,405,0,0
1784445542386359959,1,19359,31,180,405,0,0
1784445542436358224,0,9500,29,180,405,0,0
1784445542436358224,1,19359,31,180,405,0,0
1784445542486359212,0,9500,29,180,405,0,0
1784445542486359212,1,19359,31,180,405,0,0
1784445542536361309,0,9500,29,180,405,0,0
1784445542536361309,1,19359,31,180,405,0,0
1784445542586362243,0,9500,29,180,405,0,0
1784445542586362243,1,19359,31,180,405,0,0
1784445542636366144,0,9500,29,180,405,0,0
1784445542636366144,1,19359,31,180,405,0,0
1784445542686358719,0,9500,29,180,405,0,0
1784445542686358719,1,19359,31,180,405,0,0
1784445542736363055,0,9500,29,180,405,0,0
1784445542736363055,1,19359,31,180,405,0,0
1784445542786359405,0,9500,29,180,405,0,0
1784445542786359405,1,19359,31,180,405,0,0
1784445542836359746,0,9500,29,180,405,0,0
1784445542836359746,1,19359,31,180,405,0,0
1784445542950742863,0,9500,29,180,405,0,0
1784445542950742863,1,19359,31,180,405,0,0
1784445542950857665,0,9500,29,180,405,0,0
1784445542950857665,1,19359,31,180,405,0,0
1784445542986359358,0,9500,29,180,405,0,0
1784445542986359358,1,19359,31,180,405,0,0
1784445543036361756,0,9500,29,180,405,0,0
1784445543036361756,1,19359,31,180,405,0,0
1784445543086352078,0,9500,29,180,405,0,0
1784445543086352078,1,19359,31,180,405,0,0
1784445543136359800,0,9500,29,180,405,0,0
1784445543136359800,1,19359,31,180,405,0,0
1784445543186359301,0,9500,29,180,405,0,0
1784445543186359301,1,19129,31,180,405,0,3
1784445543236361286,0,9553,29,180,405,0,0
1784445543236361286,1,19129,31,180,405,0,3
1784445543286360877,0,9553,29,180,405,0,0
1784445543286360877,1,19129,31,180,405,0,3
1784445543336364553,0,9553,29,180,405,0,0
1784445543336364553,1,19129,31,180,405,0,3
1784445543386362413,0,9553,29,180,405,0,0
1784445543386362413,1,19129,31,180,405,0,3
1784445543436362681,0,9553,29,180,405,0,0
1784445543436362681,1,19129,31,180,405,0,3
1784445543486360042,0,9553,29,180,405,0,0
1784445543486360042,1,19129,31,180,405,0,3
1784445543536361002,0,9553,29,180,405,0,0
1784445543536361002,1,19129,31,180,405,0,3
1784445543586360699,0,9553,29,180,405,0,0
1784445543586360699,1,19129,31,180,405,0,3
1784445543636360316,0,9553,29,180,405,0,0
1784445543636360316,1,19129,31,180,405,0,3
1784445543686359303,0,9553,29,180,405,0,0
1784445543686359303,1,19129,31,180,405,0,3
1784445543736360470,0,9553,29,180,405,0,0
1784445543736360470,1,19129,31,180,405,0,3
1784445543786359917,0,9553,29,180,405,0,0
1784445543786359917,1,19129,31,180,405,0,3
1784445543836359730,0,9553,29,180,405,0,0
1784445543836359730,1,19129,31,180,405,0,3
1784445543886361611,0,9553,29,180,405,0,0
1784445543886361611,1,19129,31,180,405,0,3
1784445543936361112,0,9553,29,180,405,0,0
1784445543936361112,1,19129,31,180,405,0,3
1784445543986360408,0,9553,29,180,405,0,0
1784445543986360408,1,19129,31,180,405,0,3
1784445544036359268,0,9553,29,180,405,0,0
1784445544036359268,1,19129,31,180,405,0,3
1784445544086360323,0,9553,29,180,405,0,0
1784445544086360323,1,19129,31,180,405,0,3
1784445544136359962,0,9553,29,180,405,0,0
1784445544136359962,1,19129,31,180,405,0,3
1784445544186362378,0,9553,29,180,405,0,0
1784445544186362378,1,19105,31,180,405,0,0
1784445544236363258,0,9255,29,180,405,0,1
1784445544236363258,1,19105,31,180,405,0,0
1784445544286362515,0,9255,29,180,405,0,1
1784445544286362515,1,19105,31,180,405,0,0
1784445544336360932,0,9255,29,180,405,0,1
1784445544336360932,1,19105,31,180,405,0,0
1784445544386360196,0,9255,29,180,405,0,1
1784445544386360196,1,19105,31,180,405,0,0
1784445544436359586,0,9255,29,180,405,0,1
1784445544436359586,1,19105,31,180,405,0,0
1784445544486359096,0,9255,29,180,405,0,1
1784445544486359096,1,19105,31,180,405,0,0
1784445544536360095,0,9255,29,180,405,0,1
1784445544536360095,1,19105,31,180,405,0,0
1784445544586359138,0,9255,29,180,405,0,1
1784445544586359138,1,19105,31,180,405,0,0
1784445544636358706,0,9255,29,180,405,0,1
1784445544636358706,1,19105,31,180,405,0,0
1784445544686352291,0,9255,29,180,405,0,1
1784445544686352291,1,19105,31,180,405,0,0
1784445544736359275,0,9255,29,180,405,0,1
1784445544736359275,1,19105,31,180,405,0,0
1784445544786351424,0,9255,29,180,405,0,1
1784445544786351424,1,19105,31,180,405,0,0
1784445544836361687,0,9255,29,180,405,0,1
1784445544836361687,1,19105,31,180,405,0,0
1784445544886356561,0,9255,29,180,405,0,1
1784445544886356561,1,19105,31,180,405,0,0
1784445544936359565,0,9255,29,180,405,0,1
1784445544936359565,1,19105,31,180,405,0,0
1784445544986351168,0,9255,29,180,405,0,1
1784445544986351168,1,19105,31,180,405,0,0
1784445545036359364,0,9255,29,180,405,0,1
1784445545036359364,1,19105,31,180,405,0,0
1784445545086359752,0,9255,29,180,405,0,1
1784445545086359752,1,19105,31,180,405,0,0
1784445545136359224,0,9255,29,180,405,0,1
1784445545136359224,1,19105,31,180,405,0,0
1784445545186361811,0,9255,29,180,405,0,1
1784445545186361811,1,19063,31,180,405,0,0
1784445545236361833,0,10093,29,180,405,0,0
1784445545236361833,1,19063,31,180,405,0,0
1784445545286361064,0,10093,29,180,405,0,0
1784445545286361064,1,19063,31,180,405,0,0
1784445545336361022,0,10093,29,180,405,0,0
1784445545336361022,1,19063,31,180,405,0,0
1784445545386354858,0,10093,29,180,405,0,0
1784445545386354858,1,19063,31,180,405,0,0
1784445545436362085,0,10093,29,180,405,0,0
1784445545436362085,1,19063,31,180,405,0,0
1784445545486361909,0,10093,29,180,405,0,0
1784445545486361909,1,19063,31,180,405,0,0
1784445545536361319,0,10093,29,180,405,0,0
1784445545536361319,1,19063,31,180,405,0,0
1784445545586362127,0,10093,29,180,405,0,0
1784445545586362127,1,19063,31,180,405,0,0
1784445545636362129,0,10093,29,180,405,0,0
1784445545636362129,1,19063,31,180,405,0,0
1784445545686360223,0,10093,29,180,405,0,0
1784445545686360223,1,19063,31,180,405,0,0
1784445545736362701,0,10524,29,180,405,0,0
1784445545736362701,1,19063,31,180,405,0,0
1784445545786361642,0,10524,29,180,405,0,0
1784445545786361642,1,19063,31,180,405,0,0
1784445545836361586,0,10524,29,180,405,0,0
1784445545836361586,1,19063,31,180,405,0,0
1784445545886360866,0,10524,29,180,405,0,0
1784445545886360866,1,19063,31,180,405,0,0
1784445545936372212,0,10524,29,180,405,0,0
1784445545936372212,1,19063,31,180,405,0,0
1784445545986362523,0,10524,29,180,405,0,0
1784445545986362523,1,19063,31,180,405,0,0
1784445546036359734,0,10524,29,180,405,0,0
1784445546036359734,1,19063,31,180,405,0,0
1784445546086355891,0,10524,29,180,405,0,0
1784445546086355891,1,19063,31,180,405,0,0
1784445546136361060,0,10524,29,180,405,0,0
1784445546136361060,1,19063,31,180,405,0,0
1784445546186357723,0,10524,29,180,405,0,0
1784445546186357723,1,23950,32,180,13801,1,0
1784445546236360059,0,10582,29,180,405,0,0
1784445546236360059,1,23950,32,180,13801,1,0
1784445546286360124,0,10582,29,180,405,0,0
1784445546286360124,1,23950,32,180,13801,1,0
1784445546336357297,0,10582,29,180,405,0,0
1784445546336357297,1,23950,32,180,13801,1,0
1784445546386357722,0,10582,29,180,405,0,0
1784445546386357722,1,23950,32,180,13801,1,0
1784445546436366481,0,10582,29,180,405,0,0
1784445546436366481,1,23950,32,180,13801,1,0
1784445546486360450,0,10582,29,180,405,0,0
1784445546486360450,1,23950,32,180,13801,1,0
1784445546536360559,0,10582,29,180,405,0,0
1784445546536360559,1,23950,32,180,13801,1,0
1784445546586358113,0,10582,29,180,405,0,0
1784445546586358113,1,23950,32,180,13801,1,0
1784445546636358442,0,10582,29,180,405,0,0
1784445546636358442,1,23950,32,180,13801,1,0
1784445546686360759,0,10582,29,180,405,0,0
1784445546686360759,1,35518,32,2400,13801,1,0
1784445546736360147,0,10582,29,180,405,0,0
1784445546736360147,1,35518,32,2400,13801,1,0
1784445546786360030,0,10582,29,180,405,0,0
1784445546786360030,1,35518,32,2400,13801,1,0
1784445546836358913,0,10582,29,180,405,0,0
1784445546836358913,1,35518,32,2400,13801,1,0
1784445546886350719,0,10582,29,180,405,0,0
1784445546886350719,1,35518,32,2400,13801,1,0
1784445546936361866,0,10582,29,180,405,0,0
1784445546936361866,1,35518,32,2400,13801,1,0
1784445546986361001,0,10582,29,180,405,0,0
1784445546986361001,1,35518,32,2400,13801,1,0
1784445547036363875,0,10582,29,180,405,0,0
1784445547036363875,1,35518,32,2400,13801,1,0
1784445547086353257,0,10582,29,180,405,0,0
1784445547086353257,1,35518,32,2400,13801,1,0
1784445547136359673,0,10582,29,180,405,0,0
1784445547136359673,1,35518,32,2400,13801,1,0
1784445547186358409,0,10582,29,180,405,0,0
1784445547186358409,1,63930,32,2400,13801,0,0
1784445547236359165,0,9633,29,180,405,0,0
1784445547236359165,1,63930,32,2400,13801,0,0
1784445547286358183,0,9633,29,180,405,0,0
1784445547286358183,1,63930,32,2400,13801,0,0
1784445547336357189,0,9633,29,180,405,0,0
1784445547336357189,1,63930,32,2400,13801,0,0
1784445547386358985,0,9633,29,180,405,0,0
1784445547386358985,1,63930,32,2400,13801,0,0
1784445547436366403,0,9633,29,180,405,0,0
1784445547436366403,1,63930,32,2400,13801,0,0
1784445547486360226,0,9633,29,180,405,0,0
1784445547486360226,1,63930,32,2400,13801,0,0
1784445547536359690,0,9633,29,180,405,0,0
1784445547536359690,1,63930,32,2400,13801,0,0
1784445547586362027,0,9633,29,180,405,0,0
1784445547586362027,1,63930,32,2400,13801,0,0
1784445547636359167,0,9633,29,180,405,0,0
1784445547636359167,1,63930,32,2400,13801,0,0
1784445547686362731,0,9633,29,180,405,0,0
1784445547686362731,1,62843,33,2400,13801,0,0
1784445547736366276,0,9633,29,180,405,0,0
1784445547736366276,1,62843,33,2400,13801,0,0
1784445547786364440,0,9633,29,180,405,0,0
1784445547786364440,1,62843,33,2400,13801,0,0
1784445547836362882,0,9633,29,180,405,0,0
1784445547836362882,1,62843,33,2400,13801,0,0
1784445547886362905,0,9633,29,180,405,0,0
1784445547886362905,1,62843,33,2400,13801,0,0
1784445547936361809,0,9633,29,180,405,0,0
1784445547936361809,1,62843,33,2400,13801,0,0
1784445547986363982,0,9633,29,180,405,0,0
1784445547986363982,1,62843,33,2400,13801,0,0
1784445548036360996,0,9633,29,180,405,0,0
1784445548036360996,1,62843,33,2400,13801,0,0
1784445548086353128,0,9633,29,180,405,0,0
1784445548086353128,1,62843,33,2400,13801,0,0
1784445548136358639,0,9633,29,180,405,0,0
1784445548136358639,1,62843,33,2400,13801,0,0
1784445548186363426,0,9633,29,180,405,0,0
1784445548186363426,1,62903,33,2400,13801,0,0
1784445548236361366,0,9442,29,180,405,0,0
1784445548236361366,1,62903,33,2400,13801,0,0
1784445548286360432,0,9442,29,180,405,0,0
1784445548286360432,1,62903,33,2400,13801,0,0
1784445548336359289,0,9442,29,180,405,0,0
1784445548336359289,1,62903,33,2400,13801,0,0
1784445548386362713,0,9442,29,180,405,0,0
1784445548386362713,1,62903,33,2400,13801,0,0
1784445548436360902,0,9442,29,180,405,0,0
1784445548436360902,1,62903,33,2400,13801,0,0
1784445548486360923,0,9442,29,180,405,0,0
1784445548486360923,1,62903,33,2400,13801,0,0
1784445548536361780,0,9442,29,180,405,0,0
1784445548536361780,1,62903,33,2400,13801,0,0
1784445548586361117,0,9442,29,180,405,0,0
1784445548586361117,1,62903,33,2400,13801,0,0
1784445548636362016,0,9442,29,180,405,0,0
1784445548636362016,1,62903,33,2400,13801,0,0
1784445548686360904,0,9442,29,180,405,0,0
1784445548686360904,1,62931,33,2400,13801,0,0
1784445548736361580,0,9442,29,180,405,0,0
1784445548736361580,1,62931,33,2400,13801,0,0
1784445548786360171,0,9442,29,180,405,0,0
1784445548786360171,1,62931,33,2400,13801,0,0
1784445548836359401,0,9442,29,180,405,0,0
1784445548836359401,1,62931,33,2400,13801,0,0
1784445548886366107,0,9442,29,180,405,0,0
1784445548886366107,1,62931,33,2400,13801,0,0
1784445548936365153,0,9442,29,180,405,0,0
1784445548936365153,1,62931,33,2400,13801,0,0
1784445548986355977,0,9442,29,180,405,0,0
1784445548986355977,1,62931,33,2400,13801,0,0
1784445549036360716,0,9442,29,180,405,0,0
1784445549036360716,1,62931,33,2400,13801,0,0
1784445549086361128,0,9442,29,180,405,0,0
1784445549086361128,1,62931,33,2400,13801,0,0
1784445549136362576,0,9442,29,180,405,0,0
1784445549136362576,1,62931,33,2400,13801,0,0
1784445549186361942,0,9442,29,180,405,0,0
1784445549186361942,1,62889,33,2400,13801,0,0
1784445549236360719,0,9238,29,180,405,0,0
1784445549236360719,1,62889,33,2400,13801,0,0
1784445549286354598,0,9238,29,180,405,0,0
1784445549286354598,1,62889,33,2400,13801,0,0
1784445549336361194,0,9238,29,180,405,0,0
1784445549336361194,1,62889,33,2400,13801,0,0
1784445549386360427,0,9238,29,180,405,0,0
1784445549386360427,1,62889,33,2400,13801,0,0
1784445549436361816,0,9238,29,180,405,0,0
1784445549436361816,1,62889,33,2400,13801,0,0
1784445549486360548,0,9238,29,180,405,0,0
1784445549486360548,1,62889,33,2400,13801,0,0
1784445549536358915,0,9238,29,180,405,0,0
1784445549536358915,1,62889,33,2400,13801,0,0
1784445549586375672,0,9238,29,180,405,0,0
1784445549586375672,1,62889,33,2400,13801,0,0
1784445549636368320,0,9238,29,180,405,0,0
1784445549636368320,1,62889,33,2400,13801,0,0
1784445549686361867,0,9238,29,180,405,0,0
1784445549686361867,1,62921,33,2400,13801,0,0
1784445549736361661,0,9238,29,180,405,0,0
1784445549736361661,1,62921,33,2400,13801,0,0
1784445549786362774,0,9238,29,180,405,0,0
1784445549786362774,1,62921,33,2400,13801,0,0
1784445549836359708,0,9238,29,180,405,0,0
1784445549836359708,1,62921,33,2400,13801,0,0
1784445549886360911,0,9238,29,180,405,0,0
1784445549886360911,1,62921,33,2400,13801,0,0
1784445549936364543,0,9238,29,180,405,0,0
1784445549936364543,1,62921,33,2400,13801,0,0
1784445549986362411,0,9238,29,180,405,0,0
1784445549986362411,1,62921,33,2400,13801,0,0
1784445550036359383,0,9238,29,180,405,0,0
1784445550036359383,1,62921,33,2400,13801,0,0
1784445550086361782,0,9238,29,180,405,0,0
1784445550086361782,1,62921,33,2400,13801,0,0
1784445550136363450,0,9238,29,180,405,0,0
1784445550136363450,1,62921,33,2400,13801,0,0
1784445550186360154,0,9238,29,180,405,0,0
1784445550186360154,1,62933,33,2400,13801,0,0
1784445550236360158,0,9219,29,180,405,0,0
1784445550236360158,1,62933,33,2400,13801,0,0
1784445550286354752,0,9219,29,180,405,0,0
1784445550286354752,1,62933,33,2400,13801,0,0
1784445550336359600,0,9219,29,180,405,0,0
1784445550336359600,1,62933,33,2400,13801,0,0
1784445550386361545,0,9219,29,180,405,0,0
1784445550386361545,1,62933,33,2400,13801,0,0
1784445550436359700,0,9219,29,180,405,0,0
1784445550436359700,1,62933,33,2400,13801,0,0
1784445550486363587,0,9219,29,180,405,0,0
1784445550486363587,1,62933,33,2400,13801,0,0
1784445550536362902,0,9219,29,180,405,0,0
1784445550536362902,1,62933,33,2400,13801,0,0
1784445550586362425,0,9219,29,180,405,0,0
1784445550586362425,1,62933,33,2400,13801,0,0
1784445550636359919,0,9219,29,180,405,0,0
1784445550636359919,1,62933,33,2400,13801,0,0
1784445550686360116,0,9219,29,180,405,0,0
1784445550686360116,1,63002,33,2400,13801,0,0
1784445550736359126,0,9219,29,180,405,0,0
1784445550736359126,1,63002,33,2400,13801,0,0
1784445550786359004,0,9219,29,180,405,0,0
1784445550786359004,1,63002,33,2400,13801,0,0
1784445550836361177,0,9219,29,180,405,0,0
1784445550836361177,1,63002,33,2400,13801,0,0
1784445550886360733,0,9219,29,180,405,0,0
1784445550886360733,1,63002,33,2400,13801,0,0
1784445550936359157,0,9219,29,180,405,0,0
1784445550936359157,1,63002,33,2400,13801,0,0
1784445550986364535,0,9219,29,180,405,0,0
1784445550986364535,1,63002,33,2400,13801,0,0
1784445551036360144,0,9219,29,180,405,0,0
1784445551036360144,1,63002,33,2400,13801,0,0
1784445551086359278,0,9219,29,180,405,0,0
1784445551086359278,1,63002,33,2400,13801,0,0
1784445551136360229,0,9219,29,180,405,0,0
1784445551136360229,1,63002,33,2400,13801,0,0
1784445551186361483,0,9219,29,180,405,0,0
1784445551186361483,1,63109,33,2400,13801,0,0
1784445551236360699,0,9401,29,180,405,0,0
1784445551236360699,1,63109,33,2400,13801,0,0
1784445551286362619,0,9401,29,180,405,0,0
1784445551286362619,1,63109,33,2400,13801,0,0
1784445551336359204,0,9401,29,180,405,0,0
1784445551336359204,1,63109,33,2400,13801,0,0
1784445551386361004,0,9401,29,180,405,0,0
1784445551386361004,1,63109,33,2400,13801,0,0
1784445551436359467,0,9401,29,180,405,0,0
1784445551436359467,1,63109,33,2400,13801,0,0
1784445551486359584,0,9401,29,180,405,0,0
1784445551486359584,1,63109,33,2400,13801,0,0
1784445551536360701,0,9401,29,180,405,0,0
1784445551536360701,1,63109,33,2400,13801,0,0
1784445551586359604,0,9401,29,180,405,0,0
1784445551586359604,1,63109,33,2400,13801,0,0
1784445551636359281,0,9401,29,180,405,0,0
1784445551636359281,1,63109,33,2400,13801,0,0
1784445551686360090,0,9401,29,180,405,0,0
1784445551686360090,1,63116,33,2400,13801,0,0
1784445551736360272,0,9401,29,180,405,0,0
1784445551736360272,1,63116,33,2400,13801,0,0
1784445551786357919,0,9401,29,180,405,0,0
1784445551786357919,1,63116,33,2400,13801,0,0
1784445551836357537,0,9401,29,180,405,0,0
1784445551836357537,1,63116,33,2400,13801,0,0
1784445551886360740,0,9401,29,180,405,0,0
1784445551886360740,1,63116,33,2400,13801,0,0
1784445551936357668,0,9401,29,180,405,0,0
1784445551936357668,1,63116,33,2400,13801,0,0
1784445551986358008,0,9401,29,180,405,0,0
1784445551986358008,1,63116,33,2400,13801,0,0
1784445552036358653,0,9401,29,180,405,0,0
1784445552036358653,1,63116,33,2400,13801,0,0
1784445552086359855,0,9401,29,180,405,0,0
1784445552086359855,1,63116,33,2400,13801,0,0
1784445552136358569,0,9401,29,180,405,0,0
1784445552136358569,1,63116,33,2400,13801,0,0
1784445552186358375,0,9401,29,180,405,0,0
1784445552186358375,1,62997,33,2400,13801,0,0
1784445552236359745,0,9188,29,180,405,0,0
1784445552236359745,1,62997,33,2400,13801,0,0
1784445552286358935,0,9188,29,180,405,0,0
1784445552286358935,1,62997,33,2400,13801,0,0
1784445552336358803,0,9188,29,180,405,0,0
1784445552336358803,1,62997,33,2400,13801,0,0
1784445552386360702,0,9188,29,180,405,0,0
1784445552386360702,1,62997,33,2400,13801,0,0
1784445552436359069,0,9188,29,180,405,0,0
1784445552436359069,1,62997,33,2400,13801,0,0
1784445552486358907,0,9188,29,180,405,0,0
1784445552486358907,1,62997,33,2400,13801,0,0
1784445552536361019,0,9188,29,180,405,0,0
1784445552536361019,1,62997,33,2400,13801,0,0
1784445552586358995,0,9188,29,180,405,0,0
1784445552586358995,1,62997,33,2400,13801,0,0
1784445552636358846,0,9188,29,180,405,0,0
1784445552636358846,1,62997,33,2400,13801,0,0
1784445552686359866,0,9188,29,180,405,0,0
1784445552686359866,1,66976,33,2692,13801,0,0
1784445552736359263,0,9188,29,180,405,0,0
1784445552736359263,1,66976,33,2692,13801,0,0
1784445552786358948,0,9188,29,180,405,0,0
1784445552786358948,1,66976,33,2692,13801,0,0
1784445552836359408,0,9188,29,180,405,0,0
1784445552836359408,1,66976,33,2692,13801,0,0
1784445552886360462,0,9188,29,180,405,0,0
1784445552886360462,1,66976,33,2692,13801,0,0
1784445552936359003,0,9188,29,180,405,0,0
1784445552936359003,1,66976,33,2692,13801,0,0
1784445552986359048,0,9188,29,180,405,0,0
1784445552986359048,1,66976,33,2692,13801,0,0
1784445553036358580,0,9188,29,180,405,0,0
1784445553036358580,1,66976,33,2692,13801,0,0
1784445553086359214,0,9188,29,180,405,0,0
1784445553086359214,1,66976,33,2692,13801,0,0
1784445553136358991,0,9188,29,180,405,0,0
1784445553136358991,1,66976,33,2692,13801,0,0
1784445553186359942,0,9188,29,180,405,0,0
1784445553186359942,1,76690,34,2872,13801,3,0
1784445553236359896,0,9114,29,180,405,0,0
1784445553236359896,1,76690,34,2872,13801,3,0
1784445553286358865,0,9114,29,180,405,0,0
1784445553286358865,1,76690,34,2872,13801,3,0
1784445553336363299,0,9114,29,180,405,0,0
1784445553336363299,1,76690,34,2872,13801,3,0
1784445553386361100,0,9114,29,180,405,0,0
1784445553386361100,1,76690,34,2872,13801,3,0
1784445553436358846,0,9114,29,180,405,0,0
1784445553436358846,1,76690,34,2872,13801,3,0
1784445553486358647,0,9114,29,180,405,0,0
1784445553486358647,1,76690,34,2872,13801,3,0
1784445553536360660,0,9114,29,180,405,0,0
1784445553536360660,1,76690,34,2872,13801,3,0
1784445553586358958,0,9114,29,180,405,0,0
1784445553586358958,1,76690,34,2872,13801,3,0
1784445553636358684,0,9114,29,180,405,0,0
1784445553636358684,1,76690,34,2872,13801,3,0
1784445553686359155,0,9114,29,180,405,0,0
1784445553686359155,1,83478,34,2880,13801,3,0
1784445553736360143,0,9114,29,180,405,0,0
1784445553736360143,1,83478,34,2880,13801,3,0
1784445553786359030,0,9114,29,180,405,0,0
1784445553786359030,1,83478,34,2880,13801,3,0
1784445553836359194,0,9114,29,180,405,0,0
1784445553836359194,1,83478,34,2880,13801,3,0
1784445553886360672,0,9114,29,180,405,0,0
1784445553886360672,1,83478,34,2880,13801,3,0
1784445553936359329,0,9114,29,180,405,0,0
1784445553936359329,1,83478,34,2880,13801,3,0
1784445553986358502,0,9114,29,180,405,0,0
1784445553986358502,1,83478,34,2880,13801,3,0
1784445554036359043,0,9114,29,180,405,0,0
1784445554036359043,1,83478,34,2880,13801,3,0
1784445554086359107,0,9114,29,180,405,0,0
1784445554086359107,1,83478,34,2880,13801,3,0
1784445554136358546,0,9114,29,180,405,0,0
1784445554136358546,1,83478,34,2880,13801,3,0
1784445554186359861,0,9114,29,180,405,0,0
1784445554186359861,1,84598,34,2880,13801,3,0
1784445554236359531,0,9215,29,180,405,0,0
1784445554236359531,1,84598,34,2880,13801,3,0
1784445554286358676,0,9215,29,180,405,0,0
1784445554286358676,1,84598,34,2880,13801,3,0
1784445554336359114,0,9215,29,180,405,0,0
1784445554336359114,1,84598,34,2880,13801,3,0
1784445554386360833,0,9215,29,180,405,0,0
1784445554386360833,1,84598,34,2880,13801,3,0
1784445554436359098,0,9215,29,180,405,0,0
1784445554436359098,1,84598,34,2880,13801,3,0
1784445554486359094,0,9215,29,180,405,0,0
1784445554486359094,1,84598,34,2880,13801,3,0
1784445554536360781,0,9215,29,180,405,0,0
1784445554536360781,1,84598,34,2880,13801,3,0
1784445554586358556,0,9215,29,180,405,0,0
1784445554586358556,1,84598,34,2880,13801,3,0
1784445554636358681,0,9215,29,180,405,0,0
1784445554636358681,1,84598,34,2880,13801,3,0
1784445554686359938,0,9215,29,180,405,0,0
1784445554686359938,1,84578,34,2880,13801,3,0
1784445554736359612,0,9215,29,180,405,0,0
1784445554736359612,1,84578,34,2880,13801,3,0
1784445554786359419,0,9215,29,180,405,0,0
1784445554786359419,1,84578,34,2880,13801,3,0
1784445554836360888,0,9215,29,180,405,0,0
1784445554836360888,1,84578,34,2880,13801,3,0
1784445554886360547,0,9215,29,180,405,0,0
1784445554886360547,1,84578,34,2880,13801,3,0
1784445554936359273,0,9215,29,180,405,0,0
1784445554936359273,1,84578,34,2880,13801,3,0
1784445554986362474,0,9215,29,180,405,0,0
1784445554986362474,1,84578,34,2880,13801,3,0
1784445555036358986,0,9215,29,180,405,0,0
1784445555036358986,1,84578,34,2880,13801,3,0
1784445555086358966,0,9215,29,180,405,0,0
1784445555086358966,1,84578,34,2880,13801,3,0
1784445555136358707,0,9215,29,180,405,0,0
1784445555136358707,1,84578,34,2880,13801,3,0
1784445555186359552,0,9215,29,180,405,0,0
1784445555186359552,1,84539,34,2880,13801,3,0
1784445555236359220,0,9430,28,180,405,0,0
1784445555236359220,1,84539,34,2880,13801,3,0
1784445555286360402,0,9430,28,180,405,0,0
1784445555286360402,1,84539,34,2880,13801,3,0
1784445555336359287,0,9430,28,180,405,0,0
1784445555336359287,1,84539,34,2880,13801,3,0
1784445555386361596,0,9430,28,180,405,0,0
1784445555386361596,1,84539,34,2880,13801,3,0
1784445555436359322,0,9430,28,180,405,0,0
1784445555436359322,1,84539,34,2880,13801,3,0
1784445555486359456,0,9430,28,180,405,0,0
1784445555486359456,1,84539,34,2880,13801,3,0
1784445555536360614,0,9430,28,180,405,0,0
1784445555536360614,1,84539,34,2880,13801,3,0
1784445555586359531,0,9430,28,180,405,0,0
1784445555586359531,1,84539,34,2880,13801,3,0
1784445555636358634,0,9430,28,180,405,0,0
1784445555636358634,1,84539,34,2880,13801,3,0
1784445555686353801,0,9430,28,180,405,0,0
1784445555686353801,1,84709,34,2880,13801,2,0
1784445555736359137,0,9430,28,180,405,0,0
1784445555736359137,1,84709,34,2880,13801,2,0
1784445555786359544,0,9430,28,180,405,0,0
1784445555786359544,1,84709,34,2880,13801,2,0
1784445555836361593,0,9430,28,180,405,0,0
1784445555836361593,1,84709,34,2880,13801,2,0
1784445555886361352,0,9430,28,180,405,0,0
1784445555886361352,1,84709,34,2880,13801,2,0
1784445555936359509,0,9430,28,180,405,0,0
1784445555936359509,1,84709,34,2880,13801,2,0
1784445555986359530,0,9430,28,180,405,0,0
1784445555986359530,1,84709,34,2880,13801,2,0
1784445556036359208,0,9430,28,180,405,0,0
1784445556036359208,1,84709,34,2880,13801,2,0
1784445556086371074,0,9430,28,180,405,0,0
1784445556086371074,1,84709,34,2880,13801,2,0
1784445556136362806,0,9430,28,180,405,0,0
1784445556136362806,1,84709,34,2880,13801,2,0
1784445556186360741,0,9430,28,180,405,0,0
1784445556186360741,1,84869,34,2880,13801,3,0
1784445556236359617,0,9223,28,180,405,0,0
1784445556236359617,1,84869,34,2880,13801,3,0
1784445556286359056,0,9223,28,180,405,0,0
1784445556286359056,1,84869,34,2880,13801,3,0
1784445556336359152,0,9223,28,180,405,0,0
1784445556336359152,1,84869,34,2880,13801,3,0
1784445556386360567,0,9223,28,180,405,0,0
1784445556386360567,1,84869,34,2880,13801,3,0
1784445556436359398,0,9223,28,180,405,0,0
1784445556436359398,1,84869,34,2880,13801,3,0
1784445556486359110,0,9223,28,180,405,0,0
1784445556486359110,1,84869,34,2880,13801,3,0
1784445556536358996,0,9223,28,180,405,0,0
1784445556536358996,1,84869,34,2880,13801,3,0
1784445556586359084,0,9223,28,180,405,0,0
1784445556586359084,1,84869,34,2880,13801,3,0
1784445556636356940,0,9223,28,180,405,0,0
1784445556636356940,1,84869,34,2880,13801,3,0
1784445556686360029,0,9223,28,180,405,0,0
1784445556686360029,1,84938,34,2880,13801,3,0
1784445556736358993,0,9223,28,180,405,0,0
1784445556736358993,1,84938,34,2880,13801,3,0
1784445556786359258,0,9223,28,180,405,0,0
1784445556786359258,1,84938,34,2880,13801,3,0
1784445556836359433,0,9223,28,180,405,0,0
1784445556836359433,1,84938,34,2880,13801,3,0
1784445556886359823,0,9223,28,180,405,0,0
1784445556886359823,1,84938,34,2880,13801,3,0
1784445556936362804,0,9223,28,180,405,0,0
1784445556936362804,1,84938,34,2880,13801,3,0
1784445556986359625,0,9223,28,180,405,0,0
1784445556986359625,1,84938,34,2880,13801,3,0
1784445557036359058,0,9223,28,180,405,0,0
1784445557036359058,1,84938,34,2880,13801,3,0
1784445557086358166,0,9223,28,180,405,0,0
1784445557086358166,1,84938,34,2880,13801,3,0
1784445557136357299,0,9223,28,180,405,0,0
1784445557136357299,1,84938,34,2880,13801,3,0
1784445557186358502,0,9223,28,180,405,0,0
1784445557186358502,1,84982,34,2880,13801,3,0
1784445557236359949,0,9208,28,180,405,0,0
1784445557236359949,1,84982,34,2880,13801,3,0
1784445557286357264,0,9208,28,180,405,0,0
1784445557286357264,1,84982,34,2880,13801,3,0
1784445557336357489,0,9208,28,180,405,0,0
1784445557336357489,1,84982,34,2880,13801,3,0
1784445557386359991,0,9208,28,180,405,0,0
1784445557386359991,1,84982,34,2880,13801,3,0
1784445557436358569,0,9208,28,180,405,0,0
1784445557436358569,1,84982,34,2880,13801,3,0
1784445557486381499,0,9208,28,180,405,0,0
1784445557486381499,1,84982,34,2880,13801,3,0
1784445557536364465,0,9208,28,180,405,0,0
1784445557536364465,1,84982,34,2880,13801,3,0
1784445557586363963,0,9208,28,180,405,0,0
1784445557586363963,1,84982,34,2880,13801,3,0
1784445557636362541,0,9208,28,180,405,0,0
1784445557636362541,1,84982,34,2880,13801,3,0
1784445557686363185,0,9208,28,180,405,0,0
1784445557686363185,1,85007,34,2880,13801,3,0
1784445557736384183,0,9208,28,180,405,0,0
1784445557736384183,1,85007,34,2880,13801,3,0
1784445557786362980,0,9208,28,180,405,0,0
1784445557786362980,1,85007,34,2880,13801,3,0
1784445557836363131,0,9208,28,180,405,0,0
1784445557836363131,1,85007,34,2880,13801,3,0
1784445557886371932,0,9208,28,180,405,0,0
1784445557886371932,1,85007,34,2880,13801,3,0
1784445557936361788,0,9208,28,180,405,0,0
1784445557936361788,1,85007,34,2880,13801,3,0
1784445557986359697,0,9208,28,180,405,0,0
1784445557986359697,1,85007,34,2880,13801,3,0
1784445558036358852,0,9208,28,180,405,0,0
1784445558036358852,1,85007,34,2880,13801,3,0
1784445558086397318,0,9208,28,180,405,0,0
1784445558086397318,1,85007,34,2880,13801,3,0
1784445558136368722,0,9208,28,180,405,0,0
1784445558136368722,1,85007,34,2880,13801,3,0
1784445558186362759,0,9208,28,180,405,0,0
1784445558186362759,1,85035,34,2880,13801,1,0
1784445558236363160,0,9097,28,180,405,0,0
1784445558236363160,1,85035,34,2880,13801,1,0
1784445558286366379,0,9097,28,180,405,0,0
1784445558286366379,1,85035,34,2880,13801,1,0
1784445558336362051,0,9097,28,180,405,0,0
1784445558336362051,1,85035,34,2880,13801,1,0
1784445558386361100,0,9097,28,180,405,0,0
1784445558386361100,1,85035,34,2880,13801,1,0
1784445558436362596,0,9097,28,180,405,0,0
1784445558436362596,1,85035,34,2880,13801,1,0
1784445558486360872,0,9097,28,180,405,0,0
1784445558486360872,1,85035,34,2880,13801,1,0
1784445558536363079,0,9097,28,180,405,0,0
1784445558536363079,1,85035,34,2880,13801,1,0
1784445558586360531,0,9097,28,180,405,0,0
1784445558586360531,1,85035,34,2880,13801,1,0
1784445558636361420,0,9097,28,180,405,0,0
1784445558636361420,1,85035,34,2880,13801,1,0
1784445558686357459,0,9097,28,180,405,0,0
1784445558686357459,1,85236,34,2880,13801,1,0
1784445558736361820,0,9097,28,180,405,0,0
1784445558736361820,1,85236,34,2880,13801,1,0
1784445558786361179,0,9097,28,180,405,0,0
1784445558786361179,1,85236,34,2880,13801,1,0
1784445558836360308,0,9097,28,180,405,0,0
1784445558836360308,1,85236,34,2880,13801,1,0
1784445558886352004,0,9097,28,180,405,0,0
1784445558886352004,1,85236,34,2880,13801,1,0
1784445558936361819,0,9097,28,180,405,0,0
1784445558936361819,1,85236,34,2880,13801,1,0
1784445558986360716,0,9097,28,180,405,0,0
1784445558986360716,1,85236,34,2880,13801,1,0
1784445559036359952,0,9097,28,180,405,0,0
1784445559036359952,1,85236,34,2880,13801,1,0
1784445559086355231,0,9097,28,180,405,0,0
1784445559086355231,1,85236,34,2880,13801,1,0
1784445559136360286,0,9097,28,180,405,0,0
1784445559136360286,1,85236,34,2880,13801,1,0
1784445559186358343,0,9097,28,180,405,0,0
1784445559186358343,1,84311,34,2880,13801,0,0
1784445559236360342,0,8829,28,180,405,0,0
1784445559236360342,1,84311,34,2880,13801,0,0
1784445559286355513,0,8829,28,180,405,0,0
1784445559286355513,1,84311,34,2880,13801,0,0
1784445559336361164,0,8829,28,180,405,0,0
1784445559336361164,1,84311,34,2880,13801,0,0
1784445559386358353,0,8829,28,180,405,0,0
1784445559386358353,1,84311,34,2880,13801,0,0
1784445559436362215,0,8829,28,180,405,0,0
1784445559436362215,1,84311,34,2880,13801,0,0
1784445559486357980,0,8829,28,180,405,0,0
1784445559486357980,1,84311,34,2880,13801,0,0
1784445559536358565,0,8829,28,180,405,0,0
1784445559536358565,1,84311,34,2880,13801,0,0
1784445559586359844,0,8829,28,180,405,0,0
1784445559586359844,1,84311,34,2880,13801,0,0
1784445559636363235,0,8829,28,180,405,0,0
1784445559636363235,1,84311,34,2880,13801,0,0
1784445559686363092,0,8829,28,180,405,0,0
1784445559686363092,1,81993,34,2767,13801,3,0
1784445559736360983,0,8829,28,180,405,0,0
1784445559736360983,1,81993,34,2767,13801,3,0
1784445559786361035,0,8829,28,180,405,0,0
1784445559786361035,1,81993,34,2767,13801,3,0
1784445559836359858,0,8829,28,180,405,0,0
1784445559836359858,1,81993,34,2767,13801,3,0
1784445559886353719,0,8829,28,180,405,0,0
1784445559886353719,1,81993,34,2767,13801,3,0
1784445559936361784,0,8829,28,180,405,0,0
1784445559936361784,1,81993,34,2767,13801,3,0
1784445559986362062,0,8829,28,180,405,0,0
1784445559986362062,1,81993,34,2767,13801,3,0
1784445560036361021,0,8829,28,180,405,0,0
1784445560036361021,1,81993,34,2767,13801,3,0
1784445560086356309,0,8829,28,180,405,0,0
1784445560086356309,1,81993,34,2767,13801,3,0
1784445560136359319,0,8829,28,180,405,0,0
1784445560136359319,1,81993,34,2767,13801,3,0
1784445560186360501,0,8829,28,180,405,0,0
1784445560186360501,1,81719,34,2880,13801,3,0
1784445560236360758,0,9166,28,180,405,0,2
1784445560236360758,1,81719,34,2880,13801,3,0
1784445560286361716,0,9166,28,180,405,0,2
1784445560286361716,1,81719,34,2880,13801,3,0
1784445560336361871,0,9166,28,180,405,0,2
1784445560336361871,1,81719,34,2880,13801,3,0
1784445560386360409,0,9166,28,180,405,0,2
1784445560386360409,1,81719,34,2880,13801,3,0
1784445560436363703,0,9166,28,180,405,0,2
1784445560436363703,1,81719,34,2880,13801,3,0
1784445560486360721,0,9166,28,180,405,0,2
1784445560486360721,1,81719,34,2880,13801,3,0
1784445560536362315,0,9166,28,180,405,0,2
1784445560536362315,1,81719,34,2880,13801,3,0
1784445560586360729,0,9166,28,180,405,0,2
1784445560586360729,1,81719,34,2880,13801,3,0
1784445560636360454,0,9166,28,180,405,0,2
1784445560636360454,1,81719,34,2880,13801,3,0
1784445560686363918,0,9166,28,180,405,0,2
1784445560686363918,1,84627,34,2880,13801,3,0
1784445560736360592,0,9166,28,180,405,0,2
1784445560736360592,1,84627,34,2880,13801,3,0
1784445560786359333,0,9166,28,180,405,0,2
1784445560786359333,1,84627,34,2880,13801,3,0
1784445560836359500,0,9166,28,180,405,0,2
1784445560836359500,1,84627,34,2880,13801,3,0
1784445560886353351,0,9166,28,180,405,0,2
1784445560886353351,1,84627,34,2880,13801,3,0
1784445560936359577,0,9166,28,180,405,0,2
1784445560936359577,1,84627,34,2880,13801,3,0
1784445560986361437,0,9166,28,180,405,0,2
1784445560986361437,1,84627,34,2880,13801,3,0
1784445561036362673,0,9166,28,180,405,0,2
1784445561036362673,1,84627,34,2880,13801,3,0
1784445561086361493,0,9166,28,180,405,0,2
1784445561086361493,1,84627,34,2880,13801,3,0
1784445561136358518,0,9166,28,180,405,0,2
1784445561136358518,1,84627,34,2880,13801,3,0
1784445561186359672,0,9166,28,180,405,0,2
1784445561186359672,1,84517,34,2880,13801,3,0
1784445561236359914,0,9479,28,180,405,0,0
1784445561236359914,1,84517,34,2880,13801,3,0
1784445561286358440,0,9479,28,180,405,0,0
1784445561286358440,1,84517,34,2880,13801,3,0
1784445561336361496,0,9479,28,180,405,0,0
1784445561336361496,1,84517,34,2880,13801,3,0
1784445561386357798,0,9479,28,180,405,0,0
1784445561386357798,1,84517,34,2880,13801,3,0
1784445561436358975,0,9479,28,180,405,0,0
1784445561436358975,1,84517,34,2880,13801,3,0
1784445561486359353,0,9479,28,180,405,0,0
1784445561486359353,1,84517,34,2880,13801,3,0
1784445561536359860,0,9479,28,180,405,0,0
1784445561536359860,1,84517,34,2880,13801,3,0
1784445561586359298,0,9479,28,180,405,0,0
1784445561586359298,1,84517,34,2880,13801,3,0
1784445561636360661,0,9479,28,180,405,0,0
1784445561636360661,1,84517,34,2880,13801,3,0
1784445561686359612,0,9479,28,180,405,0,0
1784445561686359612,1,84449,34,2880,13801,3,0
1784445561736360298,0,9479,28,180,405,0,0
1784445561736360298,1,84449,34,2880,13801,3,0
1784445561786357866,0,9479,28,180,405,0,0
1784445561786357866,1,84449,34,2880,13801,3,0
1784445561836362535,0,9479,28,180,405,0,0
1784445561836362535,1,84449,34,2880,13801,3,0
1784445561886350652,0,9479,28,180,405,0,0
1784445561886350652,1,84449,34,2880,13801,3,0
1784445561936358090,0,9479,28,180,405,0,0
1784445561936358090,1,84449,34,2880,13801,3,0
1784445561986360275,0,9479,28,180,405,0,0
1784445561986360275,1,84449,34,2880,13801,3,0
1784445562036359523,0,9479,28,180,405,0,0
1784445562036359523,1,84449,34,2880,13801,3,0
1784445562086359220,0,9479,28,180,405,0,0
1784445562086359220,1,84449,34,2880,13801,3,0
1784445562136359685,0,9479,28,180,405,0,0
1784445562136359685,1,84449,34,2880,13801,3,0
1784445562186358160,0,9479,28,180,405,0,0
1784445562186358160,1,84563,34,2880,13801,3,0
1784445562236360275,0,9229,28,180,405,0,0
1784445562236360275,1,84563,34,2880,13801,3,0
1784445562286361199,0,9229,28,180,405,0,0
1784445562286361199,1,84563,34,2880,13801,3,0
1784445562336361333,0,9229,28,180,405,0,0
1784445562336361333,1,84563,34,2880,13801,3,0
1784445562386359187,0,9229,28,180,405,0,0
1784445562386359187,1,84563,34,2880,13801,3,0
1784445562436357581,0,9229,28,180,405,0,0
1784445562436357581,1,84563,34,2880,13801,3,0
1784445562486358587,0,9229,28,180,405,0,0
1784445562486358587,1,84563,34,2880,13801,3,0
1784445562536359691,0,9229,28,180,405,0,0
1784445562536359691,1,84563,34,2880,13801,3,0
1784445562586357591,0,9229,28,180,405,0,0
1784445562586357591,1,84563,34,2880,13801,3,0
1784445562636359570,0,9229,28,180,405,0,0
1784445562636359570,1,84563,34,2880,13801,3,0
1784445562686360596,0,9229,28,180,405,0,0
1784445562686360596,1,84653,34,2880,13801,3,0
1784445562736359688,0,9229,28,180,405,0,0
1784445562736359688,1,84653,34,2880,13801,3,0
1784445562786357964,0,9229,28,180,405,0,0
1784445562786357964,1,84653,34,2880,13801,3,0
1784445562836357854,0,9229,28,180,405,0,0
1784445562836357854,1,84653,34,2880,13801,3,0
1784445562886350533,0,9229,28,180,405,0,0
1784445562886350533,1,84653,34,2880,13801,3,0
1784445562936360154,0,9229,28,180,405,0,0
1784445562936360154,1,84653,34,2880,13801,3,0
1784445562986360919,0,9229,28,180,405,0,0
1784445562986360919,1,84653,34,2880,13801,3,0
1784445563036358521,0,9229,28,180,405,0,0
1784445563036358521,1,84653,34,2880,13801,3,0
1784445563086357925,0,9229,28,180,405,0,0
1784445563086357925,1,84653,34,2880,13801,3,0
1784445563136359369,0,9229,28,180,405,0,0
1784445563136359369,1,84653,34,2880,13801,3,0
1784445563186358085,0,9229,28,180,405,0,0
1784445563186358085,1,84636,34,2880,13801,3,0
1784445563236359809,0,9229,28,180,405,0,0
1784445563236359809,1,84636,34,2880,13801,3,0
1784445563286359332,0,9229,28,180,405,0,0
1784445563286359332,1,84636,34,2880,13801,3,0
1784445563336360458,0,9229,28,180,405,0,0
1784445563336360458,1,84636,34,2880,13801,3,0
1784445563386357883,0,9229,28,180,405,0,0
1784445563386357883,1,84636,34,2880,13801,3,0
1784445563436359089,0,9229,28,180,405,0,0
1784445563436359089,1,84636,34,2880,13801,3,0
1784445563486359343,0,9229,28,180,405,0,0
1784445563486359343,1,84636,34,2880,13801,3,0
1784445563536359639,0,9229,28,180,405,0,0
1784445563536359639,1,84636,34,2880,13801,3,0
1784445563586357098,0,9229,28,180,405,0,0
1784445563586357098,1,84636,34,2880,13801,3,0
1784445563636360325,0,9229,28,180,405,0,0
1784445563636360325,1,84636,34,2880,13801,3,0
1784445563686360761,0,9229,28,180,405,0,0
1784445563686360761,1,84581,34,2880,13801,2,0
1784445563736359996,0,9229,28,180,405,0,0
1784445563736359996,1,84581,34,2880,13801,2,0
1784445563786359796,0,9229,28,180,405,0,0
1784445563786359796,1,84581,34,2880,13801,2,0
1784445563836358383,0,9229,28,180,405,0,0
1784445563836358383,1,84581,34,2880,13801,2,0
1784445563886350670,0,9229,28,180,405,0,0
1784445563886350670,1,84581,34,2880,13801,2,0
1784445563936358795,0,9229,28,180,405,0,0
1784445563936358795,1,84581,34,2880,13801,2,0
1784445563986360582,0,9229,28,180,405,0,0
1784445563986360582,1,84581,34,2880,13801,2,0
1784445564036358624,0,9229,28,180,405,0,0
1784445564036358624,1,84581,34,2880,13801,2,0
1784445564086358016,0,9229,28,180,405,0,0
1784445564086358016,1,84581,34,2880,13801,2,0
1784445564136359055,0,9229,28,180,405,0,0
1784445564136359055,1,84581,34,2880,13801,2,0
1784445564186358963,0,9229,28,180,405,0,0
1784445564186358963,1,82130,34,2715,13801,3,0
1784445564236360076,0,9336,28,180,405,0,0
1784445564236360076,1,82130,34,2715,13801,3,0
1784445564286359529,0,9336,28,180,405,0,0
1784445564286359529,1,82130,34,2715,13801,3,0
1784445564336361201,0,9336,28,180,405,0,0
1784445564336361201,1,82130,34,2715,13801,3,0
1784445564386358569,0,9336,28,180,405,0,0
1784445564386358569,1,82130,34,2715,13801,3,0
1784445564436359485,0,9336,28,180,405,0,0
1784445564436359485,1,82130,34,2715,13801,3,0
1784445564486358744,0,9336,28,180,405,0,0
1784445564486358744,1,82130,34,2715,13801,3,0
1784445564536360511,0,9336,28,180,405,0,0
1784445564536360511,1,82130,34,2715,13801,3,0
1784445564586358004,0,9336,28,180,405,0,0
1784445564586358004,1,82130,34,2715,13801,3,0
1784445564636360630,0,9336,28,180,405,0,0
1784445564636360630,1,82130,34,2715,13801,3,0
1784445564686359732,0,9336,28,180,405,0,0
1784445564686359732,1,82170,34,2880,13801,3,0
1784445564736357315,0,9336,28,180,405,0,0
1784445564736357315,1,82170,34,2880,13801,3,0
1784445564786358850,0,9336,28,180,405,0,0
1784445564786358850,1,82170,34,2880,13801,3,0
1784445564836358986,0,9336,28,180,405,0,0
1784445564836358986,1,82170,34,2880,13801,3,0
1784445564886351830,0,9336,28,180,405,0,0
1784445564886351830,1,82170,34,2880,13801,3,0
1784445564936358457,0,9336,28,180,405,0,0
1784445564936358457,1,82170,34,2880,13801,3,0
1784445564986359474,0,9336,28,180,405,0,0
1784445564986359474,1,82170,34,2880,13801,3,0
1784445565036360109,0,9336,28,180,405,0,0
1784445565036360109,1,82170,34,2880,13801,3,0
1784445565086357399,0,9336,28,180,405,0,0
1784445565086357399,1,82170,34,2880,13801,3,0
1784445565136358246,0,9336,28,180,405,0,0
1784445565136358246,1,82170,34,2880,13801,3,0
1784445565186360842,0,9336,28,180,405,0,0
1784445565186360842,1,84983,34,2880,13801,3,0
1784445565236359636,0,9109,28,180,405,0,0
1784445565236359636,1,84983,34,2880,13801,3,0
1784445565286359547,0,9109,28,180,405,0,0
1784445565286359547,1,84983,34,2880,13801,3,0
1784445565336360570,0,9109,28,180,405,0,0
1784445565336360570,1,84983,34,2880,13801,3,0
1784445565386358589,0,9109,28,180,405,0,0
1784445565386358589,1,84983,34,2880,13801,3,0
1784445565436360158,0,9109,28,180,405,0,0
1784445565436360158,1,84983,34,2880,13801,3,0
1784445565486361404,0,9109,28,180,405,0,0
1784445565486361404,1,84983,34,2880,13801,3,0
1784445565536359970,0,9109,28,180,405,0,0
1784445565536359970,1,84983,34,2880,13801,3,0
1784445565586359993,0,9109,28,180,405,0,0
1784445565586359993,1,84983,34,2880,13801,3,0
1784445565636360659,0,9109,28,180,405,0,0
1784445565636360659,1,84983,34,2880,13801,3,0
1784445565686361501,0,9109,28,180,405,0,0
1784445565686361501,1,85029,34,2880,13801,3,0
1784445565736362502,0,9109,28,180,405,0,0
1784445565736362502,1,85029,34,2880,13801,3,0
1784445565786366529,0,9109,28,180,405,0,0
1784445565786366529,1,85029,34,2880,13801,3,0
1784445565836361253,0,9109,28,180,405,0,0
1784445565836361253,1,85029,34,2880,13801,3,0
1784445565886354898,0,9109,28,180,405,0,0
1784445565886354898,1,85029,34,2880,13801,3,0
1784445565936359950,0,9109,28,180,405,0,0
1784445565936359950,1,85029,34,2880,13801,3,0
1784445565986363849,0,9109,28,180,405,0,0
1784445565986363849,1,85029,34,2880,13801,3,0
1784445566036359518,0,9109,28,180,405,0,0
1784445566036359518,1,85029,34,2880,13801,3,0
1784445566086359687,0,9109,28,180,405,0,0
1784445566086359687,1,85029,34,2880,13801,3,0
1784445566136359154,0,9109,28,180,405,0,0
1784445566136359154,1,85029,34,2880,13801,3,0
1784445566186360871,0,9109,28,180,405,0,0
1784445566186360871,1,85043,34,2880,13801,3,0
1784445566236360945,0,9929,28,180,405,0,1
1784445566236360945,1,85043,34,2880,13801,3,0
1784445566286359776,0,9929,28,180,405,0,1
1784445566286359776,1,85043,34,2880,13801,3,0
1784445566336360060,0,9929,28,180,405,0,1
1784445566336360060,1,85043,34,2880,13801,3,0
1784445566386359965,0,9929,28,180,405,0,1
1784445566386359965,1,85043,34,2880,13801,3,0
1784445566436359960,0,9929,28,180,405,0,1
1784445566436359960,1,85043,34,2880,13801,3,0
1784445566486358888,0,9929,28,180,405,0,1
1784445566486358888,1,85043,34,2880,13801,3,0
1784445566536360975,0,9929,28,180,405,0,1
1784445566536360975,1,85043,34,2880,13801,3,0
1784445566586358666,0,9929,28,180,405,0,1
1784445566586358666,1,85043,34,2880,13801,3,0
1784445566636359682,0,9929,28,180,405,0,1
1784445566636359682,1,85043,34,2880,13801,3,0
1784445566686360790,0,9929,28,180,405,0,1
1784445566686360790,1,84950,34,2880,13801,3,0
1784445566736357879,0,9929,28,180,405,0,1
1784445566736357879,1,84950,34,2880,13801,3,0
1784445566786357873,0,9929,28,180,405,0,1
1784445566786357873,1,84950,34,2880,13801,3,0
1784445566836358155,0,9929,28,180,405,0,1
1784445566836358155,1,84950,34,2880,13801,3,0
1784445566886352015,0,9929,28,180,405,0,1
1784445566886352015,1,84950,34,2880,13801,3,0
1784445566936363092,0,9929,28,180,405,0,1
1784445566936363092,1,84950,34,2880,13801,3,0
1784445566986360170,0,9929,28,180,405,0,1
1784445566986360170,1,84950,34,2880,13801,3,0
1784445567036359546,0,9929,28,180,405,0,1
1784445567036359546,1,84950,34,2880,13801,3,0
1784445567086358679,0,9929,28,180,405,0,1
1784445567086358679,1,84950,34,2880,13801,3,0
1784445567136359837,0,9929,28,180,405,0,1
1784445567136359837,1,84950,34,2880,13801,3,0
1784445567186357815,0,9929,28,180,405,0,1
1784445567186357815,1,84843,34,2880,13801,3,0
1784445567236359974,0,9813,28,180,405,0,0
1784445567236359974,1,84843,34,2880,13801,3,0
1784445567286359519,0,9813,28,180,405,0,0
1784445567286359519,1,84843,34,2880,13801,3,0
1784445567336361025,0,9813,28,180,405,0,0
1784445567336361025,1,84843,34,2880,13801,3,0
1784445567386359129,0,9813,28,180,405,0,0
1784445567386359129,1,84843,34,2880,13801,3,0
1784445567436359709,0,9813,28,180,405,0,0
1784445567436359709,1,84843,34,2880,13801,3,0
1784445567486357900,0,9813,28,180,405,0,0
1784445567486357900,1,84843,34,2880,13801,3,0
1784445567536362618,0,9813,28,180,405,0,0
1784445567536362618,1,84843,34,2880,13801,3,0
1784445567586364664,0,9813,28,180,405,0,0
1784445567586364664,1,84843,34,2880,13801,3,0
1784445567636359421,0,9813,28,180,405,0,0
1784445567636359421,1,84843,34,2880,13801,3,0
1784445567686360781,0,9813,28,180,405,0,0
1784445567686360781,1,84950,34,2880,13801,3,0
1784445567736361561,0,9813,28,180,405,0,0
1784445567736361561,1,84950,34,2880,13801,3,0
1784445567786356122,0,9813,28,180,405,0,0
1784445567786356122,1,84950,34,2880,13801,3,0
1784445567836362163,0,9813,28,180,405,0,0
1784445567836362163,1,84950,34,2880,13801,3,0
1784445567886359506,0,9813,28,180,405,0,0
1784445567886359506,1,84950,34,2880,13801,3,0
1784445567936360763,0,9813,28,180,405,0,0
1784445567936360763,1,84950,34,2880,13801,3,0
1784445567986363131,0,9813,28,180,405,0,0
1784445567986363131,1,84950,34,2880,13801,3,0
1784445568036360828,0,9813,28,180,405,0,0
1784445568036360828,1,84950,34,2880,13801,3,0
1784445568086361241,0,9813,28,180,405,0,0
1784445568086361241,1,84950,34,2880,13801,3,0
1784445568136360091,0,9813,28,180,405,0,0
1784445568136360091,1,84950,34,2880,13801,3,0
1784445568186358958,0,9813,28,180,405,0,0
1784445568186358958,1,84731,34,2880,13801,2,0
1784445568236360078,0,9109,28,180,405,0,0
1784445568236360078,1,84731,34,2880,13801,2,0
1784445568286364702,0,9109,28,180,405,0,0
1784445568286364702,1,84731,34,2880,13801,2,0
1784445568336361850,0,9109,28,180,405,0,0
1784445568336361850,1,84731,34,2880,13801,2,0
1784445568386359872,0,9109,28,180,405,0,0
1784445568386359872,1,84731,34,2880,13801,2,0
1784445568436361907,0,9109,28,180,405,0,0
1784445568436361907,1,84731,34,2880,13801,2,0
1784445568486359744,0,9109,28,180,405,0,0
1784445568486359744,1,84731,34,2880,13801,2,0
1784445568536368767,0,9109,28,180,405,0,0
1784445568536368767,1,84731,34,2880,13801,2,0
1784445568586360590,0,9109,28,180,405,0,0
1784445568586360590,1,84731,34,2880,13801,2,0
1784445568636361759,0,9109,28,180,405,0,0
1784445568636361759,1,84731,34,2880,13801,2,0
1784445568686361246,0,9109,28,180,405,0,0
1784445568686361246,1,74167,34,2400,13801,5,0
1784445568736359505,0,9109,28,180,405,0,0
1784445568736359505,1,74167,34,2400,13801,5,0
1784445568786359756,0,9109,28,180,405,0,0
1784445568786359756,1,74167,34,2400,13801,5,0
1784445568836359722,0,9109,28,180,405,0,0
1784445568836359722,1,74167,34,2400,13801,5,0
1784445568886357319,0,9109,28,180,405,0,0
1784445568886357319,1,74167,34,2400,13801,5,0
1784445568936359593,0,9109,28,180,405,0,0
1784445568936359593,1,74167,34,2400,13801,5,0
1784445568986359094,0,9109,28,180,405,0,0
1784445568986359094,1,74167,34,2400,13801,5,0
1784445569036359490,0,9109,28,180,405,0,0
1784445569036359490,1,74167,34,2400,13801,5,0
1784445569086362687,0,9109,28,180,405,0,0
1784445569086362687,1,74167,34,2400,13801,5,0
1784445569136360288,0,9109,28,180,405,0,0
1784445569136360288,1,74167,34,2400,13801,5,0
1784445569186359643,0,9109,28,180,405,0,0
1784445569186359643,1,65810,33,2400,13801,4,0
1784445569236360561,0,9035,28,180,405,0,0
1784445569236360561,1,65810,33,2400,13801,4,0
1784445569286361562,0,9035,28,180,405,0,0
1784445569286361562,1,65810,33,2400,13801,4,0
1784445569336361320,0,9035,28,180,405,0,0
1784445569336361320,1,65810,33,2400,13801,4,0
1784445569386359690,0,9035,28,180,405,0,0
1784445569386359690,1,65810,33,2400,13801,4,0
1784445569436361608,0,9035,28,180,405,0,0
1784445569436361608,1,65810,33,2400,13801,4,0
1784445569486359945,0,9035,28,180,405,0,0
1784445569486359945,1,65810,33,2400,13801,4,0
1784445569536359597,0,9035,28,180,405,0,0
1784445569536359597,1,65810,33,2400,13801,4,0
1784445569586353568,0,9035,28,180,405,0,0
1784445569586353568,1,65810,33,2400,13801,4,0
1784445569636364926,0,9035,28,180,405,0,0
1784445569636364926,1,65810,33,2400,13801,4,0
1784445569686368592,0,9035,28,180,405,0,0
1784445569686368592,1,72559,34,2827,13801,2,0
1784445569736390576,0,9035,28,180,405,0,0
1784445569736390576,1,72559,34,2827,13801,2,0
1784445569786362873,0,9035,28,180,405,0,0
1784445569786362873,1,72559,34,2827,13801,2,0
1784445569836363005,0,9035,28,180,405,0,0
1784445569836363005,1,72559,34,2827,13801,2,0
1784445569886361825,0,9035,28,180,405,0,0
1784445569886361825,1,72559,34,2827,13801,2,0
1784445569936361447,0,9035,28,180,405,0,0
1784445569936361447,1,72559,34,2827,13801,2,0
1784445569986351033,0,9035,28,180,405,0,0
1784445569986351033,1,72559,34,2827,13801,2,0
1784445570036357675,0,9035,28,180,405,0,0
1784445570036357675,1,72559,34,2827,13801,2,0
1784445570086358132,0,9035,28,180,405,0,0
1784445570086358132,1,72559,34,2827,13801,2,0
1784445570136360361,0,9035,28,180,405,0,0
1784445570136360361,1,72559,34,2827,13801,2,0
1784445570186360651,0,9035,28,180,405,0,0
1784445570186360651,1,80433,34,2790,13801,3,0
1784445570236360419,0,9345,28,180,405,0,0
1784445570236360419,1,80433,34,2790,13801,3,0
1784445570286354982,0,9345,28,180,405,0,0
1784445570286354982,1,80433,34,2790,13801,3,0
1784445570336358060,0,9345,28,180,405,0,0
1784445570336358060,1,80433,34,2790,13801,3,0
1784445570386360016,0,9345,28,180,405,0,0
1784445570386360016,1,80433,34,2790,13801,3,0
1784445570436361462,0,9345,28,180,405,0,0
1784445570436361462,1,80433,34,2790,13801,3,0
1784445570486360118,0,9345,28,180,405,0,0
1784445570486360118,1,80433,34,2790,13801,3,0
1784445570536362524,0,9345,28,180,405,0,0
1784445570536362524,1,80433,34,2790,13801,3,0
1784445570586359323,0,9345,28,180,405,0,0
1784445570586359323,1,80433,34,2790,13801,3,0
1784445570636359399,0,9345,28,180,405,0,0
1784445570636359399,1,80433,34,2790,13801,3,0
1784445570686354421,0,9345,28,180,405,0,0
1784445570686354421,1,82026,34,2880,13801,3,0
1784445570736360450,0,9345,28,180,405,0,0
1784445570736360450,1,82026,34,2880,13801,3,0
1784445570786355070,0,9345,28,180,405,0,0
1784445570786355070,1,82026,34,2880,13801,3,0
1784445570836360483,0,9345,28,180,405,0,0
1784445570836360483,1,82026,34,2880,13801,3,0
1784445570886360956,0,9345,28,180,405,0,0
1784445570886360956,1,82026,34,2880,13801,3,0
1784445570936366254,0,9345,28,180,405,0,0
1784445570936366254,1,82026,34,2880,13801,3,0
1784445570986354020,0,9345,28,180,405,0,0
1784445570986354020,1,82026,34,2880,13801,3,0
1784445571036357869,0,9345,28,180,405,0,0
1784445571036357869,1,82026,34,2880,13801,3,0
1784445571086358482,0,9345,28,180,405,0,0
1784445571086358482,1,82026,34,2880,13801,3,0
1784445571136361193,0,9345,28,180,405,0,0
1784445571136361193,1,82026,34,2880,13801,3,0
1784445571186359238,0,9345,28,180,405,0,0
1784445571186359238,1,82256,34,2827,13801,3,0
1784445571236360211,0,9274,28,180,405,0,0
1784445571236360211,1,82256,34,2827,13801,3,0
1784445571286396701,0,9274,28,180,405,0,0
1784445571286396701,1,82256,34,2827,13801,3,0
1784445571336360104,0,9274,28,180,405,0,0
1784445571336360104,1,82256,34,2827,13801,3,0
1784445571386358554,0,9274,28,180,405,0,0
1784445571386358554,1,82256,34,2827,13801,3,0
1784445571436358437,0,9274,28,180,405,0,0
1784445571436358437,1,82256,34,2827,13801,3,0
1784445571486360111,0,9274,28,180,405,0,0
1784445571486360111,1,82256,34,2827,13801,3,0
1784445571536365774,0,9274,28,180,405,0,0
1784445571536365774,1,82256,34,2827,13801,3,0
1784445571586361379,0,9274,28,180,405,0,0
1784445571586361379,1,82256,34,2827,13801,3,0
1784445571636360724,0,9274,28,180,405,0,0
1784445571636360724,1,82256,34,2827,13801,3,0
1784445571686357831,0,9274,28,180,405,0,0
1784445571686357831,1,81716,34,2827,13801,2,0
1784445571736359855,0,9274,28,180,405,0,0
1784445571736359855,1,81716,34,2827,13801,2,0
1784445571786358291,0,9274,28,180,405,0,0
1784445571786358291,1,81716,34,2827,13801,2,0
1784445571836357909,0,9274,28,180,405,0,0
1784445571836357909,1,81716,34,2827,13801,2,0
1784445571886360990,0,9274,28,180,405,0,0
1784445571886360990,1,81716,34,2827,13801,2,0
1784445571936360898,0,9274,28,180,405,0,0
1784445571936360898,1,81716,34,2827,13801,2,0
1784445571986350726,0,9274,28,180,405,0,0
1784445571986350726,1,81716,34,2827,13801,2,0
1784445572036357676,0,9274,28,180,405,0,0
1784445572036357676,1,81716,34,2827,13801,2,0
1784445572086357224,0,9274,28,180,405,0,0
1784445572086357224,1,81716,34,2827,13801,2,0
1784445572136359065,0,9274,28,180,405,0,0
1784445572136359065,1,81716,34,2827,13801,2,0
1784445572186359012,0,9274,28,180,405,0,0
1784445572186359012,1,81620,34,2865,13801,2,0
1784445572236359857,0,9109,28,180,405,0,0
1784445572236359857,1,81620,34,2865,13801,2,0
1784445572286355648,0,9109,28,180,405,0,0
1784445572286355648,1,81620,34,2865,13801,2,0
1784445572336358985,0,9109,28,180,405,0,0
1784445572336358985,1,81620,34,2865,13801,2,0
1784445572386357497,0,9109,28,180,405,0,0
1784445572386357497,1,81620,34,2865,13801,2,0
1784445572436358959,0,9109,28,180,405,0,0
1784445572436358959,1,81620,34,2865,13801,2,0
1784445572486359850,0,9109,28,180,405,0,0
1784445572486359850,1,81620,34,2865,13801,2,0
1784445572536358835,0,9109,28,180,405,0,0
1784445572536358835,1,81620,34,2865,13801,2,0
1784445572586357713,0,9109,28,180,405,0,0
1784445572586357713,1,81620,34,2865,13801,2,0
1784445572636359939,0,9109,28,180,405,0,0
1784445572636359939,1,81620,34,2865,13801,2,0
1784445572686359235,0,9109,28,180,405,0,0
1784445572686359235,1,82583,34,2812,13801,2,0
1784445572736358877,0,9109,28,180,405,0,0
1784445572736358877,1,82583,34,2812,13801,2,0
1784445572786357240,0,9109,28,180,405,0,0
1784445572786357240,1,82583,34,2812,13801,2,0
1784445572836358237,0,9109,28,180,405,0,0
1784445572836358237,1,82583,34,2812,13801,2,0
1784445572886359048,0,9109,28,180,405,0,0
1784445572886359048,1,82583,34,2812,13801,2,0
1784445572936360686,0,9109,28,180,405,0,0
1784445572936360686,1,82583,34,2812,13801,2,0
1784445572986351389,0,9109,28,180,405,0,0
1784445572986351389,1,82583,34,2812,13801,2,0
1784445573036357177,0,9109,28,180,405,0,0
1784445573036357177,1,82583,34,2812,13801,2,0
1784445573086358989,0,9109,28,180,405,0,0
1784445573086358989,1,82583,34,2812,13801,2,0
1784445573136360343,0,9109,28,180,405,0,0
1784445573136360343,1,82583,34,2812,13801,2,0
1784445573186359334,0,9109,28,180,405,0,0
1784445573186359334,1,82518,34,2797,13801,2,0
1784445573236359525,0,9109,28,180,405,0,0
1784445573236359525,1,82518,34,2797,13801,2,0
1784445573286352816,0,8634,28,180,405,0,0
1784445573286352816,1,82518,34,2797,13801,2,0
1784445573336357587,0,8634,28,180,405,0,0
1784445573336357587,1,82518,34,2797,13801,2,0
1784445573386357686,0,8634,28,180,405,0,0
1784445573386357686,1,82518,34,2797,13801,2,0
1784445573436360152,0,8634,28,180,405,0,0
1784445573436360152,1,82518,34,2797,13801,2,0
1784445573486357506,0,8634,28,180,405,0,0
1784445573486357506,1,82518,34,2797,13801,2,0
1784445573536359305,0,8634,28,180,405,0,0
1784445573536359305,1,82518,34,2797,13801,2,0
1784445573586359402,0,8634,28,180,405,0,0
1784445573586359402,1,82518,34,2797,13801,2,0
1784445573636360602,0,8634,28,180,405,0,0
1784445573636360602,1,82518,34,2797,13801,2,0
1784445573686351933,0,8634,28,180,405,0,0
1784445573686351933,1,81392,34,2850,13801,2,0
1784445573736360175,0,8634,28,180,405,0,0
1784445573736360175,1,81392,34,2850,13801,2,0
1784445573786359102,0,8634,28,180,405,0,0
1784445573786359102,1,81392,34,2850,13801,2,0
1784445573836358880,0,8634,28,180,405,0,0
1784445573836358880,1,81392,34,2850,13801,2,0
1784445573886366130,0,8634,28,180,405,0,0
1784445573886366130,1,81392,34,2850,13801,2,0
1784445573936367852,0,8634,28,180,405,0,0
1784445573936367852,1,81392,34,2850,13801,2,0
1784445573986353010,0,8634,28,180,405,0,0
1784445573986353010,1,81392,34,2850,13801,2,0
1784445574036360581,0,8634,28,180,405,0,0
1784445574036360581,1,81392,34,2850,13801,2,0
1784445574086363864,0,8634,28,180,405,0,0
1784445574086363864,1,81392,34,2850,13801,2,0
1784445574136361784,0,8634,28,180,405,0,0
1784445574136361784,1,81392,34,2850,13801,2,0
1784445574186359815,0,8634,28,180,405,0,0
1784445574186359815,1,80004,34,2640,13801,2,0
1784445574236359573,0,8634,28,180,405,0,0
1784445574236359573,1,80004,34,2640,13801,2,0
1784445574286354147,0,8680,28,180,405,0,0
1784445574286354147,1,80004,34,2640,13801,2,0
1784445574336359347,0,8680,28,180,405,0,0
1784445574336359347,1,80004,34,2640,13801,2,0
1784445574386359710,0,8680,28,180,405,0,0
1784445574386359710,1,80004,34,2640,13801,2,0
1784445574436361850,0,8680,28,180,405,0,0
1784445574436361850,1,80004,34,2640,13801,2,0
1784445574486358855,0,8680,28,180,405,0,0
1784445574486358855,1,80004,34,2640,13801,2,0
1784445574536358827,0,8680,28,180,405,0,0
1784445574536358827,1,80004,34,2640,13801,2,0
1784445574586359426,0,8680,28,180,405,0,0
1784445574586359426,1,80004,34,2640,13801,2,0
1784445574636358288,0,8680,28,180,405,0,0
1784445574636358288,1,80004,34,2640,13801,2,0
1784445574686358130,0,8680,28,180,405,0,0
1784445574686358130,1,80026,34,2790,13801,3,0
1784445574736359897,0,8680,28,180,405,0,0
1784445574736359897,1,80026,34,2790,13801,3,0
1784445574786359181,0,8680,28,180,405,0,0
1784445574786359181,1,80026,34,2790,13801,3,0
1784445574836358864,0,8680,28,180,405,0,0
1784445574836358864,1,80026,34,2790,13801,3,0
1784445574886360212,0,8680,28,180,405,0,0
1784445574886360212,1,80026,34,2790,13801,3,0
1784445574936360859,0,8680,28,180,405,0,0
1784445574936360859,1,80026,34,2790,13801,3,0
1784445574986351100,0,8680,28,180,405,0,0
1784445574986351100,1,80026,34,2790,13801,3,0
1784445575036357268,0,8680,28,180,405,0,0
1784445575036357268,1,80026,34,2790,13801,3,0
1784445575086357351,0,8680,28,180,405,0,0
1784445575086357351,1,80026,34,2790,13801,3,0
1784445575136360744,0,8680,28,180,405,0,0
1784445575136360744,1,80026,34,2790,13801,3,0
1784445575186360252,0,8680,28,180,405,0,0
1784445575186360252,1,81578,34,2880,13801,3,0
1784445575236360573,0,8680,28,180,405,0,0
1784445575236360573,1,81578,34,2880,13801,3,0
1784445575286353976,0,8669,28,180,405,0,0
1784445575286353976,1,81578,34,2880,13801,3,0
1784445575336359859,0,8669,28,180,405,0,0
1784445575336359859,1,81578,34,2880,13801,3,0
1784445575386361936,0,8669,28,180,405,0,0
1784445575386361936,1,81578,34,2880,13801,3,0
1784445575436360424,0,8669,28,180,405,0,0
1784445575436360424,1,81578,34,2880,13801,3,0
1784445575486359758,0,8669,28,180,405,0,0
1784445575486359758,1,81578,34,2880,13801,3,0
1784445575536359980,0,8669,28,180,405,0,0
1784445575536359980,1,81578,34,2880,13801,3,0
1784445575586359839,0,8669,28,180,405,0,0
1784445575586359839,1,81578,34,2880,13801,3,0
1784445575636362069,0,8669,28,180,405,0,0
1784445575636362069,1,81578,34,2880,13801,3,0
1784445575686359607,0,8669,28,180,405,0,0
1784445575686359607,1,82096,34,2827,13801,3,0
1784445575736359897,0,8669,28,180,405,0,0
1784445575736359897,1,82096,34,2827,13801,3,0
1784445575786367753,0,8669,28,180,405,0,0
1784445575786367753,1,82096,34,2827,13801,3,0
1784445575836364540,0,8669,28,180,405,0,0
1784445575836364540,1,82096,34,2827,13801,3,0
1784445575886362724,0,8669,28,180,405,0,0
1784445575886362724,1,82096,34,2827,13801,3,0
1784445575936368826,0,8669,28,180,405,0,0
1784445575936368826,1,82096,34,2827,13801,3,0
1784445575986357897,0,8669,28,180,405,0,0
1784445575986357897,1,82096,34,2827,13801,3,0
1784445576036368768,0,8669,28,180,405,0,0
1784445576036368768,1,82096,34,2827,13801,3,0
1784445576086362600,0,8669,28,180,405,0,0
1784445576086362600,1,82096,34,2827,13801,3,0
1784445576136363068,0,8669,28,180,405,0,0
1784445576136363068,1,82096,34,2827,13801,3,0
1784445576186359950,0,8669,28,180,405,0,0
1784445576186359950,1,80510,34,2827,13801,5,0
1784445576236360390,0,8669,28,180,405,0,0
1784445576236360390,1,80510,34,2827,13801,5,0
1784445576286400436,0,8663,28,180,405,0,0
1784445576286400436,1,80510,34,2827,13801,5,0
1784445576336359988,0,8663,28,180,405,0,0
1784445576336359988,1,80510,34,2827,13801,5,0
1784445576386359437,0,8663,28,180,405,0,0
1784445576386359437,1,80510,34,2827,13801,5,0
1784445576436358985,0,8663,28,180,405,0,0
1784445576436358985,1,80510,34,2827,13801,5,0
1784445576486360229,0,8663,28,180,405,0,0
1784445576486360229,1,80510,34,2827,13801,5,0
1784445576536361095,0,8663,28,180,405,0,0
1784445576536361095,1,80510,34,2827,13801,5,0
1784445576586359555,0,8663,28,180,405,0,0
1784445576586359555,1,80510,34,2827,13801,5,0
1784445576636360427,0,8663,28,180,405,0,0
1784445576636360427,1,80510,34,2827,13801,5,0
1784445576686360315,0,8663,28,180,405,0,0
1784445576686360315,1,80607,35,2512,13801,15,3
1784445576736369749,0,8663,28,180,405,0,0
1784445576736369749,1,80607,35,2512,13801,15,3
1784445576786361249,0,8663,28,180,405,0,0
1784445576786361249,1,80607,35,2512,13801,15,3
1784445576836362834,0,8663,28,180,405,0,0
1784445576836362834,1,80607,35,2512,13801,15,3
1784445576886370845,0,8663,28,180,405,0,0
1784445576886370845,1,80607,35,2512,13801,15,3
1784445576936366183,0,8663,28,180,405,0,0
1784445576936366183,1,80607,35,2512,13801,15,3
1784445576986352872,0,8663,28,180,405,0,0
1784445576986352872,1,80607,35,2512,13801,15,3
1784445577036358526,0,8663,28,180,405,0,0
1784445577036358526,1,80607,35,2512,13801,15,3
1784445577086359640,0,8663,28,180,405,0,0
1784445577086359640,1,80607,35,2512,13801,15,3
1784445577136359850,0,8663,28,180,405,0,0
1784445577136359850,1,80607,35,2512,13801,15,3
1784445577186357633,0,8663,28,180,405,0,0
1784445577186357633,1,91624,35,2872,13801,14,2
1784445577236359977,0,8663,28,180,405,0,0
1784445577236359977,1,91624,35,2872,13801,14,2
1784445577286359163,0,8478,28,180,405,0,0
1784445577286359163,1,91624,35,2872,13801,14,2
1784445577336359264,0,8478,28,180,405,0,0
1784445577336359264,1,91624,35,2872,13801,14,2
1784445577386360207,0,8478,28,180,405,0,0
1784445577386360207,1,91624,35,2872,13801,14,2
1784445577436358650,0,8478,28,180,405,0,0
1784445577436358650,1,91624,35,2872,13801,14,2
1784445577486353666,0,8478,28,180,405,0,0
1784445577486353666,1,91624,35,2872,13801,14,2
1784445577536360057,0,8478,28,180,405,0,0
1784445577536360057,1,91624,35,2872,13801,14,2
1784445577586359583,0,8478,28,180,405,0,0
1784445577586359583,1,91624,35,2872,13801,14,2
1784445577636363033,0,8478,28,180,405,0,0
1784445577636363033,1,91624,35,2872,13801,14,2
1784445577686362374,0,8478,28,180,405,0,0
1784445577686362374,1,104555,35,2872,13801,14,2
1784445577736365068,0,8478,28,180,405,0,0
1784445577736365068,1,104555,35,2872,13801,14,2
1784445577786360591,0,8478,28,180,405,0,0
1784445577786360591,1,104555,35,2872,13801,14,2
1784445577836359658,0,8478,28,180,405,0,0
1784445577836359658,1,104555,35,2872,13801,14,2
1784445577886362695,0,8478,28,180,405,0,0
1784445577886362695,1,104555,35,2872,13801,14,2
1784445577936360303,0,8478,28,180,405,0,0
1784445577936360303,1,104555,35,2872,13801,14,2
1784445577986360337,0,8478,28,180,405,0,0
1784445577986360337,1,104555,35,2872,13801,14,2
1784445578036358782,0,8478,28,180,405,0,0
1784445578036358782,1,104555,35,2872,13801,14,2
1784445578086366878,0,8478,28,180,405,0,0
1784445578086366878,1,104555,35,2872,13801,14,2
1784445578136361821,0,8478,28,180,405,0,0
1784445578136361821,1,104555,35,2872,13801,14,2
1784445578186360604,0,8478,28,180,405,0,0
1784445578186360604,1,99455,35,2872,13801,0,0
1784445578236360736,0,8478,28,180,405,0,0
1784445578236360736,1,99455,35,2872,13801,0,0
1784445578286356073,0,8619,28,180,405,0,0
1784445578286356073,1,99455,35,2872,13801,0,0
1784445578336361593,0,8619,28,180,405,0,0
1784445578336361593,1,99455,35,2872,13801,0,0
1784445578386361426,0,8619,28,180,405,0,0
1784445578386361426,1,99455,35,2872,13801,0,0
1784445578436368486,0,8619,28,180,405,0,0
1784445578436368486,1,99455,35,2872,13801,0,0
1784445578486361534,0,8619,28,180,405,0,0
1784445578486361534,1,99455,35,2872,13801,0,0
1784445578536362170,0,8619,28,180,405,0,0
1784445578536362170,1,99455,35,2872,13801,0,0
1784445578586362115,0,8619,28,180,405,0,0
1784445578586362115,1,99455,35,2872,13801,0,0
1784445578636362576,0,8619,28,180,405,0,0
1784445578636362576,1,99455,35,2872,13801,0,0
1784445578686382384,0,8619,28,180,405,0,0
1784445578686382384,1,81204,34,2400,13801,0,0
1784445578736368482,0,8619,28,180,405,0,0
1784445578736368482,1,81204,34,2400,13801,0,0
1784445578786362643,0,8619,28,180,405,0,0
1784445578786362643,1,81204,34,2400,13801,0,0
1784445578836359198,0,8619,28,180,405,0,0
1784445578836359198,1,81204,34,2400,13801,0,0
1784445578886360772,0,8619,28,180,405,0,0
1784445578886360772,1,81204,34,2400,13801,0,0
1784445578936363140,0,8619,28,180,405,0,0
1784445578936363140,1,81204,34,2400,13801,0,0
1784445578986400250,0,8619,28,180,405,0,0
1784445578986400250,1,81204,34,2400,13801,0,0
1784445579036366834,0,8619,28,180,405,0,0
1784445579036366834,1,81204,34,2400,13801,0,0
1784445579086363034,0,8619,28,180,405,0,0
1784445579086363034,1,81204,34,2400,13801,0,0
1784445579136365892,0,8619,28,180,405,0,0
1784445579136365892,1,81204,34,2400,13801,0,0
1784445579186360875,0,8619,28,180,405,0,0
1784445579186360875,1,63410,34,2400,13801,0,0
1784445579236360343,0,8619,28,180,405,0,0
1784445579236360343,1,63410,34,2400,13801,0,0
1784445579286354632,0,8356,27,180,405,0,0
1784445579286354632,1,63410,34,2400,13801,0,0
1784445579336363088,0,8356,27,180,405,0,0
1784445579336363088,1,63410,34,2400,13801,0,0
1784445579386361717,0,8356,27,180,405,0,0
1784445579386361717,1,63410,34,2400,13801,0,0
1784445579436361796,0,8356,27,180,405,0,0
1784445579436361796,1,63410,34,2400,13801,0,0
1784445579486365259,0,8356,27,180,405,0,0
1784445579486365259,1,63410,34,2400,13801,0,0
1784445579536362404,0,8356,27,180,405,0,0
1784445579536362404,1,63410,34,2400,13801,0,0
1784445579586362631,0,8356,27,180,405,0,0
1784445579586362631,1,63410,34,2400,13801,0,0
1784445579636362460,0,8356,27,180,405,0,0
1784445579636362460,1,63410,34,2400,13801,0,0
1784445579686367955,0,8356,27,180,405,0,0
1784445579686367955,1,63883,34,2400,13801,0,0
1784445579736367100,0,8356,27,180,405,0,0
1784445579736367100,1,63883,34,2400,13801,0,0
1784445579786361668,0,8356,27,180,405,0,0
1784445579786361668,1,63883,34,2400,13801,0,0
1784445579836362375,0,8356,27,180,405,0,0
1784445579836362375,1,63883,34,2400,13801,0,0
1784445579886362225,0,8356,27,180,405,0,0
1784445579886362225,1,63883,34,2400,13801,0,0
1784445579936361725,0,8356,27,180,405,0,0
1784445579936361725,1,63883,34,2400,13801,0,0
1784445579986359521,0,8356,27,180,405,0,0
1784445579986359521,1,63883,34,2400,13801,0,0
1784445580036362125,0,8356,27,180,405,0,0
1784445580036362125,1,63883,34,2400,13801,0,0
1784445580086360285,0,8356,27,180,405,0,0
1784445580086360285,1,63883,34,2400,13801,0,0
1784445580136376659,0,8356,27,180,405,0,0
1784445580136376659,1,63883,34,2400,13801,0,0
1784445580186364154,0,8356,27,180,405,0,0
1784445580186364154,1,123594,47,2400,13801,100,9
1784445580236360820,0,8356,27,180,405,0,0
1784445580236360820,1,123594,47,2400,13801,100,9
1784445580286360086,0,8314,28,180,405,0,0
1784445580286360086,1,123594,47,2400,13801,100,9
1784445580336363113,0,8314,28,180,405,0,0
1784445580336363113,1,123594,47,2400,13801,100,9
1784445580386360200,0,8314,28,180,405,0,0
1784445580386360200,1,123594,47,2400,13801,100,9
1784445580436359156,0,8314,28,180,405,0,0
1784445580436359156,1,123594,47,2400,13801,100,9
1784445580486357182,0,8314,28,180,405,0,0
1784445580486357182,1,123594,47,2400,13801,100,9
1784445580536360171,0,8314,28,180,405,0,0
1784445580536360171,1,123594,47,2400,13801,100,9
1784445580586359449,0,8314,28,180,405,0,0
1784445580586359449,1,123594,47,2400,13801,100,9
1784445580636362129,0,8314,28,180,405,0,0
1784445580636362129,1,123594,47,2400,13801,100,9
1784445580686359655,0,8314,28,180,405,0,0
1784445580686359655,1,359293,57,2820,13801,100,9
1784445580736362530,0,8314,28,180,405,0,0
1784445580736362530,1,359293,57,2820,13801,100,9
1784445580786360249,0,8314,28,180,405,0,0
1784445580786360249,1,359293,57,2820,13801,100,9
1784445580836361196,0,8314,28,180,405,0,0
1784445580836361196,1,359293,57,2820,13801,100,9
1784445580886359969,0,8314,28,180,405,0,0
1784445580886359969,1,359293,57,2820,13801,100,9
1784445580936396342,0,8314,28,180,405,0,0
1784445580936396342,1,359293,57,2820,13801,100,9
1784445580986363087,0,8314,28,180,405,0,0
1784445580986363087,1,359293,57,2820,13801,100,9
1784445581036358522,0,8314,28,180,405,0,0
1784445581036358522,1,359293,57,2820,13801,100,9
1784445581086361110,0,8314,28,180,405,0,0
1784445581086361110,1,359293,57,2820,13801,100,9
1784445581136360922,0,8314,28,180,405,0,0
1784445581136360922,1,359293,57,2820,13801,100,9
1784445581186356140,0,8314,28,180,405,0,0
1784445581186356140,1,359293,57,2820,13801,100,9
1784445581236360782,0,8314,28,180,405,0,0
1784445581236360782,1,359293,57,2820,13801,100,9
1784445581286360587,0,8804,27,180,405,0,0
1784445581286360587,1,359293,57,2820,13801,100,9
1784445581336360423,0,8804,27,180,405,0,0
1784445581336360423,1,359293,57,2820,13801,100,9
1784445581386359939,0,8804,27,180,405,0,0
1784445581386359939,1,359293,57,2820,13801,100,9
1784445581436359615,0,8804,27,180,405,0,0
1784445581436359615,1,359293,57,2820,13801,100,9
1784445581486360144,0,8804,27,180,405,0,0
1784445581486360144,1,359293,57,2820,13801,100,9
1784445581536360815,0,8804,27,180,405,0,0
1784445581536360815,1,359293,57,2820,13801,100,9
1784445581586359559,0,8804,27,180,405,0,0
1784445581586359559,1,359293,57,2812,13801,100,9
1784445581636359771,0,8804,27,180,405,0,0
1784445581636359771,1,359293,57,2812,13801,100,9
1784445581686359259,0,8804,27,180,405,0,0
1784445581686359259,1,533502,57,2812,13801,100,9
1784445581736360131,0,8804,27,180,405,0,0
1784445581736360131,1,533502,55,2812,13801,100,4
1784445581786359110,0,8804,27,180,405,0,0
1784445581786359110,1,533502,55,2812,13801,100,4
1784445581836357494,0,8804,27,180,405,0,0
1784445581836357494,1,533502,55,2812,13801,100,4
1784445581886353023,0,8804,27,180,405,0,0
1784445581886353023,1,533502,55,2812,13801,100,4
1784445581936359251,0,8804,27,180,405,0,0
1784445581936359251,1,533502,55,2812,13801,100,4
1784445581986359493,0,8804,27,180,405,0,0
1784445581986359493,1,533502,55,2812,13801,100,4
1784445582036359006,0,8804,27,180,405,0,0
1784445582036359006,1,533502,55,2812,13801,100,4
1784445582086356973,0,8804,27,180,405,0,0
1784445582086356973,1,536476,55,2812,13801,100,1
1784445582136359004,0,8804,27,180,405,0,0
1784445582136359004,1,536476,55,2812,13801,100,1
1784445582186357161,0,8804,27,180,405,0,0
1784445582186357161,1,536476,55,2812,13801,100,1
1784445582236359241,0,8804,27,180,405,0,0
1784445582236359241,1,536476,55,2812,13801,100,1
1784445582286357820,0,9023,27,180,405,0,0
1784445582286357820,1,536476,55,2812,13801,100,1
1784445582336360765,0,9023,27,180,405,0,0
1784445582336360765,1,536476,55,2812,13801,100,1
1784445582386362251,0,9023,27,180,405,0,0
1784445582386362251,1,536476,55,2812,13801,100,1
1784445582436359887,0,9023,27,180,405,0,0
1784445582436359887,1,536476,55,2812,13801,100,1
1784445582486359426,0,9023,27,180,405,0,0
1784445582486359426,1,536476,55,2812,13801,100,1
1784445582536360988,0,9023,27,180,405,0,0
1784445582536360988,1,536476,55,2812,13801,100,1
1784445582586358644,0,9023,27,180,405,0,0
1784445582586358644,1,537215,55,2812,13801,100,9
1784445582636358972,0,9023,27,180,405,0,0
1784445582636358972,1,537215,55,2812,13801,100,9
1784445582686357775,0,9023,27,180,405,0,0
1784445582686357775,1,537215,55,2812,13801,100,9
1784445582736358125,0,9023,27,180,405,0,0
1784445582736358125,1,537215,55,2812,13801,100,9
1784445582786357226,0,9023,27,180,405,0,0
1784445582786357226,1,537215,55,2812,13801,100,9
1784445582836358260,0,9023,27,180,405,0,0
1784445582836358260,1,537215,55,2812,13801,100,9
1784445582886352727,0,9023,27,180,405,0,0
1784445582886352727,1,537215,55,2812,13801,100,9
1784445582936358540,0,9023,27,180,405,0,0
1784445582936358540,1,537215,55,2812,13801,100,9
1784445582986357454,0,9023,27,180,405,0,0
1784445582986357454,1,537215,55,2812,13801,100,9
1784445583036358589,0,9023,27,180,405,0,0
1784445583036358589,1,537215,55,2812,13801,100,9
1784445583086357516,0,9023,27,180,405,0,0
1784445583086357516,1,537225,56,2812,13801,100,9
1784445583136359367,0,9023,27,180,405,0,0
1784445583136359367,1,537225,56,2812,13801,100,9
1784445583186357267,0,9023,27,180,405,0,0
1784445583186357267,1,537225,56,2812,13801,100,9
1784445583236359780,0,9023,27,180,405,0,0
1784445583236359780,1,537225,56,2812,13801,100,9
1784445583286359463,0,9142,27,180,405,0,0
1784445583286359463,1,537225,56,2812,13801,100,9
1784445583336360511,0,9142,27,180,405,0,0
1784445583336360511,1,537225,56,2812,13801,100,9
1784445583386358835,0,9142,27,180,405,0,0
1784445583386358835,1,537225,56,2812,13801,100,9
1784445583436357992,0,9142,27,180,405,0,0
1784445583436357992,1,537225,56,2812,13801,100,9
1784445583486357754,0,9142,27,180,405,0,0
1784445583486357754,1,537225,56,2812,13801,100,9
1784445583536360624,0,9142,27,180,405,0,0
1784445583536360624,1,537225,56,2812,13801,100,9
1784445583586359956,0,9142,27,180,405,0,0
1784445583586359956,1,522968,52,2812,13801,56,9
1784445583636360003,0,9142,27,180,405,0,0
1784445583636360003,1,522968,52,2812,13801,56,9
1784445583686358457,0,9142,27,180,405,0,0
1784445583686358457,1,522968,52,2812,13801,56,9
1784445583736357474,0,9142,27,180,405,0,0
1784445583736357474,1,522968,52,2812,13801,56,9
1784445583786359066,0,9142,27,180,405,0,0
1784445583786359066,1,522968,52,2812,13801,56,9
1784445583836359536,0,9142,27,180,405,0,0
1784445583836359536,1,522968,52,2812,13801,56,9
1784445583886350741,0,9142,27,180,405,0,0
1784445583886350741,1,522968,52,2812,13801,56,9
1784445583936359749,0,9142,27,180,405,0,0
1784445583936359749,1,522968,52,2812,13801,56,9
1784445583986359160,0,9142,27,180,405,0,0
1784445583986359160,1,522968,52,2812,13801,56,9
1784445584036359180,0,9142,27,180,405,0,0
1784445584036359180,1,522968,52,2812,13801,56,9
1784445584086359521,0,9142,27,180,405,0,0
1784445584086359521,1,322426,40,2865,13801,0,0
1784445584136357416,0,9142,27,180,405,0,0
1784445584136357416,1,322426,40,2865,13801,0,0
1784445584186357385,0,9142,27,180,405,0,0
1784445584186357385,1,322426,40,2865,13801,0,0
1784445584236360955,0,9142,27,180,405,0,0
1784445584236360955,1,322426,40,2865,13801,0,0
1784445584286359564,0,9293,27,180,405,0,0
1784445584286359564,1,322426,40,2865,13801,0,0
1784445584336358973,0,9293,27,180,405,0,0
1784445584336358973,1,322426,40,2865,13801,0,0
1784445584386360256,0,9293,27,180,405,0,0
1784445584386360256,1,322426,40,2865,13801,0,0
1784445584436359604,0,9293,27,180,405,0,0
1784445584436359604,1,322426,40,2865,13801,0,0
1784445584486360171,0,9293,27,180,405,0,0
1784445584486360171,1,322426,40,2865,13801,0,0
1784445584536360869,0,9293,27,180,405,0,0
1784445584536360869,1,322426,40,2865,13801,0,0
1784445584586358926,0,9293,27,180,405,0,0
1784445584586358926,1,112352,39,2880,13801,2,2
1784445584636359202,0,9293,27,180,405,0,0
1784445584636359202,1,112352,39,2880,13801,2,2
1784445584686358936,0,9293,27,180,405,0,0
1784445584686358936,1,112352,39,2880,13801,2,2
1784445584736359045,0,9293,27,180,405,0,0
1784445584736359045,1,112352,39,2880,13801,2,2
1784445584786360058,0,9293,27,180,405,0,0
1784445584786360058,1,112352,39,2880,13801,2,2
1784445584836357569,0,9293,27,180,405,0,0
1784445584836357569,1,112352,39,2880,13801,2,2
1784445584886352173,0,9293,27,180,405,0,0
1784445584886352173,1,112352,39,2880,13801,2,2
1784445584936359095,0,9293,27,180,405,0,0
1784445584936359095,1,112352,39,2880,13801,2,2
1784445584986359746,0,9293,27,180,405,0,0
1784445584986359746,1,112352,39,2880,13801,2,2
1784445585036359623,0,9293,27,180,405,0,0
1784445585036359623,1,112352,39,2880,13801,2,2
1784445585086358351,0,9293,27,180,405,0,0
1784445585086358351,1,111529,39,2865,13801,0,0
1784445585136358808,0,9293,27,180,405,0,0
1784445585136358808,1,111529,39,2865,13801,0,0
1784445585186360593,0,9293,27,180,405,0,0
1784445585186360593,1,111529,39,2865,13801,0,0
1784445585236361049,0,9293,27,180,405,0,0
1784445585236361049,1,111529,39,2865,13801,0,0
1784445585286360340,0,9230,27,180,405,0,1
1784445585286360340,1,111529,39,2865,13801,0,0
1784445585336358904,0,9230,27,180,405,0,1
1784445585336358904,1,111529,39,2865,13801,0,0
1784445585386360599,0,9230,27,180,405,0,1
1784445585386360599,1,111529,39,2865,13801,0,0
1784445585436360694,0,9230,27,180,405,0,1
1784445585436360694,1,111529,39,2865,13801,0,0
1784445585486353510,0,9230,27,180,405,0,1
1784445585486353510,1,111529,39,2865,13801,0,0
1784445585536359614,0,9230,27,180,405,0,1
1784445585536359614,1,111529,39,2865,13801,0,0
1784445585586358179,0,9230,27,180,405,0,1
1784445585586358179,1,105551,38,2715,13801,0,0
1784445585636359205,0,9230,27,180,405,0,1
1784445585636359205,1,105551,38,2715,13801,0,0
1784445585686366125,0,9230,27,180,405,0,1
1784445585686366125,1,105551,38,2715,13801,0,0
1784445585736369078,0,9230,27,180,405,0,1
1784445585736369078,1,105551,38,2715,13801,0,0
1784445585786361179,0,9230,27,180,405,0,1
1784445585786361179,1,105551,38,2715,13801,0,0
1784445585836360271,0,9230,27,180,405,0,1
1784445585836360271,1,105551,38,2715,13801,0,0
1784445585886354475,0,9230,27,180,405,0,1
1784445585886354475,1,105551,38,2715,13801,0,0
1784445585936368443,0,9230,27,180,405,0,1
1784445585936368443,1,105551,38,2715,13801,0,0
1784445585986354372,0,9230,27,180,405,0,1
1784445585986354372,1,105551,38,2715,13801,0,0
1784445586036360869,0,9230,27,180,405,0,1
1784445586036360869,1,105551,38,2715,13801,0,0
1784445586086360127,0,9230,27,180,405,0,1
1784445586086360127,1,71777,37,2400,13801,0,0
1784445586136361162,0,9230,27,180,405,0,1
1784445586136361162,1,71777,37,2400,13801,0,0
1784445586186361574,0,9230,27,180,405,0,1
1784445586186361574,1,71777,37,2400,13801,0,0
1784445586236363779,0,9230,27,180,405,0,1
1784445586236363779,1,71777,37,2400,13801,0,0
1784445586286359509,0,9221,27,180,405,0,0
1784445586286359509,1,71777,37,2400,13801,0,0
1784445586336359269,0,9221,27,180,405,0,0
1784445586336359269,1,71777,37,2400,13801,0,0
1784445586386359050,0,9221,27,180,405,0,0
1784445586386359050,1,71777,37,2400,13801,0,0
1784445586436359375,0,9221,27,180,405,0,0
1784445586436359375,1,71777,37,2400,13801,0,0
1784445586486360179,0,9221,27,180,405,0,0
1784445586486360179,1,71777,37,2400,13801,0,0
1784445586536361575,0,9221,27,180,405,0,0
1784445586536361575,1,71777,37,2400,13801,0,0
1784445586586361254,0,9221,27,180,405,0,0
1784445586586361254,1,64740,37,2400,13801,0,0
1784445586636358791,0,9221,27,180,405,0,0
1784445586636358791,1,64740,37,2400,13801,0,0
1784445586686359459,0,9221,27,180,405,0,0
1784445586686359459,1,64740,37,2400,13801,0,0
1784445586736359267,0,9221,27,180,405,0,0
1784445586736359267,1,64740,37,2400,13801,0,0
1784445586786359350,0,9221,27,180,405,0,0
1784445586786359350,1,64740,37,2400,13801,0,0
1784445586836359623,0,9221,27,180,405,0,0
1784445586836359623,1,64740,37,2400,13801,0,0
1784445586886351329,0,9221,27,180,405,0,0
1784445586886351329,1,64740,37,2400,13801,0,0
1784445586936363131,0,9221,27,180,405,0,0
1784445586936363131,1,64740,37,2400,13801,0,0
1784445586986359244,0,9221,27,180,405,0,0
1784445586986359244,1,64740,37,2400,13801,0,0
1784445587036360067,0,9221,27,180,405,0,0
1784445587036360067,1,64740,37,2400,13801,0,0
1784445587086359117,0,9221,27,180,405,0,0
1784445587086359117,1,64417,36,2400,13801,0,0
1784445587136359915,0,9221,27,180,405,0,0
1784445587136359915,1,64417,36,2400,13801,0,0
1784445587186359215,0,9221,27,180,405,0,0
1784445587186359215,1,64417,36,2400,13801,0,0
1784445587236360119,0,9221,27,180,405,0,0
1784445587236360119,1,64417,36,2400,13801,0,0
1784445587286359299,0,9141,27,180,405,0,0
1784445587286359299,1,64417,36,2400,13801,0,0
1784445587336359592,0,9141,27,180,405,0,0
1784445587336359592,1,64417,36,2400,13801,0,0
1784445587386357860,0,9141,27,180,405,0,0
1784445587386357860,1,64417,36,2400,13801,0,0
1784445587436359717,0,9141,27,180,405,0,0
1784445587436359717,1,64417,36,2400,13801,0,0
1784445587486361814,0,9141,27,180,405,0,0
1784445587486361814,1,64417,36,2400,13801,0,0
1784445587536360122,0,9141,27,180,405,0,0
1784445587536360122,1,64417,36,2400,13801,0,0
1784445587586377920,0,9141,27,180,405,0,0
1784445587586377920,1,64176,36,2400,13801,0,0
1784445587636361853,0,9141,27,180,405,0,0
1784445587636361853,1,64176,36,2400,13801,0,0
1784445587686359236,0,9141,27,180,405,0,0
1784445587686359236,1,64176,36,2400,13801,0,0
1784445587736364155,0,9141,27,180,405,0,0
1784445587736364155,1,64176,36,2400,13801,0,0
1784445587786367102,0,9141,27,180,405,0,0
1784445587786367102,1,64176,36,2400,13801,0,0
1784445587836365389,0,9141,27,180,405,0,0
1784445587836365389,1,64176,36,2400,13801,0,0
1784445587886365627,0,9141,27,180,405,0,0
1784445587886365627,1,64176,36,2400,13801,0,0
1784445587936362752,0,9141,27,180,405,0,0
1784445587936362752,1,64176,36,2400,13801,0,0
1784445587986359680,0,9141,27,180,405,0,0
1784445587986359680,1,64176,36,2400,13801,0,0
1784445588036364114,0,9141,27,180,405,0,0
1784445588036364114,1,64176,36,2400,13801,0,0
1784445588086360343,0,9141,27,180,405,0,0
1784445588086360343,1,64122,36,2400,13801,0,0
1784445588136364341,0,9141,27,180,405,0,0
1784445588136364341,1,64122,36,2400,13801,0,0
1784445588186360951,0,9141,27,180,405,0,0
1784445588186360951,1,64122,36,2400,13801,0,0
1784445588236363814,0,9141,27,180,405,0,0
1784445588236363814,1,64122,36,2400,13801,0,0
1784445588286360991,0,8952,27,180,405,0,0
1784445588286360991,1,64122,36,2400,13801,0,0
1784445588336359725,0,8952,27,180,405,0,0
1784445588336359725,1,64122,36,2400,13801,0,0
1784445588386366023,0,8952,27,180,405,0,0
1784445588386366023,1,64122,36,2400,13801,0,0
1784445588436362423,0,8952,27,180,405,0,0
1784445588436362423,1,64122,36,2400,13801,0,0
1784445588486359224,0,8952,27,180,405,0,0
1784445588486359224,1,64122,36,2400,13801,0,0
1784445588536363076,0,8952,27,180,405,0,0
1784445588536363076,1,64122,36,2400,13801,0,0
1784445588586360553,0,8952,27,180,405,0,0
1784445588586360553,1,64104,36,2400,13801,0,0
1784445588636372805,0,8952,27,180,405,0,0
1784445588636372805,1,64104,36,2400,13801,0,0
1784445588686363115,0,8952,27,180,405,0,0
1784445588686363115,1,64104,36,2400,13801,0,0
1784445588736363229,0,8952,27,180,405,0,0
1784445588736363229,1,64104,36,2400,13801,0,0
1784445588786360415,0,8952,27,180,405,0,0
1784445588786360415,1,64104,36,2400,13801,0,0
1784445588836377049,0,8952,27,180,405,0,0
1784445588836377049,1,64104,36,2400,13801,0,0
1784445588886354947,0,8952,27,180,405,0,0
1784445588886354947,1,64104,36,2400,13801,0,0
1784445588936360938,0,8952,27,180,405,0,0
1784445588936360938,1,64104,36,2400,13801,0,0
1784445588986359314,0,8952,27,180,405,0,0
1784445588986359314,1,64104,36,2400,13801,0,0
1784445589036361725,0,8952,27,180,405,0,0
1784445589036361725,1,64104,36,2400,13801,0,0
1784445589086360097,0,8952,27,180,405,0,0
1784445589086360097,1,64056,36,2400,13801,0,0
1784445589136359410,0,8952,27,180,405,0,0
1784445589136359410,1,64056,36,2400,13801,0,0
1784445589186360028,0,8952,27,180,405,0,0
1784445589186360028,1,64056,36,2400,13801,0,0
1784445589236360867,0,8952,27,180,405,0,0
1784445589236360867,1,64056,36,2400,13801,0,0
1784445589286353054,0,9245,27,180,405,0,0
1784445589286353054,1,64056,36,2400,13801,0,0
1784445589336362029,0,9245,27,180,405,0,0
1784445589336362029,1,64056,36,2400,13801,0,0
1784445589386358689,0,9245,27,180,405,0,0
1784445589386358689,1,64056,36,2400,13801,0,0
1784445589436360386,0,9245,27,180,405,0,0
1784445589436360386,1,64056,36,2400,13801,0,0
1784445589486359481,0,9245,27,180,405,0,0
1784445589486359481,1,64056,36,2400,13801,0,0
1784445589536361626,0,9245,27,180,405,0,0
1784445589536361626,1,64056,36,2400,13801,0,0
1784445589586360837,0,9245,27,180,405,0,0
1784445589586360837,1,63988,36,2400,13801,0,0
1784445589636361834,0,9245,27,180,405,0,0
1784445589636361834,1,63988,36,2400,13801,0,0
1784445589686364046,0,9245,27,180,405,0,0
1784445589686364046,1,63988,36,2400,13801,0,0
1784445589736362174,0,9245,27,180,405,0,0
1784445589736362174,1,63988,36,2400,13801,0,0
1784445589786371205,0,9245,27,180,405,0,0
1784445589786371205,1,63988,36,2400,13801,0,0
1784445589836369786,0,9245,27,180,405,0,0
1784445589836369786,1,63988,36,2400,13801,0,0
1784445589886367299,0,9245,27,180,405,0,0
1784445589886367299,1,63988,36,2400,13801,0,0
1784445589936361492,0,9245,27,180,405,0,0
1784445589936361492,1,63988,36,2400,13801,0,0
1784445589986361158,0,9245,27,180,405,0,0
1784445589986361158,1,63988,36,2400,13801,0,0
1784445590036361985,0,9245,27,180,405,0,0
1784445590036361985,1,63988,36,2400,13801,0,0
1784445590086360409,0,9245,27,180,405,0,0
1784445590086360409,1,63955,36,2400,13801,0,0
1784445590136359839,0,9245,27,180,405,0,0
1784445590136359839,1,63955,36,2400,13801,0,0
1784445590186358404,0,9245,27,180,405,0,0
1784445590186358404,1,63955,36,2400,13801,0,0
1784445590236362353,0,9245,27,180,405,0,0
1784445590236362353,1,63955,36,2400,13801,0,0
1784445590286360354,0,8579,27,180,405,0,0
1784445590286360354,1,63955,36,2400,13801,0,0
1784445590336359712,0,8579,27,180,405,0,0
1784445590336359712,1,63955,36,2400,13801,0,0
1784445590386364602,0,8579,27,180,405,0,0
1784445590386364602,1,63955,36,2400,13801,0,0
1784445590436358737,0,8579,27,180,405,0,0
1784445590436358737,1,63955,36,2400,13801,0,0
1784445590486356819,0,8579,27,180,405,0,0
1784445590486356819,1,63955,36,2400,13801,0,0
1784445590536362361,0,8579,27,180,405,0,0
1784445590536362361,1,63955,36,2400,13801,0,0
1784445590586359192,0,8579,27,180,405,0,0
1784445590586359192,1,63819,36,2400,13801,0,0
1784445590636361665,0,8579,27,180,405,0,0
1784445590636361665,1,63819,36,2400,13801,0,0
1784445590686359393,0,8579,27,180,405,0,0
1784445590686359393,1,63819,36,2400,13801,0,0
1784445590736376609,0,8579,27,180,405,0,0
1784445590736376609,1,63819,36,2400,13801,0,0
1784445590786367454,0,8579,27,180,405,0,0
1784445590786367454,1,63819,36,2400,13801,0,0
1784445590836360421,0,8579,27,180,405,0,0
1784445590836360421,1,63819,36,2400,13801,0,0
1784445590886364118,0,8579,27,180,405,0,0
1784445590886364118,1,63819,36,2400,13801,0,0
1784445590936359449,0,8579,27,180,405,0,0
1784445590936359449,1,63819,36,2400,13801,0,0
1784445590986360059,0,8579,27,180,405,0,0
1784445590986360059,1,63819,36,2400,13801,0,0
1784445591036359364,0,8579,27,180,405,0,0
1784445591036359364,1,63819,36,2400,13801,0,0
1784445591086362195,0,8579,27,180,405,0,0
1784445591086362195,1,63666,35,2400,13801,0,0
1784445591136360350,0,8579,27,180,405,0,0
1784445591136360350,1,63666,35,2400,13801,0,0
1784445591186358418,0,8579,27,180,405,0,0
1784445591186358418,1,63666,35,2400,13801,0,0
1784445591236360328,0,8579,27,180,405,0,0
1784445591236360328,1,63666,35,2400,13801,0,0
1784445591286359505,0,8666,27,180,405,0,0
1784445591286359505,1,63666,35,2400,13801,0,0
1784445591336359930,0,8666,27,180,405,0,0
1784445591336359930,1,63666,35,2400,13801,0,0
1784445591386359332,0,8666,27,180,405,0,0
1784445591386359332,1,63666,35,2400,13801,0,0
1784445591436359789,0,8666,27,180,405,0,0
1784445591436359789,1,63666,35,2400,13801,0,0
1784445591486357631,0,8666,27,180,405,0,0
1784445591486357631,1,63666,35,2400,13801,0,0
1784445591536359501,0,8666,27,180,405,0,0
1784445591536359501,1,63666,35,2400,13801,0,0
1784445591586360111,0,8666,27,180,405,0,0
1784445591586360111,1,63630,35,2400,13801,0,0
1784445591636358768,0,8666,27,180,405,0,0
1784445591636358768,1,63630,35,2400,13801,0,0
1784445591686358052,0,8666,27,180,405,0,0
1784445591686358052,1,63630,35,2400,13801,0,0
1784445591736359017,0,8666,27,180,405,0,0
1784445591736359017,1,63630,35,2400,13801,0,0
1784445591786359103,0,8666,27,180,405,0,0
1784445591786359103,1,63630,35,2400,13801,0,0
1784445591836360190,0,8666,27,180,405,0,0
1784445591836360190,1,63630,35,2400,13801,0,0
1784445591886359062,0,8666,27,180,405,0,0
1784445591886359062,1,63630,35,2400,13801,0,0
1784445591936357996,0,8666,27,180,405,0,0
1784445591936357996,1,63630,35,2400,13801,0,0
1784445591986358709,0,8666,27,180,405,0,0
1784445591986358709,1,63630,35,2400,13801,0,0
1784445592036357179,0,8666,27,180,405,0,0
1784445592036357179,1,63630,35,2400,13801,0,0
1784445592086357366,0,8666,27,180,405,0,0
1784445592086357366,1,63621,35,2400,13801,0,0
1784445592136360550,0,8666,27,180,405,0,0
1784445592136360550,1,63621,35,2400,13801,0,0
1784445592186359823,0,8666,27,180,405,0,0
1784445592186359823,1,63621,35,2400,13801,0,0
1784445592236360927,0,8666,27,180,405,0,0
1784445592236360927,1,63621,35,2400,13801,0,0
1784445592286359930,0,8753,27,180,405,0,0
1784445592286359930,1,63621,35,2400,13801,0,0
1784445592336358351,0,8753,27,180,405,0,0
1784445592336358351,1,63621,35,2400,13801,0,0
1784445592386359939,0,8753,27,180,405,0,0
1784445592386359939,1,63621,35,2400,13801,0,0
1784445592436357584,0,8753,27,180,405,0,0
1784445592436357584,1,63621,35,2400,13801,0,0
1784445592486358787,0,8753,27,180,405,0,0
1784445592486358787,1,63621,35,2400,13801,0,0
1784445592536358623,0,8753,27,180,405,0,0
1784445592536358623,1,63621,35,2400,13801,0,0
1784445592586358774,0,8753,27,180,405,0,0
1784445592586358774,1,63594,35,2400,13801,0,0
1784445592636359250,0,8753,27,180,405,0,0
1784445592636359250,1,63594,35,2400,13801,0,0
1784445592686359555,0,8753,27,180,405,0,0
1784445592686359555,1,63594,35,2400,13801,0,0
1784445592736358375,0,8753,27,180,405,0,0
1784445592736358375,1,63594,35,2400,13801,0,0
1784445592786356839,0,8753,27,180,405,0,0
1784445592786356839,1,63594,35,2400,13801,0,0
1784445592836357206,0,8753,27,180,405,0,0
1784445592836357206,1,63594,35,2400,13801,0,0
1784445592886359105,0,8753,27,180,405,0,0
1784445592886359105,1,63594,35,2400,13801,0,0
1784445592936357844,0,8753,27,180,405,0,0
1784445592936357844,1,63594,35,2400,13801,0,0
1784445592986359556,0,8753,27,180,405,0,0
1784445592986359556,1,63594,35,2400,13801,0,0
1784445593036359727,0,8753,27,180,405,0,0
1784445593036359727,1,63594,35,2400,13801,0,0
1784445593086358905,0,8753,27,180,405,0,0
1784445593086358905,1,63630,35,2400,13801,0,0
1784445593136360567,0,8753,27,180,405,0,0
1784445593136360567,1,63630,35,2400,13801,0,0
1784445593186360421,0,8753,27,180,405,0,0
1784445593186360421,1,63630,35,2400,13801,0,0
1784445593236360837,0,8753,27,180,405,0,0
1784445593236360837,1,63630,35,2400,13801,0,0
1784445593286359307,0,8858,27,180,405,0,0
1784445593286359307,1,63630,35,2400,13801,0,0
1784445593336359501,0,8858,27,180,405,0,0
1784445593336359501,1,63630,35,2400,13801,0,0
1784445593386361838,0,8858,27,180,405,0,0
1784445593386361838,1,63630,35,2400,13801,0,0
1784445593436358616,0,8858,27,180,405,0,0
1784445593436358616,1,63630,35,2400,13801,0,0
1784445593486358414,0,8858,27,180,405,0,0
1784445593486358414,1,63630,35,2400,13801,0,0
1784445593536359036,0,8858,27,180,405,0,0
1784445593536359036,1,63630,35,2400,13801,0,0
1784445593586358923,0,8858,27,180,405,0,0
1784445593586358923,1,63699,35,2400,13801,0,0
1784445593636358729,0,8858,27,180,405,0,0
1784445593636358729,1,63699,35,2400,13801,0,0
1784445593686358850,0,8858,27,180,405,0,0
1784445593686358850,1,63699,35,2400,13801,0,0
1784445593736360734,0,8858,27,180,405,0,0
1784445593736360734,1,63699,35,2400,13801,0,0
1784445593786359367,0,8858,27,180,405,0,0
1784445593786359367,1,63699,35,2400,13801,0,0
1784445593836359442,0,8858,27,180,405,0,0
1784445593836359442,1,63699,35,2400,13801,0,0
1784445593886358637,0,8858,27,180,405,0,0
1784445593886358637,1,63699,35,2400,13801,0,0
1784445593936357293,0,8858,27,180,405,0,0
1784445593936357293,1,63699,35,2400,13801,0,0
1784445593986357987,0,8858,27,180,405,0,0
1784445593986357987,1,63699,35,2400,13801,0,0
1784445594036360273,0,8858,27,180,405,0,0
1784445594036360273,1,63699,35,2400,13801,0,0
1784445594086359711,0,8858,27,180,405,0,0
1784445594086359711,1,63671,35,2400,13801,0,0
1784445594136360046,0,8858,27,180,405,0,0
1784445594136360046,1,63671,35,2400,13801,0,0
1784445594186359908,0,8858,27,180,405,0,0
1784445594186359908,1,63671,35,2400,13801,0,0
1784445594236360320,0,8858,27,180,405,0,0
1784445594236360320,1,63671,35,2400,13801,0,0
1784445594286359631,0,9110,27,180,405,0,0
1784445594286359631,1,63671,35,2400,13801,0,0
1784445594336357869,0,9110,27,180,405,0,0
1784445594336357869,1,63671,35,2400,13801,0,0
1784445594386359857,0,9110,27,180,405,0,0
1784445594386359857,1,63671,35,2400,13801,0,0
1784445594436359227,0,9110,27,180,405,0,0
1784445594436359227,1,63671,35,2400,13801,0,0
1784445594486358921,0,9110,27,180,405,0,0
1784445594486358921,1,63671,35,2400,13801,0,0
1784445594536361230,0,9110,27,180,405,0,0
1784445594536361230,1,63671,35,2400,13801,0,0
1784445594586360053,0,9110,27,180,405,0,0
1784445594586360053,1,63585,35,2400,13801,0,0
1784445594636357663,0,9110,27,180,405,0,0
1784445594636357663,1,63585,35,2400,13801,0,0
1784445594686357892,0,9110,27,180,405,0,0
1784445594686357892,1,63585,35,2400,13801,0,0
1784445594736358581,0,9110,27,180,405,0,0
1784445594736358581,1,63585,35,2400,13801,0,0
1784445594786358014,0,9110,27,180,405,0,0
1784445594786358014,1,63585,35,2400,13801,0,0
1784445594836357799,0,9110,27,180,405,0,0
1784445594836357799,1,63585,35,2400,13801,0,0
1784445594886359184,0,9110,27,180,405,0,0
1784445594886359184,1,63585,35,2400,13801,0,0
1784445594936360436,0,9110,27,180,405,0,0
1784445594936360436,1,63585,35,2400,13801,0,0
1784445594986359358,0,9110,27,180,405,0,0
1784445594986359358,1,63585,35,2400,13801,0,0
1784445595036358651,0,9110,27,180,405,0,0
1784445595036358651,1,63585,35,2400,13801,0,0
1784445595086357628,0,9110,27,180,405,0,0
1784445595086357628,1,63554,35,2400,13801,0,0
1784445595136360399,0,9110,27,180,405,0,0
1784445595136360399,1,63554,35,2400,13801,0,0
1784445595186359922,0,9110,27,180,405,0,0
1784445595186359922,1,63554,35,2400,13801,0,0
1784445595236359224,0,9110,27,180,405,0,0
1784445595236359224,1,63554,35,2400,13801,0,0
1784445595286358805,0,9061,27,180,405,0,0
1784445595286358805,1,63554,35,2400,13801,0,0
1784445595336358636,0,9061,27,180,405,0,0
1784445595336358636,1,63554,35,2400,13801,0,0
1784445595386359702,0,9061,27,180,405,0,0
1784445595386359702,1,63554,35,2400,13801,0,0
1784445595436359147,0,9061,27,180,405,0,0
1784445595436359147,1,63554,35,2400,13801,0,0
1784445595486361101,0,9061,27,180,405,0,0
1784445595486361101,1,63554,35,2400,13801,0,0
1784445595536359643,0,9061,27,180,405,0,0
1784445595536359643,1,63554,35,2400,13801,0,0
1784445595586359394,0,9061,27,180,405,0,0
1784445595586359394,1,63495,35,2400,13801,0,0
1784445595636360131,0,9061,27,180,405,0,0
1784445595636360131,1,63495,35,2400,13801,0,0
1784445595686358293,0,9061,27,180,405,0,0
1784445595686358293,1,63495,35,2400,13801,0,0
1784445595736359508,0,9061,27,180,405,0,0
1784445595736359508,1,63495,35,2400,13801,0,0
1784445595786359412,0,9061,27,180,405,0,0
1784445595786359412,1,63495,35,2400,13801,0,0
1784445595836360355,0,9061,27,180,405,0,0
1784445595836360355,1,63495,35,2400,13801,0,0
1784445595886358981,0,9061,27,180,405,0,0
1784445595886358981,1,63495,35,2400,13801,0,0
1784445595936358865,0,9061,27,180,405,0,0
1784445595936358865,1,63495,35,2400,13801,0,0
1784445595986359564,0,9061,27,180,405,0,0
1784445595986359564,1,63495,35,2400,13801,0,0
1784445596036359225,0,9061,27,180,405,0,0
1784445596036359225,1,63495,35,2400,13801,0,0
1784445596086359198,0,9061,27,180,405,0,0
1784445596086359198,1,63437,35,2400,13801,0,0
1784445596136360815,0,9061,27,180,405,0,0
1784445596136360815,1,63437,35,2400,13801,0,0
1784445596186360639,0,9061,27,180,405,0,0
1784445596186360639,1,63437,35,2400,13801,0,0
1784445596236360135,0,9061,27,180,405,0,0
1784445596236360135,1,63437,35,2400,13801,0,0
1784445596286359328,0,9126,27,180,405,0,0
1784445596286359328,1,63437,35,2400,13801,0,0
1784445596336357598,0,9126,27,180,405,0,0
1784445596336357598,1,63437,35,2400,13801,0,0
1784445596386359220,0,9126,27,180,405,0,0
1784445596386359220,1,63437,35,2400,13801,0,0
1784445596436361712,0,9126,27,180,405,0,0
1784445596436361712,1,63437,35,2400,13801,0,0
1784445596486360487,0,9126,27,180,405,0,0
1784445596486360487,1,63437,35,2400,13801,0,0
1784445596536359995,0,9126,27,180,405,0,0
1784445596536359995,1,63437,35,2400,13801,0,0
1784445596586358994,0,9126,27,180,405,0,0
1784445596586358994,1,63434,35,2400,13801,0,0
1784445596636358087,0,9126,27,180,405,0,0
1784445596636358087,1,63434,35,2400,13801,0,0
1784445596686357688,0,9126,27,180,405,0,0
1784445596686357688,1,63434,35,2400,13801,0,0
1784445596736358828,0,9126,27,180,405,0,0
1784445596736358828,1,63434,35,2400,13801,0,0
1784445596786360232,0,9126,27,180,405,0,0
1784445596786360232,1,63434,35,2400,13801,0,0
1784445596836359356,0,9126,27,180,405,0,0
1784445596836359356,1,63434,35,2400,13801,0,0
1784445596886357339,0,9126,27,180,405,0,0
1784445596886357339,1,63434,35,2400,13801,0,0
1784445596936364928,0,9126,27,180,405,0,0
1784445596936364928,1,63434,35,2400,13801,0,0
1784445596986357568,0,9126,27,180,405,0,0
1784445596986357568,1,63434,35,2400,13801,0,0
1784445597036358989,0,9126,27,180,405,0,0
1784445597036358989,1,63434,35,2400,13801,0,0
1784445597086358214,0,9126,27,180,405,0,0
1784445597086358214,1,63384,35,2400,13801,0,0
1784445597136360383,0,9126,27,180,405,0,0
1784445597136360383,1,63384,35,2400,13801,0,0
1784445597186357932,0,9126,27,180,405,0,0
1784445597186357932,1,63384,35,2400,13801,0,0
1784445597236360833,0,9126,27,180,405,0,0
1784445597236360833,1,63384,35,2400,13801,0,0
1784445597286359702,0,9114,27,180,405,0,0
1784445597286359702,1,63384,35,2400,13801,0,0
1784445597336360803,0,9114,27,180,405,0,0
1784445597336360803,1,63384,35,2400,13801,0,0
1784445597386357108,0,9114,27,180,405,0,0
1784445597386357108,1,63384,35,2400,13801,0,0
1784445597436359001,0,9114,27,180,405,0,0
1784445597436359001,1,63384,35,2400,13801,0,0
1784445597486358018,0,9114,27,180,405,0,0
1784445597486358018,1,63384,35,2400,13801,0,0
1784445597536362664,0,9114,27,180,405,0,0
1784445597536362664,1,63384,35,2400,13801,0,0
1784445597586358674,0,9114,27,180,405,0,0
1784445597586358674,1,63318,35,2400,13801,0,0
1784445597636367595,0,9114,27,180,405,0,0
1784445597636367595,1,63318,35,2400,13801,0,0
1784445597686353726,0,9114,27,180,405,0,0
1784445597686353726,1,63318,35,2400,13801,0,0
1784445597736362804,0,9114,27,180,405,0,0
1784445597736362804,1,63318,35,2400,13801,0,0
1784445597786370499,0,9114,27,180,405,0,0
1784445597786370499,1,63318,35,2400,13801,0,0
1784445597836361612,0,9114,27,180,405,0,0
1784445597836361612,1,63318,35,2400,13801,0,0
1784445597886360360,0,9114,27,180,405,0,0
1784445597886360360,1,63318,35,2400,13801,0,0
1784445597936362023,0,9114,27,180,405,0,0
1784445597936362023,1,63318,35,2400,13801,0,0
1784445597986360422,0,9114,27,180,405,0,0
1784445597986360422,1,63318,35,2400,13801,0,0
1784445598036359493,0,9114,27,180,405,0,0
1784445598036359493,1,63318,35,2400,13801,0,0
1784445598086392311,0,9114,27,180,405,0,0
1784445598086392311,1,63330,35,2400,13801,0,0
1784445598136386533,0,9114,27,180,405,0,0
1784445598136386533,1,63330,35,2400,13801,0,0
1784445598186361648,0,9114,27,180,405,0,0
1784445598186361648,1,63330,35,2400,13801,0,0
1784445598236361402,0,9114,27,180,405,0,0
1784445598236361402,1,63330,35,2400,13801,0,0
1784445598286366109,0,9029,27,180,405,0,0
1784445598286366109,1,63330,35,2400,13801,0,0
1784445598336360657,0,9029,27,180,405,0,0
1784445598336360657,1,63330,35,2400,13801,0,0
1784445598386360372,0,9029,27,180,405,0,0
1784445598386360372,1,63330,35,2400,13801,0,0
1784445598436361012,0,9029,27,180,405,0,0
1784445598436361012,1,63330,35,2400,13801,0,0
1784445598486359621,0,9029,27,180,405,0,0
1784445598486359621,1,63330,35,2400,13801,0,0
1784445598536362859,0,9029,27,180,405,0,0
1784445598536362859,1,63330,35,2400,13801,0,0
1784445598586360919,0,9029,27,180,405,0,0
1784445598586360919,1,63438,35,2400,13801,0,0
1784445598636360128,0,9029,27,180,405,0,0
1784445598636360128,1,63438,35,2400,13801,0,0
1784445598686359773,0,9029,27,180,405,0,0
1784445598686359773,1,63438,35,2400,13801,0,0
1784445598736361497,0,9029,27,180,405,0,0
1784445598736361497,1,63438,35,2400,13801,0,0
1784445598786359146,0,9029,27,180,405,0,0
1784445598786359146,1,63438,35,2400,13801,0,0
1784445598836359260,0,9029,27,180,405,0,0
1784445598836359260,1,63438,35,2400,13801,0,0
1784445598886365878,0,9029,27,180,405,0,0
1784445598886365878,1,63438,35,2400,13801,0,0
1784445598936374656,0,9029,27,180,405,0,0
1784445598936374656,1,63438,35,2400,13801,0,0
1784445598986364011,0,9029,27,180,405,0,0
1784445598986364011,1,63438,35,2400,13801,0,0
1784445599036362551,0,9029,27,180,405,0,0
1784445599036362551,1,63438,35,2400,13801,0,0
1784445599086356577,0,9029,27,180,405,0,0
1784445599086356577,1,63492,35,2400,13801,0,0
1784445599136361204,0,9029,27,180,405,0,0
1784445599136361204,1,63492,35,2400,13801,0,0
1784445599186361143,0,9029,27,180,405,0,0
1784445599186361143,1,63492,35,2400,13801,0,0
1784445599236360938,0,9029,27,180,405,0,0
1784445599236360938,1,63492,35,2400,13801,0,0
1784445599286353318,0,9331,27,180,405,0,0
1784445599286353318,1,63492,35,2400,13801,0,0
1784445599336362035,0,9331,27,180,405,0,0
1784445599336362035,1,63492,35,2400,13801,0,0
1784445599386358545,0,9331,27,180,405,0,0
1784445599386358545,1,63492,35,2400,13801,0,0
1784445599436360784,0,9331,27,180,405,0,0
1784445599436360784,1,63492,35,2400,13801,0,0
1784445599486360448,0,9331,27,180,405,0,0
1784445599486360448,1,63492,35,2400,13801,0,0
1784445599536359338,0,9331,27,180,405,0,0
1784445599536359338,1,63492,35,2400,13801,0,0
1784445599586360499,0,9331,27,180,405,0,0
1784445599586360499,1,63451,35,2400,13801,0,0
1784445599636362717,0,9331,27,180,405,0,0
1784445599636362717,1,63451,35,2400,13801,0,0
1784445599686353898,0,9331,27,180,405,0,0
1784445599686353898,1,63451,35,2400,13801,0,0
1784445599736378745,0,9331,27,180,405,0,0
1784445599736378745,1,63451,35,2400,13801,0,0
1784445599786377784,0,9331,27,180,405,0,0
1784445599786377784,1,63451,35,2400,13801,0,0
1784445599836368751,0,9331,27,180,405,0,0
1784445599836368751,1,63451,35,2400,13801,0,0
1784445599886361461,0,9331,27,180,405,0,0
1784445599886361461,1,63451,35,2400,13801,0,0
1784445599936361195,0,9331,27,180,405,0,0
1784445599936361195,1,63451,35,2400,13801,0,0
1784445599986362890,0,9331,27,180,405,0,0
1784445599986362890,1,63451,35,2400,13801,0,0
1784445600036360174,0,9331,27,180,405,0,0
1784445600036360174,1,63451,35,2400,13801,0,0
1784445600086360986,0,9331,27,180,405,0,0
1784445600086360986,1,63395,35,2400,13801,0,0
1784445600136362039,0,9331,27,180,405,0,0
1784445600136362039,1,63395,35,2400,13801,0,0
1784445600186360262,0,9331,27,180,405,0,0
1784445600186360262,1,63395,35,2400,13801,0,0
1784445600236369217,0,9331,27,180,405,0,0
1784445600236369217,1,63395,35,2400,13801,0,0
1784445600286366595,0,8818,27,180,405,0,0
1784445600286366595,1,63395,35,2400,13801,0,0
1784445600336374989,0,8818,27,180,405,0,0
1784445600336374989,1,63395,35,2400,13801,0,0
1784445600386388366,0,8818,27,180,405,0,0
1784445600386388366,1,63395,35,2400,13801,0,0
1784445600436364384,0,8818,27,180,405,0,0
1784445600436364384,1,63395,35,2400,13801,0,0
1784445600486365006,0,8818,27,180,405,0,0
1784445600486365006,1,63395,35,2400,13801,0,0
1784445600536361885,0,8818,27,180,405,0,0
1784445600536361885,1,63395,35,2400,13801,0,0
1784445600586362422,0,8818,27,180,405,0,0
1784445600586362422,1,63398,35,2400,13801,0,0
1784445600636362062,0,8818,27,180,405,0,0
1784445600636362062,1,63398,35,2400,13801,0,0
1784445600686359475,0,8818,27,180,405,0,0
1784445600686359475,1,63398,35,2400,13801,0,0
1784445600736369749,0,8818,27,180,405,0,0
1784445600736369749,1,63398,35,2400,13801,0,0
1784445600786367602,0,8818,27,180,405,0,0
1784445600786367602,1,63398,35,2400,13801,0,0
1784445600836364801,0,8818,27,180,405,0,0
1784445600836364801,1,63398,35,2400,13801,0,0
1784445600886362195,0,8818,27,180,405,0,0
1784445600886362195,1,63398,35,2400,13801,0,0
1784445600936366091,0,8818,27,180,405,0,0
1784445600936366091,1,63398,35,2400,13801,0,0
1784445600986366431,0,8818,27,180,405,0,0
1784445600986366431,1,63398,35,2400,13801,0,0
1784445601036388701,0,8818,27,180,405,0,0
1784445601036388701,1,63398,35,2400,13801,0,0
1784445601086378775,0,8818,27,180,405,0,0
1784445601086378775,1,63418,35,2400,13801,0,0
1784445601136372945,0,8818,27,180,405,0,0
1784445601136372945,1,63418,35,2400,13801,0,0
1784445601186362223,0,8818,27,180,405,0,0
1784445601186362223,1,63418,35,2400,13801,0,0
1784445601236363128,0,8818,27,180,405,0,0
1784445601236363128,1,63418,35,2400,13801,0,0
1784445601286360540,0,8823,27,180,405,0,0
1784445601286360540,1,63418,35,2400,13801,0,0
1784445601336360310,0,8823,27,180,405,0,0
1784445601336360310,1,63418,35,2400,13801,0,0
1784445601386366152,0,8823,27,180,405,0,0
1784445601386366152,1,63418,35,2400,13801,0,0
1784445601436361832,0,8823,27,180,405,0,0
1784445601436361832,1,63418,35,2400,13801,0,0
1784445601486363999,0,8823,27,180,405,0,0
1784445601486363999,1,63418,35,2400,13801,0,0
1784445601536360954,0,8823,27,180,405,0,0
1784445601536360954,1,63418,35,2400,13801,0,0
1784445601586359167,0,8823,27,180,405,0,0
1784445601586359167,1,63346,35,2400,13801,0,0
1784445601636360981,0,8823,27,180,405,0,0
1784445601636360981,1,63346,35,2400,13801,0,0
1784445601686352362,0,8823,27,180,405,0,0
1784445601686352362,1,63346,35,2400,13801,0,0
1784445601736361269,0,8823,27,180,405,0,0
1784445601736361269,1,63346,35,2400,13801,0,0
1784445601786359837,0,8823,27,180,405,0,0
1784445601786359837,1,63346,35,2400,13801,0,0
1784445601836359674,0,8823,27,180,405,0,0
1784445601836359674,1,63346,35,2400,13801,0,0
1784445601886352201,0,8823,27,180,405,0,0
1784445601886352201,1,63346,35,2400,13801,0,0
1784445601936361751,0,8823,27,180,405,0,0
1784445601936361751,1,63346,35,2400,13801,0,0
1784445601986360934,0,8823,27,180,405,0,0
1784445601986360934,1,63346,35,2400,13801,0,0
1784445602036360260,0,8823,27,180,405,0,0
1784445602036360260,1,63346,35,2400,13801,0,0
1784445602086360435,0,8823,27,180,405,0,0
1784445602086360435,1,45214,33,457,810,0,0
1784445602136358412,0,8823,27,180,405,0,0
1784445602136358412,1,45214,33,457,810,0,0
1784445602186359050,0,8823,27,180,405,0,0
1784445602186359050,1,45214,33,457,810,0,0
1784445602236358945,0,8823,27,180,405,0,0
1784445602236358945,1,45214,33,457,810,0,0
1784445602286359011,0,8548,27,180,405,0,0
1784445602286359011,1,45214,33,457,810,0,0
1784445602336359471,0,8548,27,180,405,0,0
1784445602336359471,1,45214,33,457,810,0,0
1784445602386360450,0,8548,27,180,405,0,0
1784445602386360450,1,45214,33,457,810,0,0
1784445602436362398,0,8548,27,180,405,0,0
1784445602436362398,1,45214,33,457,810,0,0
1784445602486361253,0,8548,27,180,405,0,0
1784445602486361253,1,45214,33,457,810,0,0
1784445602536359827,0,8548,27,180,405,0,0
1784445602536359827,1,45214,33,457,810,0,0
1784445602586360349,0,8548,27,180,405,0,0
1784445602586360349,1,25424,33,345,810,0,0
1784445602636360344,0,8548,27,180,405,0,0
1784445602636360344,1,25424,33,345,810,0,0
1784445602686352319,0,8548,27,180,405,0,0
1784445602686352319,1,25424,33,345,810,0,0
1784445602736361060,0,8548,27,180,405,0,0
1784445602736361060,1,25424,33,345,810,0,0
1784445602786359924,0,8548,27,180,405,0,0
1784445602786359924,1,25424,33,345,810,0,0
1784445602836360352,0,8548,27,180,405,0,0
1784445602836360352,1,25424,33,345,810,0,0
1784445602886360045,0,8548,27,180,405,0,0
1784445602886360045,1,25424,33,345,810,0,0
1784445602936374290,0,8548,27,180,405,0,0
1784445602936374290,1,25424,33,345,810,0,0
1784445602986377892,0,8548,27,180,405,0,0
1784445602986377892,1,25424,33,345,810,0,0
1784445603036362335,0,8548,27,180,405,0,0
1784445603036362335,1,25424,33,345,810,0,0
1784445603086356060,0,8548,27,180,405,0,0
1784445603086356060,1,25424,33,345,810,0,0
1784445603136361431,0,8548,27,180,405,0,0
1784445603136361431,1,25424,33,345,810,0,0
1784445603186360299,0,8548,27,180,405,0,0
1784445603186360299,1,25424,33,345,810,0,0
1784445603236362346,0,8548,27,180,405,0,0
1784445603236362346,1,25424,33,345,810,0,0
1784445603286361577,0,8667,27,180,405,0,0
1784445603286361577,1,25424,33,345,810,0,0
1784445603336360556,0,8667,27,180,405,0,0
1784445603336360556,1,25424,33,345,810,0,0
1784445603386361878,0,8667,27,180,405,0,0
1784445603386361878,1,25424,33,345,810,0,0
1784445603436360064,0,8667,27,180,405,0,0
1784445603436360064,1,25424,33,345,810,0,0
1784445603486359997,0,8667,27,180,405,0,0
1784445603486359997,1,25424,33,345,810,0,0
1784445603536359437,0,8667,27,180,405,0,0
1784445603536359437,1,25424,33,345,810,0,0
1784445603586360056,0,8667,27,180,405,0,0
1784445603586360056,1,20952,33,195,810,0,0
1784445603636360815,0,8667,27,180,405,0,0
1784445603636360815,1,20952,33,195,810,0,0
1784445603686360744,0,8667,27,180,405,0,0
1784445603686360744,1,20952,33,195,810,0,0
1784445603736360940,0,8667,27,180,405,0,0
1784445603736360940,1,20952,33,195,810,0,0
1784445603786360785,0,8667,27,180,405,0,0
1784445603786360785,1,20952,33,195,810,0,0
1784445603836360705,0,8667,27,180,405,0,0
1784445603836360705,1,20952,33,195,810,0,0
1784445603886359852,0,8667,27,180,405,0,0
1784445603886359852,1,20952,33,195,810,0,0
1784445603936359570,0,8667,27,180,405,0,0
1784445603936359570,1,20952,33,195,810,0,0
1784445603986358812,0,8667,27,180,405,0,0
1784445603986358812,1,20952,33,195,810,0,0
1784445604036358271,0,8667,27,180,405,0,0
1784445604036358271,1,20952,33,195,810,0,0
1784445604086352024,0,8667,27,180,405,0,0
1784445604086352024,1,20952,33,195,810,0,0
1784445604136360954,0,8667,27,180,405,0,0
1784445604136360954,1,20952,33,195,810,0,0
1784445604186358854,0,8667,27,180,405,0,0
1784445604186358854,1,20952,33,195,810,0,0
1784445604236361499,0,8667,27,180,405,0,0
1784445604236361499,1,20952,33,195,810,0,0
1784445604286362505,0,8657,27,180,405,0,0
1784445604286362505,1,20952,33,195,810,0,0
1784445604336359688,0,8657,27,180,405,0,0
1784445604336359688,1,20952,33,195,810,0,0
1784445604386359519,0,8657,27,180,405,0,0
1784445604386359519,1,20952,33,195,810,0,0
1784445604436361376,0,8657,27,180,405,0,0
1784445604436361376,1,20952,33,195,810,0,0
1784445604486360337,0,8657,27,180,405,0,0
1784445604486360337,1,20952,33,195,810,0,0
1784445604536359654,0,8657,27,180,405,0,0
1784445604536359654,1,20952,33,195,810,0,0
1784445604586363813,0,8657,27,180,405,0,0
1784445604586363813,1,19966,32,180,405,0,0
1784445604636359435,0,8657,27,180,405,0,0
1784445604636359435,1,19966,32,180,405,0,0
1784445604686360334,0,8657,27,180,405,0,0
1784445604686360334,1,19966,32,180,405,0,0
1784445604736364904,0,8657,27,180,405,0,0
1784445604736364904,1,19966,32,180,405,0,0
1784445604786358559,0,8657,27,180,405,0,0
1784445604786358559,1,19966,32,180,405,0,0
1784445604836359070,0,8657,27,180,405,0,0
1784445604836359070,1,19966,32,180,405,0,0
1784445604886360607,0,8657,27,180,405,0,0
1784445604886360607,1,19966,32,180,405,0,0
1784445604936359045,0,8657,27,180,405,0,0
1784445604936359045,1,19966,32,180,405,0,0
1784445604986358670,0,8657,27,180,405,0,0
1784445604986358670,1,19966,32,180,405,0,0
1784445605036360454,0,8657,27,180,405,0,0
1784445605036360454,1,19966,32,180,405,0,0
1784445605086358419,0,8657,27,180,405,0,0
1784445605086358419,1,19966,32,180,405,0,0
1784445605136359506,0,8657,27,180,405,0,0
1784445605136359506,1,19966,32,180,405,0,0
1784445605186359103,0,8657,27,180,405,0,0
1784445605186359103,1,19966,32,180,405,0,0
1784445605236359943,0,8657,27,180,405,0,0
1784445605236359943,1,19966,32,180,405,0,0
1784445605286357510,0,8987,27,180,405,0,0
1784445605286357510,1,19966,32,180,405,0,0
1784445605336358643,0,8987,27,180,405,0,0
1784445605336358643,1,19966,32,180,405,0,0
1784445605386358092,0,8987,27,180,405,0,0
1784445605386358092,1,19966,32,180,405,0,0
1784445605436359087,0,8987,27,180,405,0,0
1784445605436359087,1,19966,32,180,405,0,0
1784445605486358991,0,8987,27,180,405,0,0
1784445605486358991,1,19966,32,180,405,0,0
1784445605536358830,0,8987,27,180,405,0,0
1784445605536358830,1,19966,32,180,405,0,0
1784445605586359463,0,8987,27,180,405,0,0
1784445605586359463,1,19222,32,180,405,0,0
1784445605636358608,0,8987,27,180,405,0,0
1784445605636358608,1,19222,32,180,405,0,0
1784445605686358307,0,8987,27,180,405,0,0
1784445605686358307,1,19222,32,180,405,0,0
1784445605736360415,0,8987,27,180,405,0,0
1784445605736360415,1,19222,32,180,405,0,0
1784445605786359401,0,8987,27,180,405,0,0
1784445605786359401,1,19222,32,180,405,0,0
1784445605836359298,0,8987,27,180,405,0,0
1784445605836359298,1,19222,32,180,405,0,0
1784445605886360105,0,8987,27,180,405,0,0
1784445605886360105,1,19222,32,180,405,0,0
1784445605936358196,0,8987,27,180,405,0,0
1784445605936358196,1,19222,32,180,405,0,0
1784445605986358553,0,8987,27,180,405,0,0
1784445605986358553,1,19222,32,180,405,0,0
1784445606036361499,0,8987,27,180,405,0,0
1784445606036361499,1,19222,32,180,405,0,0
1784445606086358876,0,8987,27,180,405,0,0
1784445606086358876,1,19222,32,180,405,0,0
1784445606136359010,0,8987,27,180,405,0,0
1784445606136359010,1,19222,32,180,405,0,0
1784445606186360088,0,8987,27,180,405,0,0
1784445606186360088,1,19222,32,180,405,0,0
1784445606236359299,0,8987,27,180,405,0,0
1784445606236359299,1,19222,32,180,405,0,0
1784445606286358189,0,9352,27,180,405,0,0
1784445606286358189,1,19222,32,180,405,0,0
1784445606336358469,0,9352,27,180,405,0,0
1784445606336358469,1,19222,32,180,405,0,0
1784445606386359181,0,9352,27,180,405,0,0
1784445606386359181,1,19222,32,180,405,0,0
1784445606436358848,0,9352,27,180,405,0,0
1784445606436358848,1,19222,32,180,405,0,0
1784445606486358901,0,9352,27,180,405,0,0
1784445606486358901,1,19222,32,180,405,0,0
1784445606536359744,0,9352,27,180,405,0,0
1784445606536359744,1,19222,32,180,405,0,0
1784445606586357284,0,9352,27,180,405,0,0
1784445606586357284,1,19075,32,180,405,0,0
1784445606636357872,0,9352,27,180,405,0,0
1784445606636357872,1,19075,32,180,405,0,0
1784445606686357878,0,9352,27,180,405,0,0
1784445606686357878,1,19075,32,180,405,0,0
1784445606736359513,0,9352,27,180,405,0,0
1784445606736359513,1,19075,32,180,405,0,0
1784445606786359127,0,9352,27,180,405,0,0
1784445606786359127,1,19075,32,180,405,0,0
1784445606836357794,0,9352,27,180,405,0,0
1784445606836357794,1,19075,32,180,405,0,0
1784445606886358949,0,9352,27,180,405,0,0
1784445606886358949,1,19075,32,180,405,0,0
1784445606936363919,0,9352,27,180,405,0,0
1784445606936363919,1,19075,32,180,405,0,0
1784445606986359523,0,9352,27,180,405,0,0
1784445606986359523,1,19075,32,180,405,0,0
1784445607036359684,0,9352,27,180,405,0,0
1784445607036359684,1,19075,32,180,405,0,0
1784445607086359447,0,9352,27,180,405,0,0
1784445607086359447,1,19075,32,180,405,0,0
1784445607136359607,0,9352,27,180,405,0,0
1784445607136359607,1,19075,32,180,405,0,0
1784445607186361300,0,9352,27,180,405,0,0
1784445607186361300,1,19075,32,180,405,0,0
1784445607236359742,0,9352,27,180,405,0,0
1784445607236359742,1,19075,32,180,405,0,0
1784445607286359171,0,9136,27,180,405,0,0
1784445607286359171,1,19075,32,180,405,0,0
1784445607336359360,0,9136,27,180,405,0,0
1784445607336359360,1,19075,32,180,405,0,0
1784445607386359434,0,9136,27,180,405,0,0
1784445607386359434,1,19075,32,180,405,0,0
1784445607436359243,0,9136,27,180,405,0,0
1784445607436359243,1,19075,32,180,405,0,0
1784445607486358486,0,9136,27,180,405,0,0
1784445607486358486,1,19075,32,180,405,0,0
1784445607536359827,0,9136,27,180,405,0,0
1784445607536359827,1,19075,32,180,405,0,0
1784445607586363839,0,9136,27,180,405,0,0
1784445607586363839,1,18976,32,180,405,0,0
1784445607636361292,0,9136,27,180,405,0,0
1784445607636361292,1,18976,32,180,405,0,0
1784445607686360056,0,9136,27,180,405,0,0
1784445607686360056,1,18976,32,180,405,0,0
1784445607736361145,0,9136,27,180,405,0,0
1784445607736361145,1,18976,32,180,405,0,0
1784445607786368093,0,9136,27,180,405,0,0
1784445607786368093,1,18976,32,180,405,0,0
1784445607836362794,0,9136,27,180,405,0,0
1784445607836362794,1,18976,32,180,405,0,0
1784445607886360410,0,9136,27,180,405,0,0
1784445607886360410,1,18976,32,180,405,0,0
1784445607936360444,0,9136,27,180,405,0,0
1784445607936360444,1,18976,32,180,405,0,0
1784445607986541113,0,9136,27,180,405,0,0
1784445607986541113,1,18976,32,180,405,0,0
1784445608036366091,0,9136,27,180,405,0,0
1784445608036366091,1,18976,32,180,405,0,0
1784445608086359998,0,9136,27,180,405,0,0
1784445608086359998,1,18976,32,180,405,0,0
1784445608136360746,0,9136,27,180,405,0,0
1784445608136360746,1,18976,32,180,405,0,0
1784445608186363450,0,9136,27,180,405,0,0
1784445608186363450,1,18976,32,180,405,0,0
1784445608236362603,0,9136,27,180,405,0,0
1784445608236362603,1,18976,32,180,405,0,0
1784445608286361665,0,8920,27,180,405,0,0
1784445608286361665,1,18976,32,180,405,0,0
1784445608336362539,0,8920,27,180,405,0,0
1784445608336362539,1,18976,32,180,405,0,0
1784445608386361294,0,8920,27,180,405,0,0
1784445608386361294,1,18976,32,180,405,0,0
1784445608436358675,0,8920,27,180,405,0,0
1784445608436358675,1,18976,32,180,405,0,0
1784445608486359289,0,8920,27,180,405,0,0
1784445608486359289,1,18976,32,180,405,0,0
1784445608536361549,0,8920,27,180,405,0,0
1784445608536361549,1,18976,32,180,405,0,0
1784445608586362707,0,8920,27,180,405,0,0
1784445608586362707,1,18708,32,180,405,0,0
1784445608636361152,0,8920,27,180,405,0,0
1784445608636361152,1,18708,32,180,405,0,0
1784445608686362407,0,8920,27,180,405,0,0
1784445608686362407,1,18708,32,180,405,0,0
1784445608736363031,0,8920,27,180,405,0,0
1784445608736363031,1,18708,32,180,405,0,0
1784445608786361355,0,8920,27,180,405,0,0
1784445608786361355,1,18708,32,180,405,0,0
1784445608836361507,0,8920,27,180,405,0,0
1784445608836361507,1,18708,32,180,405,0,0
1784445608886358729,0,8920,27,180,405,0,0
1784445608886358729,1,18708,32,180,405,0,0
1784445608950392011,0,8920,27,180,405,0,0
1784445608950392011,1,18708,32,180,405,0,0
1784445608986356650,0,8920,27,180,405,0,0
1784445608986356650,1,18708,32,180,405,0,0
1784445609050467462,0,8920,27,180,405,0,0
1784445609050467462,1,18708,32,180,405,0,0
1784445609086362507,0,8920,27,180,405,0,0
1784445609086362507,1,18708,32,180,405,0,0
1784445609136361705,0,8920,27,180,405,0,0
1784445609136361705,1,18708,32,180,405,0,0
1784445609186361400,0,8920,27,180,405,0,0
1784445609186361400,1,18708,32,180,405,0,0
1784445609236363303,0,8920,27,180,405,0,0
1784445609236363303,1,18708,32,180,405,0,0
1784445609286352217,0,9275,27,180,405,0,0
1784445609286352217,1,18708,32,180,405,0,0
1784445609336361338,0,9275,27,180,405,0,0
1784445609336361338,1,18708,32,180,405,0,0
1784445609386353573,0,9275,27,180,405,0,0
1784445609386353573,1,18708,32,180,405,0,0
1784445609436360608,0,9275,27,180,405,0,0
1784445609436360608,1,18708,32,180,405,0,0
1784445609486351240,0,9275,27,180,405,0,0
1784445609486351240,1,18708,32,180,405,0,0
1784445609536361999,0,9275,27,180,405,0,0
1784445609536361999,1,18708,32,180,405,0,0
1784445609586361096,0,9275,27,180,405,0,0
1784445609586361096,1,18692,32,180,405,0,0
1784445609636359682,0,9275,27,180,405,0,0
1784445609636359682,1,18692,32,180,405,0,0
1784445609686362621,0,9275,27,180,405,0,0
1784445609686362621,1,18692,32,180,405,0,0
1784445609736359324,0,9275,27,180,405,0,0
1784445609736359324,1,18692,32,180,405,0,0
1784445609786353186,0,9275,27,180,405,0,0
1784445609786353186,1,18692,32,180,405,0,0
1784445609836357895,0,9275,27,180,405,0,0
1784445609836357895,1,18692,32,180,405,0,0
1784445609886354068,0,9275,27,180,405,0,0
1784445609886354068,1,18692,32,180,405,0,0
1784445609936358743,0,9275,27,180,405,0,0
1784445609936358743,1,18692,32,180,405,0,0
1784445609986352394,0,9275,27,180,405,0,0
1784445609986352394,1,18692,32,180,405,0,0
1784445610036357953,0,9275,27,180,405,0,0
1784445610036357953,1,18692,32,180,405,0,0
1784445610086352306,0,9275,27,180,405,0,0
1784445610086352306,1,18692,32,180,405,0,0
1784445610136362415,0,9275,27,180,405,0,0
1784445610136362415,1,18692,32,180,405,0,0
1784445610186363169,0,9275,27,180,405,0,0
1784445610186363169,1,18692,32,180,405,0,0
1784445610236365095,0,9275,27,180,405,0,0
1784445610236365095,1,18692,32,180,405,0,0
1784445610286362069,0,9241,27,180,405,0,0
1784445610286362069,1,18692,32,180,405,0,0
1784445610336361382,0,9241,27,180,405,0,0
1784445610336361382,1,18692,32,180,405,0,0
1784445610386361178,0,9241,27,180,405,0,0
1784445610386361178,1,18692,32,180,405,0,0
1784445610436361626,0,9241,27,180,405,0,0
1784445610436361626,1,18692,32,180,405,0,0
1784445610486361428,0,9241,27,180,405,0,0
1784445610486361428,1,18692,32,180,405,0,0
1784445610536362826,0,9241,27,180,405,0,0
1784445610536362826,1,18692,32,180,405,0,0
1784445610586358369,0,9241,27,180,405,0,0
1784445610586358369,1,18705,31,180,405,0,0
1784445610636358394,0,9241,27,180,405,0,0
1784445610636358394,1,18705,31,180,405,0,0
1784445610686360542,0,9241,27,180,405,0,0
1784445610686360542,1,18705,31,180,405,0,0
1784445610736361642,0,9241,27,180,405,0,0
1784445610736361642,1,18705,31,180,405,0,0
1784445610786364166,0,9241,27,180,405,0,0
1784445610786364166,1,18705,31,180,405,0,0
1784445610836362736,0,9241,27,180,405,0,0
1784445610836362736,1,18705,31,180,405,0,0
1784445610886353277,0,9241,27,180,405,0,0
1784445610886353277,1,18705,31,180,405,0,0
1784445610936360844,0,9241,27,180,405,0,0
1784445610936360844,1,18705,31,180,405,0,0
1784445610986361080,0,9241,27,180,405,0,0
1784445610986361080,1,18705,31,180,405,0,0
1784445611036361899,0,9241,27,180,405,0,0
1784445611036361899,1,18705,31,180,405,0,0
1784445611086351655,0,9241,27,180,405,0,0
1784445611086351655,1,18705,31,180,405,0,0
1784445611136359749,0,9241,27,180,405,0,0
1784445611136359749,1,18705,31,180,405,0,0
1784445611186351451,0,9241,27,180,405,0,0
1784445611186351451,1,18705,31,180,405,0,0
1784445611236358983,0,9241,27,180,405,0,0
1784445611236358983,1,18705,31,180,405,0,0
1784445611286351821,0,9420,27,180,405,0,0
1784445611286351821,1,18705,31,180,405,0,0
1784445611336358153,0,9420,27,180,405,0,0
1784445611336358153,1,18705,31,180,405,0,0
1784445611386351506,0,9420,27,180,405,0,0
1784445611386351506,1,18705,31,180,405,0,0
1784445611436358802,0,9420,27,180,405,0,0
1784445611436358802,1,18705,31,180,405,0,0
1784445611486353837,0,9420,27,180,405,0,0
1784445611486353837,1,18705,31,180,405,0,0
1784445611536358606,0,9420,27,180,405,0,0
1784445611536358606,1,18705,31,180,405,0,0
1784445611586353872,0,9420,27,180,405,0,0
1784445611586353872,1,18591,31,180,405,0,0
1784445611636359242,0,9420,27,180,405,0,0
1784445611636359242,1,18591,31,180,405,0,0
1784445611686351089,0,9420,27,180,405,0,0
1784445611686351089,1,18591,31,180,405,0,0
1784445611736358557,0,9420,27,180,405,0,0
1784445611736358557,1,18591,31,180,405,0,0
1784445611786351701,0,9420,27,180,405,0,0
1784445611786351701,1,18591,31,180,405,0,0
1784445611836358820,0,9420,27,180,405,0,0
1784445611836358820,1,18591,31,180,405,0,0
1784445611886351284,0,9420,27,180,405,0,0
1784445611886351284,1,18591,31,180,405,0,0
1784445611936353667,0,9420,27,180,405,0,0
1784445611936353667,1,18591,31,180,405,0,0
1784445611986362133,0,9420,27,180,405,0,0
1784445611986362133,1,18591,31,180,405,0,0
1784445612036362290,0,9420,27,180,405,0,0
1784445612036362290,1,18591,31,180,405,0,0
1784445612086359942,0,9420,27,180,405,0,0
1784445612086359942,1,18591,31,180,405,0,0
1784445612136358892,0,9420,27,180,405,0,0
1784445612136358892,1,18591,31,180,405,0,0
1784445612186358431,0,9420,27,180,405,0,0
1784445612186358431,1,18591,31,180,405,0,0
1784445612236360925,0,9420,27,180,405,0,0
1784445612236360925,1,18591,31,180,405,0,0
1784445612286359406,0,9066,27,180,405,0,0
1784445612286359406,1,18591,31,180,405,0,0
1784445612336356841,0,9066,27,180,405,0,0
1784445612336356841,1,18591,31,180,405,0,0
1784445612386361453,0,9066,27,180,405,0,0
1784445612386361453,1,18591,31,180,405,0,0
1784445612436357679,0,9066,27,180,405,0,0
1784445612436357679,1,18591,31,180,405,0,0
1784445612486360773,0,9066,27,180,405,0,0
1784445612486360773,1,18591,31,180,405,0,0
1784445612536359275,0,9066,27,180,405,0,0
1784445612536359275,1,18591,31,180,405,0,0
1784445612586364393,0,9066,27,180,405,0,0
1784445612586364393,1,18644,31,180,405,0,0
1784445612636360424,0,9066,27,180,405,0,0
1784445612636360424,1,18644,31,180,405,0,0
1784445612686359781,0,9066,27,180,405,0,0
1784445612686359781,1,18644,31,180,405,0,0
1784445612736359137,0,9066,27,180,405,0,0
1784445612736359137,1,18644,31,180,405,0,0
1784445612786360522,0,9066,27,180,405,0,0
1784445612786360522,1,18644,31,180,405,0,0
1784445612836357615,0,8894,27,180,405,0,0
1784445612836357615,1,18644,31,180,405,0,0
1784445612886359627,0,8894,27,180,405,0,0
1784445612886359627,1,18644,31,180,405,0,0
1784445612936358498,0,8894,27,180,405,0,0
1784445612936358498,1,18644,31,180,405,0,0
1784445612986358695,0,8894,27,180,405,0,0
1784445612986358695,1,18644,31,180,405,0,0
1784445613036360708,0,8894,27,180,405,0,0
1784445613036360708,1,18644,31,180,405,0,0
1784445613086360363,0,8894,27,180,405,0,0
1784445613086360363,1,18644,31,180,405,0,0
1784445613136357719,0,8894,27,180,405,0,0
1784445613136357719,1,18644,31,180,405,0,0
1784445613186360295,0,8894,27,180,405,0,0
1784445613186360295,1,18644,31,180,405,0,0
1784445613236359266,0,8894,27,180,405,0,0
1784445613236359266,1,18644,31,180,405,0,0
1784445613286360979,0,10297,27,742,810,0,0
1784445613286360979,1,18644,31,180,405,0,0
1784445613336359624,0,10297,27,742,810,0,0
1784445613336359624,1,18644,31,180,405,0,0
1784445613386360794,0,10297,27,742,810,0,0
1784445613386360794,1,18644,31,180,405,0,0
1784445613436359171,0,10297,27,742,810,0,0
1784445613436359171,1,18644,31,180,405,0,0
1784445613486357905,0,10297,27,742,810,0,0
1784445613486357905,1,18644,31,180,405,0,0
1784445613536358405,0,10297,27,742,810,0,0
1784445613536358405,1,18644,31,180,405,0,0
1784445613586359229,0,10297,27,742,810,0,0
1784445613586359229,1,18681,31,180,405,0,0
1784445613636359936,0,10297,27,742,810,0,0
1784445613636359936,1,18681,31,180,405,0,0
1784445613686360995,0,10297,27,742,810,0,0
1784445613686360995,1,18681,31,180,405,0,0
1784445613736344217,0,10297,27,742,810,0,0
1784445613736344217,1,18681,31,180,405,0,0
1784445613786354210,0,10767,27,735,810,0,0
1784445613786354210,1,18681,31,180,405,0,0
1784445613836360722,0,10767,27,735,810,0,0
1784445613836360722,1,18681,31,180,405,0,0
1784445613886354710,0,10767,27,735,810,0,0
1784445613886354710,1,18681,31,180,405,0,0
1784445613936362391,0,10767,27,735,810,0,0
1784445613936362391,1,18681,31,180,405,0,0
1784445613986362205,0,10767,27,735,810,0,0
1784445613986362205,1,18681,31,180,405,0,0
1784445614036360042,0,10767,27,735,810,0,0
1784445614036360042,1,18681,31,180,405,0,0
1784445614086360682,0,10767,27,735,810,0,0
1784445614086360682,1,18681,31,180,405,0,0
1784445614136361074,0,10767,27,735,810,0,0
1784445614136361074,1,18681,31,180,405,0,0
1784445614186359723,0,10767,27,735,810,0,0
1784445614186359723,1,18681,31,180,405,0,0
1784445614236361902,0,10767,27,735,810,0,0
1784445614236361902,1,18681,31,180,405,0,0
1784445614286359401,0,12619,27,735,810,0,0
1784445614286359401,1,18681,31,180,405,0,0
1784445614336359045,0,12619,27,735,810,0,0
1784445614336359045,1,18681,31,180,405,0,0
1784445614386360092,0,12619,27,735,810,0,0
1784445614386360092,1,18681,31,180,405,0,0
1784445614436358414,0,12619,27,735,810,0,0
1784445614436358414,1,18681,31,180,405,0,0
1784445614486361160,0,12619,27,735,810,0,0
1784445614486361160,1,18681,31,180,405,0,0
1784445614536360059,0,12619,27,735,810,0,0
1784445614536360059,1,18681,31,180,405,0,0
1784445614586358402,0,12619,27,735,810,0,0
1784445614586358402,1,18608,31,180,405,0,0
1784445614636358251,0,12619,27,735,810,0,0
1784445614636358251,1,18608,31,180,405,0,0
1784445614686358428,0,12619,27,735,810,0,0
1784445614686358428,1,18608,31,180,405,0,0
1784445614736358928,0,12619,27,735,810,0,0
1784445614736358928,1,18608,31,180,405,0,0
1784445614786358819,0,12619,27,735,810,0,0
1784445614786358819,1,18608,31,180,405,0,0
1784445614836358601,0,12619,27,735,810,0,0
1784445614836358601,1,18608,31,180,405,0,0
1784445614886350534,0,12619,27,735,810,0,0
1784445614886350534,1,18608,31,180,405,0,0
1784445614936360703,0,12619,27,735,810,0,0
1784445614936360703,1,18608,31,180,405,0,0
1784445614986353876,0,12619,27,735,810,0,0
1784445614986353876,1,18608,31,180,405,0,0
1784445615036358627,0,12619,27,735,810,0,0
1784445615036358627,1,18608,31,180,405,0,0
1784445615086351300,0,12619,27,735,810,0,0
1784445615086351300,1,18608,31,180,405,0,0
1784445615136358652,0,12619,27,735,810,0,0
1784445615136358652,1,18608,31,180,405,0,0
1784445615186357289,0,12619,27,735,810,0,0
1784445615186357289,1,18608,31,180,405,0,0
1784445615236360301,0,12619,27,735,810,0,0
1784445615236360301,1,18608,31,180,405,0,0
1784445615286352817,0,9788,27,742,405,0,0
1784445615286352817,1,18608,31,180,405,0,0
1784445615336359340,0,9788,27,742,405,0,0
1784445615336359340,1,18608,31,180,405,0,0
1784445615386352309,0,9788,27,742,405,0,0
1784445615386352309,1,18608,31,180,405,0,0
1784445615436360634,0,9788,27,742,405,0,0
1784445615436360634,1,18608,31,180,405,0,0
1784445615486349396,0,9788,27,742,405,0,0
1784445615486349396,1,18608,31,180,405,0,0
1784445615536360231,0,9788,27,742,405,0,0
1784445615536360231,1,18608,31,180,405,0,0
1784445615586353179,0,9788,27,742,405,0,0
1784445615586353179,1,18633,31,180,405,0,0
1784445615636358632,0,9788,27,742,405,0,0
1784445615636358632,1,18633,31,180,405,0,0
1784445615686355320,0,9788,27,742,405,0,0
1784445615686355320,1,18633,31,180,405,0,0
1784445615736362150,0,9788,27,742,405,0,0
1784445615736362150,1,18633,31,180,405,0,0
1784445615786362028,0,9788,27,742,405,0,0
1784445615786362028,1,18633,31,180,405,0,0
1784445615836361529,0,9788,27,742,405,0,0
1784445615836361529,1,18633,31,180,405,0,0
1784445615886353498,0,9788,27,742,405,0,0
1784445615886353498,1,18633,31,180,405,0,0
1784445615936362183,0,9788,27,742,405,0,0
1784445615936362183,1,18633,31,180,405,0,0
1784445615986362083,0,9788,27,742,405,0,0
1784445615986362083,1,18633,31,180,405,0,0
1784445616036359539,0,9788,27,742,405,0,0
1784445616036359539,1,18633,31,180,405,0,0
1784445616086358473,0,9788,27,742,405,0,0
1784445616086358473,1,18633,31,180,405,0,0
1784445616136361455,0,9788,27,742,405,0,0
1784445616136361455,1,18633,31,180,405,0,0
1784445616186361762,0,9788,27,742,405,0,0
1784445616186361762,1,18633,31,180,405,0,0
1784445616236359526,0,9788,27,742,405,0,0
1784445616236359526,1,18633,31,180,405,0,0
1784445616286358308,0,8639,27,180,405,0,0
1784445616286358308,1,18633,31,180,405,0,0
1784445616336359983,0,8639,27,180,405,0,0
1784445616336359983,1,18633,31,180,405,0,0
1784445616386356339,0,8639,27,180,405,0,0
1784445616386356339,1,18633,31,180,405,0,0
1784445616436361414,0,8639,27,180,405,0,0
1784445616436361414,1,18633,31,180,405,0,0
1784445616486360991,0,8639,27,180,405,0,0
1784445616486360991,1,18633,31,180,405,0,0
1784445616536362116,0,8639,27,180,405,0,0
1784445616536362116,1,18633,31,180,405,0,0
1784445616586352579,0,8639,27,180,405,0,0
1784445616586352579,1,18571,31,180,405,0,0
1784445616636358258,0,8639,27,180,405,0,0
1784445616636358258,1,18571,31,180,405,0,0
1784445616686351156,0,8639,27,180,405,0,0
1784445616686351156,1,18571,31,180,405,0,0
1784445616736359650,0,8639,27,180,405,0,0
1784445616736359650,1,18571,31,180,405,0,0
1784445616786352376,0,8639,27,180,405,0,0
1784445616786352376,1,18571,31,180,405,0,0
1784445616836358937,0,8639,27,180,405,0,0
1784445616836358937,1,18571,31,180,405,0,0
1784445616886351754,0,8639,27,180,405,0,0
1784445616886351754,1,18571,31,180,405,0,0
1784445616936363053,0,8639,27,180,405,0,0
1784445616936363053,1,18571,31,180,405,0,0
1784445616986352245,0,8639,27,180,405,0,0
1784445616986352245,1,18571,31,180,405,0,0
1784445617036358150,0,8639,27,180,405,0,0
1784445617036358150,1,18571,31,180,405,0,0
1784445617086351160,0,8639,27,180,405,0,0
1784445617086351160,1,18571,31,180,405,0,0
1784445617136357814,0,8639,27,180,405,0,0
1784445617136357814,1,18571,31,180,405,0,0
1784445617186350522,0,8639,27,180,405,0,0
1784445617186350522,1,18571,31,180,405,0,0
1784445617236359209,0,8639,27,180,405,0,0
1784445617236359209,1,18571,31,180,405,0,0
1784445617286371248,0,8542,27,180,405,0,0
1784445617286371248,1,18571,31,180,405,0,0
1784445617336358421,0,8542,27,180,405,0,0
1784445617336358421,1,18571,31,180,405,0,0
1784445617386354156,0,8542,27,180,405,0,0
1784445617386354156,1,18571,31,180,405,0,0
1784445617436364953,0,8542,27,180,405,0,0
1784445617436364953,1,18571,31,180,405,0,0
1784445617486359718,0,8542,27,180,405,0,0
1784445617486359718,1,18571,31,180,405,0,0
1784445617536359163,0,8542,27,180,405,0,0
1784445617536359163,1,18571,31,180,405,0,0
1784445617586362461,0,8542,27,180,405,0,0
1784445617586362461,1,18674,31,180,405,0,0
1784445617636361587,0,8542,27,180,405,0,0
1784445617636361587,1,18674,31,180,405,0,0
1784445617686362135,0,8542,27,180,405,0,0
1784445617686362135,1,18674,31,180,405,0,0
1784445617736364140,0,8542,27,180,405,0,0
1784445617736364140,1,18674,31,180,405,0,0
1784445617786360221,0,8542,27,180,405,0,0
1784445617786360221,1,18674,31,180,405,0,0
1784445617836361307,0,8542,27,180,405,0,0
1784445617836361307,1,18674,31,180,405,0,0
1784445617886354775,0,8542,27,180,405,0,0
1784445617886354775,1,18674,31,180,405,0,0
1784445617936361263,0,8542,27,180,405,0,0
1784445617936361263,1,18674,31,180,405,0,0
1784445617986360277,0,8542,27,180,405,0,0
1784445617986360277,1,18674,31,180,405,0,0
1784445618036359011,0,8542,27,180,405,0,0
1784445618036359011,1,18674,31,180,405,0,0
1784445618086359512,0,8542,27,180,405,0,0
1784445618086359512,1,18674,31,180,405,0,0
1784445618136362505,0,8542,27,180,405,0,0
1784445618136362505,1,18674,31,180,405,0,0
1784445618186361693,0,8542,27,180,405,0,0
1784445618186361693,1,18674,31,180,405,0,0
1784445618236361577,0,8542,27,180,405,0,0
1784445618236361577,1,18674,31,180,405,0,0
1784445618286362080,0,8625,27,180,405,0,0
1784445618286362080,1,18674,31,180,405,0,0
1784445618336362698,0,8625,27,180,405,0,0
1784445618336362698,1,18674,31,180,405,0,0
1784445618386360335,0,8625,27,180,405,0,0
1784445618386360335,1,18674,31,180,405,0,0
1784445618436359318,0,8625,27,180,405,0,0
1784445618436359318,1,18674,31,180,405,0,0
1784445618486359619,0,8625,27,180,405,0,0
1784445618486359619,1,18674,31,180,405,0,0
1784445618536359479,0,8625,27,180,405,0,0
1784445618536359479,1,18674,31,180,405,0,0
1784445618586359133,0,8625,27,180,405,0,0
1784445618586359133,1,18749,31,180,405,0,0
1784445618636362914,0,8625,27,180,405,0,0
1784445618636362914,1,18749,31,180,405,0,0
1784445618686360533,0,8625,27,180,405,0,0
1784445618686360533,1,18749,31,180,405,0,0
1784445618736362363,0,8625,27,180,405,0,0
1784445618736362363,1,18749,31,180,405,0,0
1784445618786358663,0,8625,27,180,405,0,0
1784445618786358663,1,18749,31,180,405,0,0
1784445618836362923,0,8625,27,180,405,0,0
1784445618836362923,1,18749,31,180,405,0,0
1784445618886353906,0,8625,27,180,405,0,0
1784445618886353906,1,18749,31,180,405,0,0
1784445618936359827,0,8625,27,180,405,0,0
1784445618936359827,1,18749,31,180,405,0,0
1784445618986359720,0,8625,27,180,405,0,0
1784445618986359720,1,18749,31,180,405,0,0
1784445619036362059,0,8625,27,180,405,0,0
1784445619036362059,1,18749,31,180,405,0,0
1784445619086360553,0,8625,27,180,405,0,0
1784445619086360553,1,18749,31,180,405,0,0
1784445619136359848,0,8625,27,180,405,0,0
1784445619136359848,1,18749,31,180,405,0,0
1784445619186359093,0,8625,27,180,405,0,0
1784445619186359093,1,18749,31,180,405,0,0
1784445619236360849,0,8625,27,180,405,0,0
1784445619236360849,1,18749,31,180,405,0,0
1784445619286362128,0,8565,27,180,405,0,0
1784445619286362128,1,18749,31,180,405,0,0
1784445619336360072,0,8565,27,180,405,0,0
1784445619336360072,1,18749,31,180,405,0,0
1784445619386360394,0,8565,27,180,405,0,0
1784445619386360394,1,18749,31,180,405,0,0
1784445619436361666,0,8565,27,180,405,0,0
1784445619436361666,1,18749,31,180,405,0,0
1784445619486360516,0,8565,27,180,405,0,0
1784445619486360516,1,18749,31,180,405,0,0
1784445619536361163,0,8565,27,180,405,0,0
1784445619536361163,1,18749,31,180,405,0,0
1784445619586366798,0,8565,27,180,405,0,0
1784445619586366798,1,18771,31,180,405,0,0
1784445619636362613,0,8565,27,180,405,0,0
1784445619636362613,1,18771,31,180,405,0,0
1784445619686360769,0,8565,27,180,405,0,0
1784445619686360769,1,18771,31,180,405,0,0
1784445619736364592,0,8565,27,180,405,0,0
1784445619736364592,1,18771,31,180,405,0,0
1784445619786360486,0,8565,27,180,405,0,0
1784445619786360486,1,18771,31,180,405,0,0
1784445619836359267,0,8565,27,180,405,0,0
1784445619836359267,1,18771,31,180,405,0,0
1784445619886352985,0,8565,27,180,405,0,0
1784445619886352985,1,18771,31,180,405,0,0
1784445619936360843,0,8565,27,180,405,0,0
1784445619936360843,1,18771,31,180,405,0,0
1784445619986358978,0,8565,27,180,405,0,0
1784445619986358978,1,18771,31,180,405,0,0
1784445620036360416,0,8565,27,180,405,0,0
1784445620036360416,1,18771,31,180,405,0,0
1784445620086353226,0,8565,27,180,405,0,0
1784445620086353226,1,18771,31,180,405,0,0
1784445620136361815,0,8565,27,180,405,0,0
1784445620136361815,1,18771,31,180,405,0,0
1784445620186360067,0,8565,27,180,405,0,0
1784445620186360067,1,18771,31,180,405,0,0
1784445620236361755,0,8565,27,180,405,0,0
1784445620236361755,1,18771,31,180,405,0,0
1784445620286354809,0,8648,27,180,405,0,0
1784445620286354809,1,18771,31,180,405,0,0
1784445620336362395,0,8648,27,180,405,0,0
1784445620336362395,1,18771,31,180,405,0,0
1784445620386353257,0,8648,27,180,405,0,0
1784445620386353257,1,18771,31,180,405,0,0
1784445620436361323,0,8648,27,180,405,0,0
1784445620436361323,1,18771,31,180,405,0,0
1784445620486351682,0,8648,27,180,405,0,0
1784445620486351682,1,18771,31,180,405,0,0
1784445620536363286,0,8648,27,180,405,0,0
1784445620536363286,1,18771,31,180,405,0,0
1784445620586353106,0,8648,27,180,405,0,0
1784445620586353106,1,18342,31,180,405,0,0
1784445620636360100,0,8648,27,180,405,0,0
1784445620636360100,1,18342,31,180,405,0,0
1784445620686352275,0,8648,27,180,405,0,0
1784445620686352275,1,18342,31,180,405,0,0
1784445620736359061,0,8648,27,180,405,0,0
1784445620736359061,1,18342,31,180,405,0,0
1784445620786354303,0,8648,27,180,405,0,0
1784445620786354303,1,18342,31,180,405,0,0
1784445620836358961,0,8648,27,180,405,0,0
1784445620836358961,1,18342,31,180,405,0,0
1784445620886352663,0,8648,27,180,405,0,0
1784445620886352663,1,18342,31,180,405,0,0
1784445620936358259,0,8648,27,180,405,0,0
1784445620936358259,1,18342,31,180,405,0,0
1784445620986352910,0,8648,27,180,405,0,0
1784445620986352910,1,18342,31,180,405,0,0
1784445621036358729,0,8648,27,180,405,0,0
1784445621036358729,1,18342,31,180,405,0,0
1784445621086350661,0,8648,27,180,405,0,0
1784445621086350661,1,18342,31,180,405,0,0
1784445621136358909,0,8648,27,180,405,0,0
1784445621136358909,1,18342,31,180,405,0,0
1784445621186361508,0,8648,27,180,405,0,0
1784445621186361508,1,18342,31,180,405,0,0
1784445621236359057,0,8648,27,180,405,0,0
1784445621236359057,1,18342,31,180,405,0,0
1784445621286358804,0,8651,27,180,405,0,0
1784445621286358804,1,18342,31,180,405,0,0
1784445621336358724,0,8651,27,180,405,0,0
1784445621336358724,1,18342,31,180,405,0,0
1784445621386361794,0,8651,27,180,405,0,0
1784445621386361794,1,18342,31,180,405,0,0
1784445621436359981,0,8651,27,180,405,0,0
1784445621436359981,1,18342,31,180,405,0,0
1784445621486356750,0,8651,27,180,405,0,0
1784445621486356750,1,18342,31,180,405,0,0
1784445621536361698,0,8651,27,180,405,0,0
1784445621536361698,1,18342,31,180,405,0,0
1784445621586358163,0,8651,27,180,405,0,0
1784445621586358163,1,18530,31,180,405,0,0
1784445621636358094,0,8651,27,180,405,0,0
1784445621636358094,1,18530,31,180,405,0,0
1784445621686358391,0,8651,27,180,405,0,0
1784445621686358391,1,18530,31,180,405,0,0
1784445621736358370,0,8651,27,180,405,0,0
1784445621736358370,1,18530,31,180,405,0,0
1784445621786358144,0,8651,27,180,405,0,0
1784445621786358144,1,18530,31,180,405,0,0
1784445621836361091,0,8651,27,180,405,0,0
1784445621836361091,1,18530,31,180,405,0,0
1784445621886359010,0,8651,27,180,405,0,0
1784445621886359010,1,18530,31,180,405,0,0
1784445621936358842,0,8651,27,180,405,0,0
1784445621936358842,1,18530,31,180,405,0,0
1784445621986359011,0,8651,27,180,405,0,0
1784445621986359011,1,18530,31,180,405,0,0
1784445622036360148,0,8651,27,180,405,0,0
1784445622036360148,1,18530,31,180,405,0,0
1784445622086358592,0,8651,27,180,405,0,0
1784445622086358592,1,18530,31,180,405,0,0
1784445622136359185,0,8651,27,180,405,0,0
1784445622136359185,1,18530,31,180,405,0,0
1784445622186350715,0,8651,27,180,405,0,0
1784445622186350715,1,18530,31,180,405,0,0
1784445622236358735,0,8651,27,180,405,0,0
1784445622236358735,1,18530,31,180,405,0,0
1784445622286352307,0,8269,27,180,405,0,0
1784445622286352307,1,18530,31,180,405,0,0
1784445622336359129,0,8269,27,180,405,0,0
1784445622336359129,1,18530,31,180,405,0,0
1784445622386354069,0,8269,27,180,405,0,0
1784445622386354069,1,18530,31,180,405,0,0
1784445622436358477,0,8269,27,180,405,0,0
1784445622436358477,1,18530,31,180,405,0,0
1784445622486351740,0,8269,27,180,405,0,0
1784445622486351740,1,18530,31,180,405,0,0
1784445622536359749,0,8269,27,180,405,0,0
1784445622536359749,1,18530,31,180,405,0,0
1784445622586351544,0,8269,27,180,405,0,0
1784445622586351544,1,18727,30,180,405,0,0
1784445622636359856,0,8269,27,180,405,0,0
1784445622636359856,1,18727,30,180,405,0,0
1784445622686353061,0,8269,27,180,405,0,0
1784445622686353061,1,18727,30,180,405,0,0
1784445622736358393,0,8269,27,180,405,0,0
1784445622736358393,1,18727,30,180,405,0,0
1784445622786351987,0,8269,27,180,405,0,0
1784445622786351987,1,18727,30,180,405,0,0
1784445622836358201,0,8269,27,180,405,0,0
1784445622836358201,1,18727,30,180,405,0,0
1784445622886350817,0,8269,27,180,405,0,0
1784445622886350817,1,18727,30,180,405,0,0
1784445622936358219,0,8269,27,180,405,0,0
1784445622936358219,1,18727,30,180,405,0,0
1784445622986350300,0,8269,27,180,405,0,0
1784445622986350300,1,18727,30,180,405,0,0
1784445623036362459,0,8269,27,180,405,0,0
1784445623036362459,1,18727,30,180,405,0,0
1784445623086362762,0,8269,27,180,405,0,0
1784445623086362762,1,18727,30,180,405,0,0
1784445623136360138,0,8269,27,180,405,0,0
1784445623136360138,1,18727,30,180,405,0,0
1784445623186366349,0,8269,27,180,405,0,0
1784445623186366349,1,18727,30,180,405,0,0
1784445623250415314,0,8269,27,180,405,0,0
1784445623250415314,1,18727,30,180,405,0,0
1784445623286362382,0,8444,27,180,405,0,0
1784445623286362382,1,18727,30,180,405,0,0
1784445623336360080,0,8444,27,180,405,0,0
1784445623336360080,1,18727,30,180,405,0,0
1784445623386358727,0,8444,27,180,405,0,0
1784445623386358727,1,18727,30,180,405,0,0
1784445623436365191,0,8444,27,180,405,0,0
1784445623436365191,1,18727,30,180,405,0,0
1784445623486358362,0,8444,27,180,405,0,0
1784445623486358362,1,18727,30,180,405,0,0
1784445623536358657,0,8444,27,180,405,0,0
1784445623536358657,1,18727,30,180,405,0,0
1784445623586358585,0,8444,27,180,405,0,0
1784445623586358585,1,18700,30,180,405,0,0
1784445623636359438,0,8444,27,180,405,0,0
1784445623636359438,1,18700,30,180,405,0,0
1784445623686366915,0,8444,27,180,405,0,0
1784445623686366915,1,18700,30,180,405,0,0
1784445623736359093,0,8444,27,180,405,0,0
1784445623736359093,1,18700,30,180,405,0,0
1784445623786353029,0,8444,27,180,405,0,0
1784445623786353029,1,18700,30,180,405,0,0
1784445623836359994,0,8444,27,180,405,0,0
1784445623836359994,1,18700,30,180,405,0,0
1784445623886358213,0,8444,27,180,405,0,0
1784445623886358213,1,18700,30,180,405,0,0
1784445623936357700,0,8444,27,180,405,0,0
1784445623936357700,1,18700,30,180,405,0,0
1784445623986359841,0,8444,27,180,405,0,0
1784445623986359841,1,18700,30,180,405,0,0
1784445624036359286,0,8444,27,180,405,0,0
1784445624036359286,1,18700,30,180,405,0,0
1784445624086359807,0,8444,27,180,405,0,0
1784445624086359807,1,18700,30,180,405,0,0
1784445624136359116,0,8444,27,180,405,0,0
1784445624136359116,1,18700,30,180,405,0,0
1784445624186359373,0,8444,27,180,405,0,0
1784445624186359373,1,18700,30,180,405,0,0
1784445624236360508,0,8444,27,180,405,0,0
1784445624236360508,1,18700,30,180,405,0,0
1784445624286360976,0,8829,27,180,405,0,0
1784445624286360976,1,18700,30,180,405,0,0
1784445624336357988,0,8829,27,180,405,0,0
1784445624336357988,1,18700,30,180,405,0,0
1784445624386358779,0,8829,27,180,405,0,0
1784445624386358779,1,18700,30,180,405,0,0
1784445624436358882,0,8829,27,180,405,0,0
1784445624436358882,1,18700,30,180,405,0,0
1784445624486358450,0,8829,27,180,405,0,0
1784445624486358450,1,18700,30,180,405,0,0
1784445624536359389,0,8829,27,180,405,0,0
1784445624536359389,1,18700,30,180,405,0,0
1784445624586358347,0,8829,27,180,405,0,0
1784445624586358347,1,18718,30,180,405,0,0
1784445624636357587,0,8829,27,180,405,0,0
1784445624636357587,1,18718,30,180,405,0,0
1784445624686361059,0,8829,27,180,405,0,0
1784445624686361059,1,18718,30,180,405,0,0
1784445624736358627,0,8829,27,180,405,0,0
1784445624736358627,1,18718,30,180,405,0,0
1784445624786359360,0,8829,27,180,405,0,0
1784445624786359360,1,18718,30,180,405,0,0
1784445624836359808,0,8829,27,180,405,0,0
1784445624836359808,1,18718,30,180,405,0,0
1784445624886359608,0,8829,27,180,405,0,0
1784445624886359608,1,18718,30,180,405,0,0
1784445624936359938,0,8829,27,180,405,0,0
1784445624936359938,1,18718,30,180,405,0,0
1784445624986359153,0,8829,27,180,405,0,0
1784445624986359153,1,18718,30,180,405,0,0
1784445625036363739,0,8829,27,180,405,0,0
1784445625036363739,1,18718,30,180,405,0,0
1784445625086360743,0,8829,27,180,405,0,0
1784445625086360743,1,18718,30,180,405,0,0
1784445625136358643,0,8829,27,180,405,0,0
1784445625136358643,1,18718,30,180,405,0,0
1784445625186359158,0,8829,27,180,405,0,0
1784445625186359158,1,18718,30,180,405,0,0
1784445625236359878,0,8829,27,180,405,0,0
1784445625236359878,1,18718,30,180,405,0,0
1784445625286358330,0,9127,27,180,405,0,0
1784445625286358330,1,18718,30,180,405,0,0
1784445625336359601,0,9127,27,180,405,0,0
1784445625336359601,1,18718,30,180,405,0,0
1784445625386361146,0,9127,27,180,405,0,0
1784445625386361146,1,18718,30,180,405,0,0
1784445625436358678,0,9127,27,180,405,0,0
1784445625436358678,1,18718,30,180,405,0,0
1784445625486360881,0,9127,27,180,405,0,0
1784445625486360881,1,18718,30,180,405,0,0
1784445625536358375,0,9127,27,180,405,0,0
1784445625536358375,1,18718,30,180,405,0,0
1784445625586360837,0,9127,27,180,405,0,0
1784445625586360837,1,18430,30,180,405,0,0
1784445625636360263,0,9127,27,180,405,0,0
1784445625636360263,1,18430,30,180,405,0,0
1784445625686361093,0,9127,27,180,405,0,0
1784445625686361093,1,18430,30,180,405,0,0
1784445625736359935,0,9127,27,180,405,0,0
1784445625736359935,1,18430,30,180,405,0,0
1784445625786359826,0,9127,27,180,405,0,0
1784445625786359826,1,18430,30,180,405,0,0
1784445625836361124,0,9127,27,180,405,0,0
1784445625836361124,1,18430,30,180,405,0,0
1784445625886353737,0,9127,27,180,405,0,0
1784445625886353737,1,18430,30,180,405,0,0
1784445625936358292,0,9127,27,180,405,0,0
1784445625936358292,1,18430,30,180,405,0,0
1784445625986360583,0,9127,27,180,405,0,0
1784445625986360583,1,18430,30,180,405,0,0
1784445626036362710,0,9127,27,180,405,0,0
1784445626036362710,1,18430,30,180,405,0,0
1784445626086357029,0,9127,27,180,405,0,0
1784445626086357029,1,18430,30,180,405,0,0
1784445626136358509,0,9127,27,180,405,0,0
1784445626136358509,1,18430,30,180,405,0,0
1784445626186355427,0,9127,27,180,405,0,0
1784445626186355427,1,18430,30,180,405,0,0
1784445626236361249,0,9127,27,180,405,0,0
1784445626236361249,1,18430,30,180,405,0,0
1784445626286358083,0,9345,27,180,405,0,0
1784445626286358083,1,18430,30,180,405,0,0
1784445626336360008,0,9345,27,180,405,0,0
1784445626336360008,1,18430,30,180,405,0,0
1784445626386357766,0,9345,27,180,405,0,0
1784445626386357766,1,18430,30,180,405,0,0
1784445626436360649,0,9345,27,180,405,0,0
1784445626436360649,1,18430,30,180,405,0,0
1784445626486358776,0,9345,27,180,405,0,0
1784445626486358776,1,18430,30,180,405,0,0
1784445626536359034,0,9345,27,180,405,0,0
1784445626536359034,1,18430,30,180,405,0,0
1784445626586359248,0,9345,27,180,405,0,0
1784445626586359248,1,18213,30,180,405,0,0
1784445626636358405,0,9345,27,180,405,0,0
1784445626636358405,1,18213,30,180,405,0,0
1784445626686358377,0,9345,27,180,405,0,0
1784445626686358377,1,18213,30,180,405,0,0
1784445626736358741,0,9345,27,180,405,0,0
1784445626736358741,1,18213,30,180,405,0,0
1784445626786359158,0,9345,27,180,405,0,0
1784445626786359158,1,18213,30,180,405,0,0
1784445626836360874,0,9345,27,180,405,0,0
1784445626836360874,1,18213,30,180,405,0,0
1784445626886360378,0,9345,27,180,405,0,0
1784445626886360378,1,18213,30,180,405,0,0
1784445626936358626,0,9345,27,180,405,0,0
1784445626936358626,1,18213,30,180,405,0,0
1784445626986360407,0,9345,27,180,405,0,0
1784445626986360407,1,18213,30,180,405,0,0
1784445627036359548,0,9345,27,180,405,0,0
1784445627036359548,1,18213,30,180,405,0,0
1784445627086359799,0,9345,27,180,405,0,0
1784445627086359799,1,18213,30,180,405,0,0
1784445627136358948,0,9345,27,180,405,0,0
1784445627136358948,1,18213,30,180,405,0,0
1784445627186358731,0,9345,27,180,405,0,0
1784445627186358731,1,18213,30,180,405,0,0
1784445627236361006,0,9345,27,180,405,0,0
1784445627236361006,1,18213,30,180,405,0,0
1784445627286359406,0,8845,27,180,405,0,0
1784445627286359406,1,18213,30,180,405,0,0
1784445627336358663,0,8845,27,180,405,0,0
1784445627336358663,1,18213,30,180,405,0,0
1784445627386353711,0,8845,27,180,405,0,0
1784445627386353711,1,18213,30,180,405,0,0
1784445627436367409,0,8845,27,180,405,0,0
1784445627436367409,1,18213,30,180,405,0,0
1784445627486361071,0,8845,27,180,405,0,0
1784445627486361071,1,18213,30,180,405,0,0
1784445627536358367,0,8845,27,180,405,0,0
1784445627536358367,1,18213,30,180,405,0,0
1784445627586360098,0,8845,27,180,405,0,0
1784445627586360098,1,18354,30,180,405,0,0
1784445627636359978,0,8845,27,180,405,0,0
1784445627636359978,1,18354,30,180,405,0,0
1784445627686355597,0,8845,27,180,405,0,0
1784445627686355597,1,18354,30,180,405,0,0
1784445627736361140,0,8845,27,180,405,0,0
1784445627736361140,1,18354,30,180,405,0,0
1784445627786360425,0,8895,27,180,405,0,0
1784445627786360425,1,18354,30,180,405,0,0
1784445627836359955,0,8895,27,180,405,0,0
1784445627836359955,1,18354,30,180,405,0,0
1784445627886362083,0,8895,27,180,405,0,0
1784445627886362083,1,18354,30,180,405,0,0
1784445627936359246,0,8895,27,180,405,0,0
1784445627936359246,1,18354,30,180,405,0,0
1784445627986362451,0,8895,27,180,405,0,0
1784445627986362451,1,18354,30,180,405,0,0
1784445628036360700,0,8895,27,180,405,0,0
1784445628036360700,1,18354,30,180,405,0,0
1784445628086359692,0,8895,27,180,405,0,0
1784445628086359692,1,18354,30,180,405,0,0
1784445628136358739,0,8895,27,180,405,0,0
1784445628136358739,1,18354,30,180,405,0,0
1784445628186365286,0,8895,27,180,405,0,0
1784445628186365286,1,18354,30,180,405,0,0
1784445628236360423,0,8895,27,180,405,0,0
1784445628236360423,1,18354,30,180,405,0,0
1784445628286359002,0,8895,27,180,405,0,0
1784445628286359002,1,18354,30,180,405,0,0
1784445628336359540,0,8895,27,180,405,0,0
1784445628336359540,1,18354,30,180,405,0,0
1784445628386360437,0,8895,27,180,405,0,0
1784445628386360437,1,18354,30,180,405,0,0
1784445628436359668,0,8895,27,180,405,0,0
1784445628436359668,1,18354,30,180,405,0,0
1784445628486361981,0,8895,27,180,405,0,0
1784445628486361981,1,18354,30,180,405,0,0
1784445628536361571,0,8895,27,180,405,0,0
1784445628536361571,1,18354,30,180,405,0,0
1784445628586358654,0,8895,27,180,405,0,0
1784445628586358654,1,18295,30,180,405,0,0
1784445628636360323,0,8895,27,180,405,0,0
1784445628636360323,1,18295,30,180,405,0,0
1784445628686360574,0,8895,27,180,405,0,0
1784445628686360574,1,18295,30,180,405,0,0
1784445628736360631,0,8895,27,180,405,0,0
1784445628736360631,1,18295,30,180,405,0,0
1784445628786361411,0,9530,27,180,405,0,0
1784445628786361411,1,18295,30,180,405,0,0
1784445628836361003,0,9530,27,180,405,0,0
1784445628836361003,1,18295,30,180,405,0,0
1784445628886353781,0,9530,27,180,405,0,0
1784445628886353781,1,18295,30,180,405,0,0
1784445628936361210,0,9530,27,180,405,0,0
1784445628936361210,1,18295,30,180,405,0,0
1784445628986356132,0,9530,27,180,405,0,0
1784445628986356132,1,18295,30,180,405,0,0
1784445629050392937,0,9530,27,180,405,0,0
1784445629050392937,1,18295,30,180,405,0,0
1784445629086356116,0,9530,27,180,405,0,0
1784445629086356116,1,18295,30,180,405,0,0
1784445629136360337,0,9530,27,180,405,0,0
1784445629136360337,1,18295,30,180,405,0,0
1784445629186359461,0,9530,27,180,405,0,0
1784445629186359461,1,18295,30,180,405,0,0
1784445629236360503,0,9530,27,180,405,0,0
1784445629236360503,1,18295,30,180,405,0,0
1784445629286362139,0,9530,27,180,405,0,0
1784445629286362139,1,18295,30,180,405,0,0
1784445629336359591,0,9530,27,180,405,0,0
1784445629336359591,1,18295,30,180,405,0,0
1784445629386360709,0,9530,27,180,405,0,0
1784445629386360709,1,18295,30,180,405,0,0
1784445629436360333,0,9530,27,180,405,0,0
1784445629436360333,1,18295,30,180,405,0,0
1784445629486359242,0,9530,27,180,405,0,0
1784445629486359242,1,18295,30,180,405,0,0
1784445629536375455,0,9530,27,180,405,0,0
1784445629536375455,1,18295,30,180,405,0,0
1784445629586363719,0,9530,27,180,405,0,0
1784445629586363719,1,18051,30,180,405,0,0
1784445629636360934,0,9530,27,180,405,0,0
1784445629636360934,1,18051,30,180,405,0,0
1784445629686367311,0,9530,27,180,405,0,0
1784445629686367311,1,18051,30,180,405,0,0
1784445629736362906,0,9530,27,180,405,0,0
1784445629736362906,1,18051,30,180,405,0,0
1784445629786361233,0,9511,27,180,405,0,0
1784445629786361233,1,18051,30,180,405,0,0
1784445629836361045,0,9511,27,180,405,0,0
1784445629836361045,1,18051,30,180,405,0,0
1784445629886355494,0,9511,27,180,405,0,0
1784445629886355494,1,18051,30,180,405,0,0
1784445629936358421,0,9511,27,180,405,0,0
1784445629936358421,1,18051,30,180,405,0,0
1784445629986351843,0,9511,27,180,405,0,0
1784445629986351843,1,18051,30,180,405,0,0
1784445630036358388,0,9511,27,180,405,0,0
1784445630036358388,1,18051,30,180,405,0,0
1784445630086361137,0,9511,27,180,405,0,0
1784445630086361137,1,18051,30,180,405,0,0
1784445630136359907,0,9511,27,180,405,0,0
1784445630136359907,1,18051,30,180,405,0,0
1784445630186364303,0,9511,27,180,405,0,0
1784445630186364303,1,18051,30,180,405,0,0
1784445630236364397,0,9511,27,180,405,0,0
1784445630236364397,1,18051,30,180,405,0,0
1784445630286359517,0,9511,27,180,405,0,0
1784445630286359517,1,18051,30,180,405,0,0
1784445630336360032,0,9511,27,180,405,0,0
1784445630336360032,1,18051,30,180,405,0,0
1784445630386362271,0,9511,27,180,405,0,0
1784445630386362271,1,18051,30,180,405,0,0
1784445630436362388,0,9511,27,180,405,0,0
1784445630436362388,1,18051,30,180,405,0,0
1784445630486359705,0,9511,27,180,405,0,0
1784445630486359705,1,18051,30,180,405,0,0
1784445630536361876,0,9511,27,180,405,0,0
1784445630536361876,1,18051,30,180,405,0,0
1784445630586359865,0,9511,27,180,405,0,0
1784445630586359865,1,18184,30,180,405,0,0
1784445630636359139,0,9511,27,180,405,0,0
1784445630636359139,1,18184,30,180,405,0,0
1784445630686353635,0,9511,27,180,405,0,0
1784445630686353635,1,18184,30,180,405,0,0
1784445630736360255,0,9511,27,180,405,0,0
1784445630736360255,1,18184,30,180,405,0,0
1784445630786360896,0,9440,27,180,405,0,0
1784445630786360896,1,18184,30,180,405,0,0
1784445630836360645,0,9440,27,180,405,0,0
1784445630836360645,1,18184,30,180,405,0,0
1784445630886361013,0,9440,27,180,405,0,0
1784445630886361013,1,18184,30,180,405,0,0
1784445630936361531,0,9440,27,180,405,0,0
1784445630936361531,1,18184,30,180,405,0,0
1784445630986362764,0,9440,27,180,405,0,0
1784445630986362764,1,18184,30,180,405,0,0
1784445631036360488,0,9440,27,180,405,0,0
1784445631036360488,1,18184,30,180,405,0,0
1784445631086361719,0,9440,27,180,405,0,0
1784445631086361719,1,18184,30,180,405,0,0
1784445631136359651,0,9440,27,180,405,0,0
1784445631136359651,1,18184,30,180,405,0,0
1784445631186359282,0,9440,27,180,405,0,0
1784445631186359282,1,18184,30,180,405,0,0
1784445631236360593,0,9440,27,180,405,0,0
1784445631236360593,1,18184,30,180,405,0,0
1784445631286359873,0,9440,27,180,405,0,0
1784445631286359873,1,18184,30,180,405,0,0
1784445631336359754,0,9440,27,180,405,0,0
1784445631336359754,1,18184,30,180,405,0,0
1784445631386359677,0,9440,27,180,405,0,0
1784445631386359677,1,18184,30,180,405,0,0
1784445631436358371,0,9440,27,180,405,0,0
1784445631436358371,1,18184,30,180,405,0,0
1784445631486361310,0,9440,27,180,405,0,0
1784445631486361310,1,18184,30,180,405,0,0
1784445631536361300,0,9440,27,180,405,0,0
1784445631536361300,1,18184,30,180,405,0,0
1784445631586362342,0,9440,27,180,405,0,0
1784445631586362342,1,18750,30,180,405,0,0
1784445631636359432,0,9440,27,180,405,0,0
1784445631636359432,1,18750,30,180,405,0,0
1784445631686358643,0,9440,27,180,405,0,0
1784445631686358643,1,18750,30,180,405,0,0
1784445631736357458,0,9440,27,180,405,0,0
1784445631736357458,1,18750,30,180,405,0,0
1784445631786359377,0,9477,27,180,405,0,0
1784445631786359377,1,18750,30,180,405,0,0
1784445631836360081,0,9477,27,180,405,0,0
1784445631836360081,1,18750,30,180,405,0,0
1784445631886358875,0,9477,27,180,405,0,0
1784445631886358875,1,18750,30,180,405,0,0
1784445631936358309,0,9477,27,180,405,0,0
1784445631936358309,1,18750,30,180,405,0,0
1784445631986360049,0,9477,27,180,405,0,0
1784445631986360049,1,18750,30,180,405,0,0
1784445632036360220,0,9477,27,180,405,0,0
1784445632036360220,1,18750,30,180,405,0,0
1784445632086360511,0,9477,27,180,405,0,0
1784445632086360511,1,18750,30,180,405,0,0
1784445632136359174,0,9477,27,180,405,0,0
1784445632136359174,1,18750,30,180,405,0,0
1784445632186359171,0,9477,27,180,405,0,0
1784445632186359171,1,18750,30,180,405,0,0
1784445632236360415,0,9477,27,180,405,0,0
1784445632236360415,1,18750,30,180,405,0,0
1784445632286360501,0,9477,27,180,405,0,0
1784445632286360501,1,18750,30,180,405,0,0
1784445632336358578,0,9477,27,180,405,0,0
1784445632336358578,1,18750,30,180,405,0,0
1784445632386358093,0,9477,27,180,405,0,0
1784445632386358093,1,18750,30,180,405,0,0
1784445632436360448,0,9477,27,180,405,0,0
1784445632436360448,1,18750,30,180,405,0,0
1784445632486358064,0,9477,27,180,405,0,0
1784445632486358064,1,18750,30,180,405,0,0
1784445632536359777,0,9477,27,180,405,0,0
1784445632536359777,1,18750,30,180,405,0,0
1784445632586358900,0,9477,27,180,405,0,0
1784445632586358900,1,18752,30,180,405,0,0
1784445632636360075,0,9477,27,180,405,0,0
1784445632636360075,1,18752,30,180,405,0,0
1784445632686361035,0,9477,27,180,405,0,0
1784445632686361035,1,18752,30,180,405,0,0
1784445632736358877,0,9477,27,180,405,0,0
1784445632736358877,1,18752,30,180,405,0,0
1784445632786360496,0,14828,28,1237,13801,1,0
1784445632786360496,1,18752,30,180,405,0,0
1784445632836359143,0,14828,28,1237,13801,1,0
1784445632836359143,1,18752,30,180,405,0,0
1784445632886360502,0,14828,28,1237,13801,1,0
1784445632886360502,1,18752,30,180,405,0,0
1784445632936358607,0,14828,28,1237,13801,1,0
1784445632936358607,1,18752,30,180,405,0,0
1784445632986360464,0,14828,28,1237,13801,1,0
1784445632986360464,1,18752,30,180,405,0,0
1784445633036358415,0,14828,28,1237,13801,1,0
1784445633036358415,1,18752,30,180,405,0,0
1784445633086360752,0,14828,28,1237,13801,1,0
1784445633086360752,1,18752,30,180,405,0,0
1784445633136357393,0,14828,28,1237,13801,1,0
1784445633136357393,1,18752,30,180,405,0,0
1784445633186359325,0,14828,28,1237,13801,1,0
1784445633186359325,1,18752,30,180,405,0,0
1784445633236362009,0,14828,28,1237,13801,1,0
1784445633236362009,1,18752,30,180,405,0,0
1784445633286358751,0,32007,28,2415,13801,1,0
1784445633286358751,1,18752,30,180,405,0,0
1784445633336360122,0,32007,28,2415,13801,1,0
1784445633336360122,1,18752,30,180,405,0,0
1784445633386358913,0,32007,28,2415,13801,1,0
1784445633386358913,1,18752,30,180,405,0,0
1784445633436359651,0,32007,28,2415,13801,1,0
1784445633436359651,1,18752,30,180,405,0,0
1784445633486362058,0,32007,28,2415,13801,1,0
1784445633486362058,1,18752,30,180,405,0,0
1784445633536359746,0,32007,28,2415,13801,1,0
1784445633536359746,1,18752,30,180,405,0,0
1784445633586360346,0,32007,28,2415,13801,1,0
1784445633586360346,1,18609,30,180,405,0,0
1784445633636356525,0,32007,28,2415,13801,1,0
1784445633636356525,1,18609,30,180,405,0,0
1784445633686360413,0,32007,28,2415,13801,1,0
1784445633686360413,1,18609,30,180,405,0,0
1784445633736359461,0,32007,28,2415,13801,1,0
1784445633736359461,1,18609,30,180,405,0,0
1784445633786361282,0,55449,29,2400,13801,0,0
1784445633786361282,1,18609,30,180,405,0,0
1784445633836363899,0,55449,29,2400,13801,0,0
1784445633836363899,1,18609,30,180,405,0,0
1784445633886360672,0,55449,29,2400,13801,0,0
1784445633886360672,1,18609,30,180,405,0,0
1784445633936359993,0,55449,29,2400,13801,0,0
1784445633936359993,1,18609,30,180,405,0,0
1784445633986358575,0,55449,29,2400,13801,0,0
1784445633986358575,1,18609,30,180,405,0,0
1784445634036358900,0,55449,29,2400,13801,0,0
1784445634036358900,1,18609,30,180,405,0,0
1784445634086358622,0,55449,29,2400,13801,0,0
1784445634086358622,1,18609,30,180,405,0,0
1784445634136359395,0,55449,29,2400,13801,0,0
1784445634136359395,1,18609,30,180,405,0,0
1784445634186358296,0,55449,29,2400,13801,0,0
1784445634186358296,1,18609,30,180,405,0,0
1784445634236359506,0,55449,29,2400,13801,0,0
1784445634236359506,1,18609,30,180,405,0,0
1784445634286358334,0,55141,29,2400,13801,0,0
1784445634286358334,1,18609,30,180,405,0,0
1784445634336358649,0,55141,29,2400,13801,0,0
1784445634336358649,1,18609,30,180,405,0,0
1784445634386360524,0,55141,29,2400,13801,0,0
1784445634386360524,1,18609,30,180,405,0,0
1784445634436357215,0,55141,29,2400,13801,0,0
1784445634436357215,1,18609,30,180,405,0,0
1784445634486358765,0,55141,29,2400,13801,0,0
1784445634486358765,1,18609,30,180,405,0,0
1784445634536359179,0,55141,29,2400,13801,0,0
1784445634536359179,1,18609,30,180,405,0,0
1784445634586359933,0,55141,29,2400,13801,0,0
1784445634586359933,1,18655,30,180,405,0,0
1784445634636357163,0,55141,29,2400,13801,0,0
1784445634636357163,1,18655,30,180,405,0,0
1784445634686357760,0,55141,29,2400,13801,0,0
1784445634686357760,1,18655,30,180,405,0,0
1784445634736360922,0,55141,29,2400,13801,0,0
1784445634736360922,1,18655,30,180,405,0,0
1784445634786359166,0,55152,29,2400,13801,0,0
1784445634786359166,1,18655,30,180,405,0,0
1784445634836357505,0,55152,29,2400,13801,0,0
1784445634836357505,1,18655,30,180,405,0,0
1784445634886358846,0,55152,29,2400,13801,0,0
1784445634886358846,1,18655,30,180,405,0,0
1784445634936357861,0,55152,29,2400,13801,0,0
1784445634936357861,1,18655,30,180,405,0,0
1784445634986359209,0,55152,29,2400,13801,0,0
1784445634986359209,1,18655,30,180,405,0,0
1784445635036360651,0,55152,29,2400,13801,0,0
1784445635036360651,1,18655,30,180,405,0,0
1784445635086361567,0,55152,29,2400,13801,0,0
1784445635086361567,1,18655,30,180,405,0,0
1784445635136358800,0,55152,29,2400,13801,0,0
1784445635136358800,1,18655,30,180,405,0,0
1784445635186359289,0,55152,29,2400,13801,0,0
1784445635186359289,1,18655,30,180,405,0,0
1784445635236360658,0,55152,29,2400,13801,0,0
1784445635236360658,1,18655,30,180,405,0,0
1784445635286358336,0,55313,29,2400,13801,0,0
1784445635286358336,1,18655,30,180,405,0,0
1784445635336358138,0,55313,29,2400,13801,0,0
1784445635336358138,1,18655,30,180,405,0,0
1784445635386361812,0,55313,29,2400,13801,0,0
1784445635386361812,1,18655,30,180,405,0,0
1784445635436361291,0,55313,29,2400,13801,0,0
1784445635436361291,1,18655,30,180,405,0,0
1784445635486360861,0,55313,29,2400,13801,0,0
1784445635486360861,1,18655,30,180,405,0,0
1784445635536358921,0,55313,29,2400,13801,0,0
1784445635536358921,1,18655,30,180,405,0,0
1784445635586361650,0,55313,29,2400,13801,0,0
1784445635586361650,1,18696,30,180,405,0,0
1784445635636359105,0,55313,29,2400,13801,0,0
1784445635636359105,1,18696,30,180,405,0,0
1784445635686361339,0,55313,29,2400,13801,0,0
1784445635686361339,1,18696,30,180,405,0,0
1784445635736360399,0,55313,29,2400,13801,0,0
1784445635736360399,1,18696,30,180,405,0,0
1784445635786384735,0,55464,30,2400,13801,0,0
1784445635786384735,1,18696,30,180,405,0,0
1784445635836359523,0,55464,30,2400,13801,0,0
1784445635836359523,1,18696,30,180,405,0,0
1784445635886362740,0,55464,30,2400,13801,0,0
1784445635886362740,1,18696,30,180,405,0,0
1784445635936359346,0,55464,30,2400,13801,0,0
1784445635936359346,1,18696,30,180,405,0,0
1784445635986360158,0,55464,30,2400,13801,0,0
1784445635986360158,1,18696,30,180,405,0,0
1784445636036360309,0,55464,30,2400,13801,0,0
1784445636036360309,1,18696,30,180,405,0,0
1784445636086361129,0,55464,30,2400,13801,0,0
1784445636086361129,1,18696,30,180,405,0,0
1784445636136357818,0,55464,30,2400,13801,0,0
1784445636136357818,1,18696,30,180,405,0,0
1784445636186360616,0,55464,30,2400,13801,0,0
1784445636186360616,1,18696,30,180,405,0,0
1784445636236360408,0,55464,30,2400,13801,0,0
1784445636236360408,1,18696,30,180,405,0,0
1784445636286359298,0,55424,30,2400,13801,0,0
1784445636286359298,1,18696,30,180,405,0,0
1784445636336358697,0,55424,30,2400,13801,0,0
1784445636336358697,1,18696,30,180,405,0,0
1784445636386361308,0,55424,30,2400,13801,0,0
1784445636386361308,1,18696,30,180,405,0,0
1784445636436358930,0,55424,30,2400,13801,0,0
1784445636436358930,1,18696,30,180,405,0,0
1784445636486358150,0,55424,30,2400,13801,0,0
1784445636486358150,1,18696,30,180,405,0,0
1784445636536359332,0,55424,30,2400,13801,0,0
1784445636536359332,1,18696,30,180,405,0,0
1784445636586361601,0,55424,30,2400,13801,0,0
1784445636586361601,1,18663,30,180,405,0,0
1784445636636360940,0,55424,30,2400,13801,0,0
1784445636636360940,1,18663,30,180,405,0,0
1784445636686359524,0,55424,30,2400,13801,0,0
1784445636686359524,1,18663,30,180,405,0,0
1784445636736360010,0,55424,30,2400,13801,0,0
1784445636736360010,1,18663,30,180,405,0,0
1784445636786359158,0,55372,30,2400,13801,0,0
1784445636786359158,1,18663,30,180,405,0,0
1784445636836359726,0,55372,30,2400,13801,0,0
1784445636836359726,1,18663,30,180,405,0,0
1784445636886361010,0,55372,30,2400,13801,0,0
1784445636886361010,1,18663,30,180,405,0,0
1784445636936362147,0,55372,30,2400,13801,0,0
1784445636936362147,1,18663,30,180,405,0,0
1784445636986352531,0,55372,30,2400,13801,0,0
1784445636986352531,1,18663,30,180,405,0,0
1784445637036360267,0,55372,30,2400,13801,0,0
1784445637036360267,1,18663,30,180,405,0,0
1784445637086354966,0,55372,30,2400,13801,0,0
1784445637086354966,1,18663,30,180,405,0,0
1784445637136359003,0,55372,30,2400,13801,0,0
1784445637136359003,1,18663,30,180,405,0,0
1784445637186351735,0,55372,30,2400,13801,0,0
1784445637186351735,1,18663,30,180,405,0,0
1784445637236358818,0,55372,30,2400,13801,0,0
1784445637236358818,1,18663,30,180,405,0,0
1784445637286352611,0,55337,30,2400,13801,0,0
1784445637286352611,1,18663,30,180,405,0,0
1784445637336358466,0,55337,30,2400,13801,0,0
1784445637336358466,1,18663,30,180,405,0,0
1784445637386351548,0,55337,30,2400,13801,0,0
1784445637386351548,1,18663,30,180,405,0,0
1784445637436361493,0,55337,30,2400,13801,0,0
1784445637436361493,1,18663,30,180,405,0,0
1784445637486361272,0,55337,30,2400,13801,0,0
1784445637486361272,1,18663,30,180,405,0,0
1784445637536363964,0,55337,30,2400,13801,0,0
1784445637536363964,1,18663,30,180,405,0,0
1784445637586363149,0,55337,30,2400,13801,0,0
1784445637586363149,1,18495,30,180,405,0,0
1784445637636358950,0,55337,30,2400,13801,0,0
1784445637636358950,1,18495,30,180,405,0,0
1784445637686364936,0,55337,30,2400,13801,0,0
1784445637686364936,1,18495,30,180,405,0,0
1784445637736364164,0,55337,30,2400,13801,0,0
1784445637736364164,1,18495,30,180,405,0,0
1784445637786353969,0,55374,30,2400,13801,0,0
1784445637786353969,1,18495,30,180,405,0,0
1784445637836360595,0,55374,30,2400,13801,0,0
1784445637836360595,1,18495,30,180,405,0,0
1784445637886353889,0,55374,30,2400,13801,0,0
1784445637886353889,1,18495,30,180,405,0,0
1784445637936362107,0,55374,30,2400,13801,0,0
1784445637936362107,1,18495,30,180,405,0,0
1784445637986352729,0,55374,30,2400,13801,0,0
1784445637986352729,1,18495,30,180,405,0,0
1784445638036359417,0,55374,30,2400,13801,0,0
1784445638036359417,1,18495,30,180,405,0,0
1784445638086351884,0,55374,30,2400,13801,0,0
1784445638086351884,1,18495,30,180,405,0,0
1784445638136359004,0,55374,30,2400,13801,0,0
1784445638136359004,1,18495,30,180,405,0,0
1784445638186410552,0,55374,30,2400,13801,0,0
1784445638186410552,1,18495,30,180,405,0,0
1784445638236360112,0,55374,30,2400,13801,0,0
1784445638236360112,1,18495,30,180,405,0,0
1784445638286353379,0,55632,30,2400,13801,0,0
1784445638286353379,1,18495,30,180,405,0,0
1784445638336358455,0,55632,30,2400,13801,0,0
1784445638336358455,1,18495,30,180,405,0,0
1784445638386355922,0,55632,30,2400,13801,0,0
1784445638386355922,1,18495,30,180,405,0,0
1784445638436358533,0,55632,30,2400,13801,0,0
1784445638436358533,1,18495,30,180,405,0,0
1784445638486358247,0,55632,30,2400,13801,0,0
1784445638486358247,1,18495,30,180,405,0,0
1784445638536359340,0,55632,30,2400,13801,0,0
1784445638536359340,1,18495,30,180,405,0,0
1784445638586358006,0,55632,30,2400,13801,0,0
1784445638586358006,1,18591,30,180,405,0,0
1784445638636359465,0,55632,30,2400,13801,0,0
1784445638636359465,1,18591,30,180,405,0,0
1784445638686360219,0,55632,30,2400,13801,0,0
1784445638686360219,1,18591,30,180,405,0,0
1784445638736358953,0,55632,30,2400,13801,0,0
1784445638736358953,1,18591,30,180,405,0,0
1784445638786358868,0,55615,30,2400,13801,0,0
1784445638786358868,1,18591,30,180,405,0,0
1784445638836362982,0,55615,30,2400,13801,0,0
1784445638836362982,1,18591,30,180,405,0,0
1784445638886362642,0,55615,30,2400,13801,0,0
1784445638886362642,1,18591,30,180,405,0,0
1784445638936361816,0,55615,30,2400,13801,0,0
1784445638936361816,1,18591,30,180,405,0,0
1784445638986361875,0,55615,30,2400,13801,0,0
1784445638986361875,1,18591,30,180,405,0,0
1784445639036360956,0,55615,30,2400,13801,0,0
1784445639036360956,1,18591,30,180,405,0,0
1784445639086360165,0,55615,30,2400,13801,0,0
1784445639086360165,1,18591,30,180,405,0,0
1784445639136360067,0,55615,30,2400,13801,0,0
1784445639136360067,1,18591,30,180,405,0,0
1784445639186360090,0,55615,30,2400,13801,0,0
1784445639186360090,1,18591,30,180,405,0,0
1784445639236362703,0,55615,30,2400,13801,0,0
1784445639236362703,1,18591,30,180,405,0,0
1784445639286361972,0,55551,30,2400,13801,0,0
1784445639286361972,1,18591,30,180,405,0,0
1784445639336362142,0,55551,30,2400,13801,0,0
1784445639336362142,1,18591,30,180,405,0,0
1784445639386354191,0,55551,30,2400,13801,0,0
1784445639386354191,1,18591,30,180,405,0,0
1784445639436360763,0,55551,30,2400,13801,0,0
1784445639436360763,1,18591,30,180,405,0,0
1784445639486352486,0,55551,30,2400,13801,0,0
1784445639486352486,1,18591,30,180,405,0,0
1784445639536363675,0,55551,30,2400,13801,0,0
1784445639536363675,1,18591,30,180,405,0,0
1784445639586360774,0,55551,30,2400,13801,0,0
1784445639586360774,1,18645,30,180,405,0,0
1784445639636359255,0,55551,30,2400,13801,0,0
1784445639636359255,1,18645,30,180,405,0,0
1784445639686362432,0,55551,30,2400,13801,0,0
1784445639686362432,1,18645,30,180,405,0,0
1784445639736361570,0,55551,30,2400,13801,0,0
1784445639736361570,1,18645,30,180,405,0,0
1784445639786396927,0,55636,30,2400,13801,0,0
1784445639786396927,1,18645,30,180,405,0,0
1784445639836359857,0,55636,30,2400,13801,0,0
1784445639836359857,1,18645,30,180,405,0,0
1784445639886361716,0,55636,30,2400,13801,0,0
1784445639886361716,1,18645,30,180,405,0,0
1784445639936361371,0,55636,30,2400,13801,0,0
1784445639936361371,1,18645,30,180,405,0,0
1784445639986361043,0,55636,30,2400,13801,0,0
1784445639986361043,1,18645,30,180,405,0,0
1784445640036380616,0,55636,30,2400,13801,0,0
1784445640036380616,1,18645,30,180,405,0,0
1784445640086370259,0,55636,30,2400,13801,0,0
1784445640086370259,1,18645,30,180,405,0,0
1784445640136375861,0,55636,30,2400,13801,0,0
1784445640136375861,1,18645,30,180,405,0,0
1784445640186364769,0,55636,30,2400,13801,0,0
1784445640186364769,1,18645,30,180,405,0,0
1784445640236367981,0,55636,30,2400,13801,0,0
1784445640236367981,1,18645,30,180,405,0,0
1784445640286355278,0,56560,30,2452,13801,0,0
1784445640286355278,1,18645,30,180,405,0,0
1784445640336361210,0,56560,30,2452,13801,0,0
1784445640336361210,1,18645,30,180,405,0,0
1784445640386354458,0,56560,30,2452,13801,0,0
1784445640386354458,1,18645,30,180,405,0,0
1784445640436361374,0,56560,30,2452,13801,0,0
1784445640436361374,1,18645,30,180,405,0,0
1784445640486351351,0,56560,30,2452,13801,0,0
1784445640486351351,1,18645,30,180,405,0,0
1784445640536360601,0,56560,30,2452,13801,0,0
1784445640536360601,1,18645,30,180,405,0,0
1784445640586350229,0,56560,30,2452,13801,0,0
1784445640586350229,1,18631,30,180,405,0,0
1784445640636360943,0,56560,30,2452,13801,0,0
1784445640636360943,1,18631,30,180,405,0,0
1784445640686353007,0,56560,30,2452,13801,0,0
1784445640686353007,1,18631,30,180,405,0,0
1784445640736374996,0,56560,30,2452,13801,0,0
1784445640736374996,1,18631,30,180,405,0,0
1784445640786352475,0,57159,30,2422,13801,0,0
1784445640786352475,1,18631,30,180,405,0,0
1784445640836359470,0,57159,30,2422,13801,0,0
1784445640836359470,1,18631,30,180,405,0,0
1784445640886351292,0,57159,30,2422,13801,0,0
1784445640886351292,1,18631,30,180,405,0,0
1784445640936359046,0,57159,30,2422,13801,0,0
1784445640936359046,1,18631,30,180,405,0,0
1784445640986355048,0,57159,30,2422,13801,0,0
1784445640986355048,1,18631,30,180,405,0,0
1784445641036358504,0,57159,30,2422,13801,0,0
1784445641036358504,1,18631,30,180,405,0,0
1784445641086350852,0,57159,30,2422,13801,0,0
1784445641086350852,1,18631,30,180,405,0,0
1784445641136359343,0,57159,30,2422,13801,0,0
1784445641136359343,1,18631,30,180,405,0,0
1784445641186360661,0,57159,30,2422,13801,0,0
1784445641186360661,1,18631,30,180,405,0,0
1784445641236360557,0,57159,30,2422,13801,0,0
1784445641236360557,1,18631,30,180,405,0,0
1784445641286353159,0,57327,30,2430,13801,1,1
1784445641286353159,1,18631,30,180,405,0,0
1784445641336358860,0,57327,30,2430,13801,1,1
1784445641336358860,1,18631,30,180,405,0,0
1784445641386351557,0,57327,30,2430,13801,1,1
1784445641386351557,1,18631,30,180,405,0,0
1784445641436357965,0,57327,30,2430,13801,1,1
1784445641436357965,1,18631,30,180,405,0,0
1784445641486353791,0,57327,30,2430,13801,1,1
1784445641486353791,1,18631,30,180,405,0,0
1784445641536358353,0,57327,30,2430,13801,1,1
1784445641536358353,1,18631,30,180,405,0,0
1784445641586351352,0,57327,30,2430,13801,1,1
1784445641586351352,1,18657,29,180,405,0,0
1784445641636359051,0,57327,30,2430,13801,1,1
1784445641636359051,1,18657,29,180,405,0,0
1784445641686350413,0,57327,30,2430,13801,1,1
1784445641686350413,1,18657,29,180,405,0,0
1784445641736358242,0,57327,30,2430,13801,1,1
1784445641736358242,1,18657,29,180,405,0,0
1784445641786352121,0,57589,30,2430,13801,0,0
1784445641786352121,1,18657,29,180,405,0,0
1784445641836358045,0,57589,30,2430,13801,0,0
1784445641836358045,1,18657,29,180,405,0,0
1784445641886351964,0,57589,30,2430,13801,0,0
1784445641886351964,1,18657,29,180,405,0,0
1784445641936358318,0,57589,30,2430,13801,0,0
1784445641936358318,1,18657,29,180,405,0,0
1784445641986353488,0,57589,30,2430,13801,0,0
1784445641986353488,1,18657,29,180,405,0,0
1784445642036361849,0,57589,30,2430,13801,0,0
1784445642036361849,1,18657,29,180,405,0,0
1784445642086351276,0,57589,30,2430,13801,0,0
1784445642086351276,1,18657,29,180,405,0,0
1784445642136358119,0,57589,30,2430,13801,0,0
1784445642136358119,1,18657,29,180,405,0,0
1784445642186351704,0,57589,30,2430,13801,0,0
1784445642186351704,1,18657,29,180,405,0,0
1784445642236359039,0,57589,30,2430,13801,0,0
1784445642236359039,1,18657,29,180,405,0,0
1784445642286350263,0,57236,30,2430,13801,0,0
1784445642286350263,1,18657,29,180,405,0,0
1784445642336358624,0,57236,30,2430,13801,0,0
1784445642336358624,1,18657,29,180,405,0,0
1784445642386352250,0,57236,30,2430,13801,0,0
1784445642386352250,1,18657,29,180,405,0,0
1784445642436358895,0,57236,30,2430,13801,0,0
1784445642436358895,1,18657,29,180,405,0,0
1784445642486351346,0,57236,30,2430,13801,0,0
1784445642486351346,1,18657,29,180,405,0,0
1784445642536358453,0,57236,30,2430,13801,0,0
1784445642536358453,1,18657,29,180,405,0,0
1784445642586352915,0,57236,30,2430,13801,0,0
1784445642586352915,1,18590,29,180,405,0,0
1784445642636358173,0,57236,30,2430,13801,0,0
1784445642636358173,1,18590,29,180,405,0,0
1784445642686351660,0,57236,30,2430,13801,0,0
1784445642686351660,1,18590,29,180,405,0,0
1784445642736357835,0,57236,30,2430,13801,0,0
1784445642736357835,1,18590,29,180,405,0,0
1784445642786349841,0,57218,30,2430,13801,0,0
1784445642786349841,1,18590,29,180,405,0,0
1784445642836357811,0,57218,30,2430,13801,0,0
1784445642836357811,1,18590,29,180,405,0,0
1784445642886352436,0,57218,30,2430,13801,0,0
1784445642886352436,1,18590,29,180,405,0,0
1784445642936357858,0,57218,30,2430,13801,0,0
1784445642936357858,1,18590,29,180,405,0,0
1784445642986354350,0,57218,30,2430,13801,0,0
1784445642986354350,1,18590,29,180,405,0,0
1784445643036360230,0,57218,30,2430,13801,0,0
1784445643036360230,1,18590,29,180,405,0,0
1784445643086353784,0,57218,30,2430,13801,0,0
1784445643086353784,1,18590,29,180,405,0,0
1784445643136358607,0,57218,30,2430,13801,0,0
1784445643136358607,1,18590,29,180,405,0,0
1784445643186350278,0,57218,30,2430,13801,0,0
1784445643186350278,1,18590,29,180,405,0,0
1784445643236358664,0,57218,30,2430,13801,0,0
1784445643236358664,1,18590,29,180,405,0,0
1784445643286354094,0,57116,30,2430,13801,0,0
1784445643286354094,1,18590,29,180,405,0,0
1784445643336361859,0,57116,30,2430,13801,0,0
1784445643336361859,1,18590,29,180,405,0,0
1784445643386350689,0,57116,30,2430,13801,0,0
1784445643386350689,1,18590,29,180,405,0,0
1784445643436359449,0,57116,30,2430,13801,0,0
1784445643436359449,1,18590,29,180,405,0,0
1784445643486351159,0,57116,30,2430,13801,0,0
1784445643486351159,1,18590,29,180,405,0,0
1784445643536357528,0,57116,30,2430,13801,0,0
1784445643536357528,1,18590,29,180,405,0,0
1784445643586352081,0,57116,30,2430,13801,0,0
1784445643586352081,1,18561,29,180,405,0,0
1784445643636359417,0,57116,30,2430,13801,0,0
1784445643636359417,1,18561,29,180,405,0,0
1784445643686350495,0,57116,30,2430,13801,0,0
1784445643686350495,1,18561,29,180,405,0,0
1784445643736358920,0,57116,30,2430,13801,0,0
1784445643736358920,1,18561,29,180,405,0,0
1784445643786351248,0,56656,30,2400,13801,5,0
1784445643786351248,1,18561,29,180,405,0,0
1784445643836362054,0,56656,30,2400,13801,5,0
1784445643836362054,1,18561,29,180,405,0,0
1784445643886351223,0,56656,30,2400,13801,5,0
1784445643886351223,1,18561,29,180,405,0,0
1784445643936359078,0,56656,30,2400,13801,5,0
1784445643936359078,1,18561,29,180,405,0,0
1784445643986350993,0,56656,30,2400,13801,5,0
1784445643986350993,1,18561,29,180,405,0,0
1784445644036358224,0,56656,30,2400,13801,5,0
1784445644036358224,1,18561,29,180,405,0,0
1784445644086350191,0,56656,30,2400,13801,5,0
1784445644086350191,1,18561,29,180,405,0,0
1784445644136358675,0,56656,30,2400,13801,5,0
1784445644136358675,1,18561,29,180,405,0,0
1784445644186351545,0,56656,30,2400,13801,5,0
1784445644186351545,1,18561,29,180,405,0,0
1784445644236358855,0,56656,30,2400,13801,5,0
1784445644236358855,1,18561,29,180,405,0,0
1784445644286351374,0,57255,30,2445,13801,5,0
1784445644286351374,1,18561,29,180,405,0,0
1784445644336360556,0,57255,30,2445,13801,5,0
1784445644336360556,1,18561,29,180,405,0,0
1784445644386350784,0,57255,30,2445,13801,5,0
1784445644386350784,1,18561,29,180,405,0,0
1784445644436358633,0,57255,30,2445,13801,5,0
1784445644436358633,1,18561,29,180,405,0,0
1784445644486350819,0,57255,30,2445,13801,5,0
1784445644486350819,1,18561,29,180,405,0,0
1784445644536359409,0,57255,30,2445,13801,5,0
1784445644536359409,1,18561,29,180,405,0,0
1784445644586351265,0,57255,30,2445,13801,5,0
1784445644586351265,1,18418,29,180,405,0,0
1784445644636358053,0,57255,30,2445,13801,5,0
1784445644636358053,1,18418,29,180,405,0,0
1784445644686350779,0,57255,30,2445,13801,5,0
1784445644686350779,1,18418,29,180,405,0,0
1784445644736358209,0,57255,30,2445,13801,5,0
1784445644736358209,1,18418,29,180,405,0,0
1784445644786351397,0,58860,31,2452,13801,5,0
1784445644786351397,1,18418,29,180,405,0,0
1784445644836358683,0,58860,31,2452,13801,5,0
1784445644836358683,1,18418,29,180,405,0,0
1784445644886351257,0,58860,31,2452,13801,5,0
1784445644886351257,1,18418,29,180,405,0,0
1784445644936359028,0,58860,31,2452,13801,5,0
1784445644936359028,1,18418,29,180,405,0,0
1784445644986350455,0,58860,31,2452,13801,5,0
1784445644986350455,1,18418,29,180,405,0,0
1784445645036357982,0,58860,31,2452,13801,5,0
1784445645036357982,1,18418,29,180,405,0,0
1784445645086352124,0,58860,31,2452,13801,5,0
1784445645086352124,1,18418,29,180,405,0,0
1784445645136358758,0,58860,31,2452,13801,5,0
1784445645136358758,1,18418,29,180,405,0,0
1784445645186350844,0,58860,31,2452,13801,5,0
1784445645186350844,1,18418,29,180,405,0,0
1784445645236359961,0,58860,31,2452,13801,5,0
1784445645236359961,1,18418,29,180,405,0,0
1784445645286359422,0,61050,31,2565,13801,5,0
1784445645286359422,1,18418,29,180,405,0,0
1784445645336360898,0,61050,31,2565,13801,5,0
1784445645336360898,1,18418,29,180,405,0,0
1784445645386359502,0,61050,31,2565,13801,5,0
1784445645386359502,1,18418,29,180,405,0,0
1784445645436359360,0,61050,31,2565,13801,5,0
1784445645436359360,1,18418,29,180,405,0,0
1784445645486374611,0,61050,31,2565,13801,5,0
1784445645486374611,1,18418,29,180,405,0,0
1784445645536362763,0,61050,31,2565,13801,5,0
1784445645536362763,1,18418,29,180,405,0,0
1784445645586361357,0,61050,31,2565,13801,5,0
1784445645586361357,1,18308,29,180,405,0,0
1784445645636367205,0,61050,31,2565,13801,5,0
1784445645636367205,1,18308,29,180,405,0,0
1784445645686361407,0,61050,31,2565,13801,5,0
1784445645686361407,1,18308,29,180,405,0,0
1784445645736360822,0,61050,31,2565,13801,5,0
1784445645736360822,1,18308,29,180,405,0,0
1784445645786361503,0,61533,31,2400,13801,5,0
1784445645786361503,1,18308,29,180,405,0,0
1784445645836359169,0,61533,31,2400,13801,5,0
1784445645836359169,1,18308,29,180,405,0,0
1784445645886358789,0,61533,31,2400,13801,5,0
1784445645886358789,1,18308,29,180,405,0,0
1784445645936360235,0,61533,31,2400,13801,5,0
1784445645936360235,1,18308,29,180,405,0,0
1784445645986359229,0,61533,31,2400,13801,5,0
1784445645986359229,1,18308,29,180,405,0,0
1784445646036360069,0,61533,31,2400,13801,5,0
1784445646036360069,1,18308,29,180,405,0,0
1784445646086359056,0,61533,31,2400,13801,5,0
1784445646086359056,1,18308,29,180,405,0,0
1784445646136360013,0,61533,31,2400,13801,5,0
1784445646136360013,1,18308,29,180,405,0,0
1784445646186358512,0,61533,31,2400,13801,5,0
1784445646186358512,1,18308,29,180,405,0,0
1784445646236358867,0,61533,31,2400,13801,5,0
1784445646236358867,1,18308,29,180,405,0,0
1784445646286359507,0,71711,32,2940,13801,3,0
1784445646286359507,1,18308,29,180,405,0,0
1784445646336359572,0,71711,32,2940,13801,3,0
1784445646336359572,1,18308,29,180,405,0,0
1784445646386358638,0,71711,32,2940,13801,3,0
1784445646386358638,1,18308,29,180,405,0,0
1784445646436359375,0,71711,32,2940,13801,3,0
1784445646436359375,1,18308,29,180,405,0,0
1784445646486358614,0,71711,32,2940,13801,3,0
1784445646486358614,1,18308,29,180,405,0,0
1784445646536359187,0,71711,32,2940,13801,3,0
1784445646536359187,1,18308,29,180,405,0,0
1784445646586357526,0,71711,32,2940,13801,3,0
1784445646586357526,1,18722,29,180,405,0,0
1784445646636359243,0,71711,32,2940,13801,3,0
1784445646636359243,1,18722,29,180,405,0,0
1784445646686358555,0,71711,32,2940,13801,3,0
1784445646686358555,1,18722,29,180,405,0,0
1784445646736357824,0,71711,32,2940,13801,3,0
1784445646736357824,1,18722,29,180,405,0,0
1784445646786358381,0,86579,32,2940,13801,3,0
1784445646786358381,1,18722,29,180,405,0,0
1784445646836361219,0,86579,32,2940,13801,3,0
1784445646836361219,1,18722,29,180,405,0,0
1784445646886358746,0,86579,32,2940,13801,3,0
1784445646886358746,1,18722,29,180,405,0,0
1784445646936363902,0,86579,32,2940,13801,3,0
1784445646936363902,1,18722,29,180,405,0,0
1784445646986360932,0,86579,32,2940,13801,3,0
1784445646986360932,1,18722,29,180,405,0,0
1784445647036359610,0,86579,32,2940,13801,3,0
1784445647036359610,1,18722,29,180,405,0,0
1784445647086359132,0,86579,32,2940,13801,3,0
1784445647086359132,1,18722,29,180,405,0,0
1784445647136359751,0,86579,32,2940,13801,3,0
1784445647136359751,1,18722,29,180,405,0,0
1784445647186357535,0,86579,32,2940,13801,3,0
1784445647186357535,1,18722,29,180,405,0,0
1784445647236359683,0,86579,32,2940,13801,3,0
1784445647236359683,1,18722,29,180,405,0,0
1784445647286359534,0,86810,32,2940,13801,3,0
1784445647286359534,1,18722,29,180,405,0,0
1784445647336359534,0,86810,32,2940,13801,3,0
1784445647336359534,1,18722,29,180,405,0,0
1784445647386357309,0,86810,32,2940,13801,3,0
1784445647386357309,1,18722,29,180,405,0,0
1784445647436361383,0,86810,32,2940,13801,3,0
1784445647436361383,1,18722,29,180,405,0,0
1784445647486358121,0,86810,32,2940,13801,3,0
1784445647486358121,1,18722,29,180,405,0,0
1784445647536360170,0,86810,32,2940,13801,3,0
1784445647536360170,1,18722,29,180,405,0,0
1784445647586362598,0,86810,32,2940,13801,3,0
1784445647586362598,1,18673,29,180,405,0,0
1784445647636359331,0,86810,32,2940,13801,3,0
1784445647636359331,1,18673,29,180,405,0,0
1784445647686362071,0,86810,32,2940,13801,3,0
1784445647686362071,1,18673,29,180,405,0,0
1784445647736361340,0,86810,32,2940,13801,3,0
1784445647736361340,1,18673,29,180,405,0,0
1784445647786361406,0,81693,32,2535,13801,4,0
1784445647786361406,1,18673,29,180,405,0,0
1784445647836362819,0,81693,32,2535,13801,4,0
1784445647836362819,1,18673,29,180,405,0,0
1784445647886359365,0,81693,32,2535,13801,4,0
1784445647886359365,1,18673,29,180,405,0,0
1784445647936359505,0,81693,32,2535,13801,4,0
1784445647936359505,1,18673,29,180,405,0,0
1784445647986362712,0,81693,32,2535,13801,4,0
1784445647986362712,1,18673,29,180,405,0,0
1784445648036362346,0,81693,32,2535,13801,4,0
1784445648036362346,1,18673,29,180,405,0,0
1784445648086360719,0,81693,32,2535,13801,4,0
1784445648086360719,1,18673,29,180,405,0,0
1784445648136360878,0,81693,32,2535,13801,4,0
1784445648136360878,1,18673,29,180,405,0,0
1784445648186362601,0,81693,32,2535,13801,4,0
1784445648186362601,1,18673,29,180,405,0,0
1784445648236359222,0,81693,32,2535,13801,4,0
1784445648236359222,1,18673,29,180,405,0,0
1784445648286360384,0,81061,32,2940,13801,3,0
1784445648286360384,1,18673,29,180,405,0,0
1784445648336359851,0,81061,32,2940,13801,3,0
1784445648336359851,1,18673,29,180,405,0,0
1784445648386360198,0,81061,32,2940,13801,3,0
1784445648386360198,1,18673,29,180,405,0,0
1784445648436360043,0,81061,32,2940,13801,3,0
1784445648436360043,1,18673,29,180,405,0,0
1784445648486359612,0,81061,32,2940,13801,3,0
1784445648486359612,1,18673,29,180,405,0,0
1784445648536361264,0,81061,32,2940,13801,3,0
1784445648536361264,1,18673,29,180,405,0,0
1784445648586363518,0,81061,32,2940,13801,3,0
1784445648586363518,1,18745,29,180,405,0,0
1784445648636361966,0,81061,32,2940,13801,3,0
1784445648636361966,1,18745,29,180,405,0,0
1784445648686362702,0,81061,32,2940,13801,3,0
1784445648686362702,1,18745,29,180,405,0,0
1784445648736361010,0,81061,32,2940,13801,3,0
1784445648736361010,1,18745,29,180,405,0,0
1784445648786358703,0,86092,33,2940,13801,3,0
1784445648786358703,1,18745,29,180,405,0,0
1784445648836361012,0,86092,33,2940,13801,3,0
1784445648836361012,1,18745,29,180,405,0,0
1784445648886360958,0,86092,33,2940,13801,3,0
1784445648886360958,1,18745,29,180,405,0,0
1784445648936360647,0,86092,33,2940,13801,3,0
1784445648936360647,1,18745,29,180,405,0,0
1784445648986361025,0,86092,33,2940,13801,3,0
1784445648986361025,1,18745,29,180,405,0,0
1784445649036363007,0,86092,33,2940,13801,3,0
1784445649036363007,1,18745,29,180,405,0,0
1784445649086361598,0,86092,33,2940,13801,3,0
1784445649086361598,1,18745,29,180,405,0,0
1784445649136360819,0,86092,33,2940,13801,3,0
1784445649136360819,1,18745,29,180,405,0,0
1784445649186350205,0,86092,33,2940,13801,3,0
1784445649186350205,1,18745,29,180,405,0,0
1784445649236362542,0,86092,33,2940,13801,3,0
1784445649236362542,1,18745,29,180,405,0,0
1784445649286352871,0,83101,32,2940,13801,3,0
1784445649286352871,1,18745,29,180,405,0,0
1784445649336360367,0,83101,32,2940,13801,3,0
1784445649336360367,1,18745,29,180,405,0,0
1784445649386362723,0,83101,32,2940,13801,3,0
1784445649386362723,1,18745,29,180,405,0,0
1784445649436361568,0,83101,32,2940,13801,3,0
1784445649436361568,1,18745,29,180,405,0,0
1784445649486360990,0,83101,32,2940,13801,3,0
1784445649486360990,1,18745,29,180,405,0,0
1784445649536363991,0,83101,32,2940,13801,3,0
1784445649536363991,1,18745,29,180,405,0,0
1784445649586353243,0,83101,32,2940,13801,3,0
1784445649586353243,1,18676,29,180,405,0,0
1784445649636375926,0,83101,32,2940,13801,3,0
1784445649636375926,1,18676,29,180,405,0,0
1784445649686357402,0,83101,32,2940,13801,3,0
1784445649686357402,1,18676,29,180,405,0,0
1784445649736359087,0,83101,32,2940,13801,3,0
1784445649736359087,1,18676,29,180,405,0,0
1784445649786333220,0,83584,33,2940,13801,3,0
1784445649786333220,1,18676,29,180,405,0,0
1784445649836361759,0,83584,33,2940,13801,3,0
1784445649836361759,1,18676,29,180,405,0,0
1784445649886357470,0,83584,33,2940,13801,3,0
1784445649886357470,1,18676,29,180,405,0,0
1784445649936362315,0,83584,33,2940,13801,3,0
1784445649936362315,1,18676,29,180,405,0,0
1784445649986422256,0,83584,33,2940,13801,3,0
1784445649986422256,1,18676,29,180,405,0,0
1784445650036367716,0,83584,33,2940,13801,3,0
1784445650036367716,1,18676,29,180,405,0,0
1784445650086350895,0,83584,33,2940,13801,3,0
1784445650086350895,1,18676,29,180,405,0,0
1784445650136358476,0,83584,33,2940,13801,3,0
1784445650136358476,1,18676,29,180,405,0,0
1784445650186354073,0,83584,33,2940,13801,3,0
1784445650186354073,1,18676,29,180,405,0,0
1784445650236358843,0,83584,33,2940,13801,3,0
1784445650236358843,1,18676,29,180,405,0,0
1784445650286352294,0,87141,33,2940,13801,3,0
1784445650286352294,1,18676,29,180,405,0,0
1784445650336365660,0,87141,33,2940,13801,3,0
1784445650336365660,1,18676,29,180,405,0,0
1784445650386359428,0,87141,33,2940,13801,3,0
1784445650386359428,1,18676,29,180,405,0,0
1784445650436360325,0,87141,33,2940,13801,3,0
1784445650436360325,1,18676,29,180,405,0,0
1784445650486362098,0,87141,33,2940,13801,3,0
1784445650486362098,1,18676,29,180,405,0,0
1784445650536359483,0,87141,33,2940,13801,3,0
1784445650536359483,1,18676,29,180,405,0,0
1784445650586361424,0,87141,33,2940,13801,3,0
1784445650586361424,1,18634,29,180,405,0,0
1784445650636360836,0,87141,33,2940,13801,3,0
1784445650636360836,1,18634,29,180,405,0,0
1784445650686352624,0,87141,33,2940,13801,3,0
1784445650686352624,1,18634,29,180,405,0,0
1784445650736360712,0,87141,33,2940,13801,3,0
1784445650736360712,1,18634,29,180,405,0,0
1784445650786359040,0,87213,33,2940,13801,3,0
1784445650786359040,1,18634,29,180,405,0,0
1784445650836359286,0,87213,33,2940,13801,3,0
1784445650836359286,1,18634,29,180,405,0,0
1784445650886359335,0,87213,33,2940,13801,3,0
1784445650886359335,1,18634,29,180,405,0,0
1784445650936360964,0,87213,33,2940,13801,3,0
1784445650936360964,1,18634,29,180,405,0,0
1784445650986361095,0,87213,33,2940,13801,3,0
1784445650986361095,1,18634,29,180,405,0,0
1784445651036359379,0,87213,33,2940,13801,3,0
1784445651036359379,1,18634,29,180,405,0,0
1784445651086363194,0,87213,33,2940,13801,3,0
1784445651086363194,1,18634,29,180,405,0,0
1784445651136360260,0,87213,33,2940,13801,3,0
1784445651136360260,1,18634,29,180,405,0,0
1784445651186358418,0,87213,33,2940,13801,3,0
1784445651186358418,1,18634,29,180,405,0,0
1784445651236359107,0,87213,33,2940,13801,3,0
1784445651236359107,1,18634,29,180,405,0,0
1784445651286358595,0,87100,33,2940,13801,3,0
1784445651286358595,1,18634,29,180,405,0,0
1784445651336358493,0,87100,33,2940,13801,3,0
1784445651336358493,1,18634,29,180,405,0,0
1784445651386358264,0,87100,33,2940,13801,3,0
1784445651386358264,1,18634,29,180,405,0,0
1784445651436358693,0,87100,33,2940,13801,3,0
1784445651436358693,1,18634,29,180,405,0,0
1784445651486357982,0,87100,33,2940,13801,3,0
1784445651486357982,1,18634,29,180,405,0,0
1784445651536360222,0,87100,33,2940,13801,3,0
1784445651536360222,1,18634,29,180,405,0,0
1784445651586358587,0,87100,33,2940,13801,3,0
1784445651586358587,1,18777,29,180,405,0,0
1784445651636357775,0,87100,33,2940,13801,3,0
1784445651636357775,1,18777,29,180,405,0,0
1784445651686357375,0,87100,33,2940,13801,3,0
1784445651686357375,1,18777,29,180,405,0,0
1784445651736358859,0,87100,33,2940,13801,3,0
1784445651736358859,1,18777,29,180,405,0,0
1784445651786358100,0,87143,33,2940,13801,3,0
1784445651786358100,1,18777,29,180,405,0,0
1784445651836358597,0,87143,33,2940,13801,3,0
1784445651836358597,1,18777,29,180,405,0,0
1784445651886358110,0,87143,33,2940,13801,3,0
1784445651886358110,1,18777,29,180,405,0,0
1784445651936357225,0,87143,33,2940,13801,3,0
1784445651936357225,1,18777,29,180,405,0,0
1784445651986359442,0,87143,33,2940,13801,3,0
1784445651986359442,1,18777,29,180,405,0,0
1784445652036358801,0,87143,33,2940,13801,3,0
1784445652036358801,1,18777,29,180,405,0,0
1784445652086359136,0,87143,33,2940,13801,3,0
1784445652086359136,1,18777,29,180,405,0,0
1784445652136359934,0,87143,33,2940,13801,3,0
1784445652136359934,1,18777,29,180,405,0,0
1784445652186358346,0,87143,33,2940,13801,3,0
1784445652186358346,1,18777,29,180,405,0,0
1784445652236359810,0,87143,33,2940,13801,3,0
1784445652236359810,1,18777,29,180,405,0,0
1784445652286358449,0,87114,33,2940,13801,3,0
1784445652286358449,1,18777,29,180,405,0,0
1784445652336357284,0,87114,33,2940,13801,3,0
1784445652336357284,1,18777,29,180,405,0,0
1784445652386359663,0,87114,33,2940,13801,3,0
1784445652386359663,1,18777,29,180,405,0,0
1784445652436358842,0,87114,33,2940,13801,3,0
1784445652436358842,1,18777,29,180,405,0,0
1784445652486357492,0,87114,33,2940,13801,3,0
1784445652486357492,1,18777,29,180,405,0,0
1784445652536358763,0,87114,33,2940,13801,3,0
1784445652536358763,1,18777,29,180,405,0,0
1784445652586360051,0,87114,33,2940,13801,3,0
1784445652586360051,1,18674,29,180,405,0,0
1784445652636360024,0,87114,33,2940,13801,3,0
1784445652636360024,1,18674,29,180,405,0,0
1784445652686357302,0,87114,33,2940,13801,3,0
1784445652686357302,1,18674,29,180,405,0,0
1784445652736357274,0,87114,33,2940,13801,3,0
1784445652736357274,1,18674,29,180,405,0,0
1784445652786358448,0,87221,33,2940,13801,3,0
1784445652786358448,1,18674,29,180,405,0,0
1784445652836357613,0,87221,33,2940,13801,3,0
1784445652836357613,1,18674,29,180,405,0,0
1784445652886356879,0,87221,33,2940,13801,3,0
1784445652886356879,1,18674,29,180,405,0,0
1784445652936359046,0,87221,33,2940,13801,3,0
1784445652936359046,1,18674,29,180,405,0,0
1784445652986359624,0,87221,33,2940,13801,3,0
1784445652986359624,1,18674,29,180,405,0,0
1784445653036359216,0,87221,33,2940,13801,3,0
1784445653036359216,1,18674,29,180,405,0,0
1784445653086358751,0,87221,33,2940,13801,3,0
1784445653086358751,1,18674,29,180,405,0,0
1784445653136361071,0,87221,33,2940,13801,3,0
1784445653136361071,1,18674,29,180,405,0,0
1784445653186358439,0,87221,33,2940,13801,3,0
1784445653186358439,1,18674,29,180,405,0,0
1784445653236360069,0,87221,33,2940,13801,3,0
1784445653236360069,1,18674,29,180,405,0,0
1784445653286359155,0,85929,33,2940,13801,3,0
1784445653286359155,1,18674,29,180,405,0,0
1784445653336359340,0,85929,33,2940,13801,3,0
1784445653336359340,1,18674,29,180,405,0,0
1784445653386359002,0,85929,33,2940,13801,3,0
1784445653386359002,1,18674,29,180,405,0,0
1784445653436357813,0,85929,33,2940,13801,3,0
1784445653436357813,1,18674,29,180,405,0,0
1784445653486356747,0,85929,33,2940,13801,3,0
1784445653486356747,1,18674,29,180,405,0,0
1784445653536359178,0,85929,33,2940,13801,3,0
1784445653536359178,1,18674,29,180,405,0,0
1784445653586359079,0,85929,33,2940,13801,3,0
1784445653586359079,1,18640,29,180,405,0,0
1784445653636359042,0,85929,33,2940,13801,3,0
1784445653636359042,1,18640,29,180,405,0,0
1784445653686358602,0,85929,33,2940,13801,3,0
1784445653686358602,1,18640,29,180,405,0,0
1784445653736360521,0,85929,33,2940,13801,3,0
1784445653736360521,1,18640,29,180,405,0,0
1784445653786359019,0,83138,33,2940,13801,3,0
1784445653786359019,1,18640,29,180,405,0,0
1784445653836357676,0,83138,33,2940,13801,3,0
1784445653836357676,1,18640,29,180,405,0,0
1784445653886356844,0,83138,33,2940,13801,3,0
1784445653886356844,1,18640,29,180,405,0,0
1784445653936357771,0,83138,33,2940,13801,3,0
1784445653936357771,1,18640,29,180,405,0,0
1784445653986359574,0,83138,33,2940,13801,3,0
1784445653986359574,1,18640,29,180,405,0,0
1784445654036358883,0,83138,33,2940,13801,3,0
1784445654036358883,1,18640,29,180,405,0,0
1784445654086358592,0,83138,33,2940,13801,3,0
1784445654086358592,1,18640,29,180,405,0,0
1784445654136360260,0,83138,33,2940,13801,3,0
1784445654136360260,1,18640,29,180,405,0,0
1784445654186356980,0,83138,33,2940,13801,3,0
1784445654186356980,1,18640,29,180,405,0,0
1784445654236359892,0,83138,33,2940,13801,3,0
1784445654236359892,1,18640,29,180,405,0,0
1784445654286359380,0,84282,33,2940,13801,3,0
1784445654286359380,1,18640,29,180,405,0,0
1784445654336357162,0,84282,33,2940,13801,3,0
1784445654336357162,1,18640,29,180,405,0,0
1784445654386358893,0,84282,33,2940,13801,3,0
1784445654386358893,1,18640,29,180,405,0,0
1784445654436358735,0,84282,33,2940,13801,3,0
1784445654436358735,1,18640,29,180,405,0,0
1784445654486358142,0,84282,33,2940,13801,3,0
1784445654486358142,1,18640,29,180,405,0,0
1784445654536361124,0,84282,33,2940,13801,3,0
1784445654536361124,1,18640,29,180,405,0,0
1784445654586359712,0,84282,33,2940,13801,3,0
1784445654586359712,1,18604,29,180,405,0,0
1784445654636357935,0,84282,33,2940,13801,3,0
1784445654636357935,1,18604,29,180,405,0,0
1784445654686357731,0,84282,33,2940,13801,3,0
1784445654686357731,1,18604,29,180,405,0,0
1784445654736357118,0,84282,33,2940,13801,3,0
1784445654736357118,1,18604,29,180,405,0,0
1784445654786359862,0,87450,33,2940,13801,3,0
1784445654786359862,1,18604,29,180,405,0,0
1784445654836358799,0,87450,33,2940,13801,3,0
1784445654836358799,1,18604,29,180,405,0,0
1784445654886357870,0,87450,33,2940,13801,3,0
1784445654886357870,1,18604,29,180,405,0,0
1784445654936356840,0,87450,33,2940,13801,3,0
1784445654936356840,1,18604,29,180,405,0,0
1784445654986359277,0,87450,33,2940,13801,3,0
1784445654986359277,1,18604,29,180,405,0,0
1784445655036358059,0,87450,33,2940,13801,3,0
1784445655036358059,1,18604,29,180,405,0,0
1784445655086358868,0,87450,33,2940,13801,3,0
1784445655086358868,1,18604,29,180,405,0,0
1784445655136359738,0,87450,33,2940,13801,3,0
1784445655136359738,1,18604,29,180,405,0,0
1784445655186357903,0,87450,33,2940,13801,3,0
1784445655186357903,1,18604,29,180,405,0,0
1784445655236365350,0,87450,33,2940,13801,3,0
1784445655236365350,1,18604,29,180,405,0,0
1784445655286359182,0,87393,33,2940,13801,3,0
1784445655286359182,1,18604,29,180,405,0,0
1784445655336358838,0,87393,33,2940,13801,3,0
1784445655336358838,1,18604,29,180,405,0,0
1784445655386354325,0,87393,33,2940,13801,3,0
1784445655386354325,1,18604,29,180,405,0,0
1784445655436359957,0,87393,33,2940,13801,3,0
1784445655436359957,1,18604,29,180,405,0,0
1784445655486365639,0,87393,33,2940,13801,3,0
1784445655486365639,1,18604,29,180,405,0,0
1784445655536360959,0,87393,33,2940,13801,3,0
1784445655536360959,1,18604,29,180,405,0,0
1784445655586359915,0,87393,33,2940,13801,3,0
1784445655586359915,1,18674,29,180,405,0,0
1784445655636359635,0,87393,33,2940,13801,3,0
1784445655636359635,1,18674,29,180,405,0,0
1784445655686355078,0,87393,33,2940,13801,3,0
1784445655686355078,1,18674,29,180,405,0,0
1784445655736359897,0,87393,33,2940,13801,3,0
1784445655736359897,1,18674,29,180,405,0,0
1784445655786360817,0,87325,33,2940,13801,3,0
1784445655786360817,1,18674,29,180,405,0,0
1784445655836362921,0,87325,33,2940,13801,3,0
1784445655836362921,1,18674,29,180,405,0,0
1784445655886369403,0,87325,33,2940,13801,3,0
1784445655886369403,1,18674,29,180,405,0,0
1784445655936365059,0,87325,33,2940,13801,3,0
1784445655936365059,1,18674,29,180,405,0,0
1784445655986364752,0,87325,33,2940,13801,3,0
1784445655986364752,1,18674,29,180,405,0,0
1784445656036361134,0,87325,33,2940,13801,3,0
1784445656036361134,1,18674,29,180,405,0,0
1784445656086360651,0,87325,33,2940,13801,3,0
1784445656086360651,1,18674,29,180,405,0,0
1784445656136358668,0,87325,33,2940,13801,3,0
1784445656136358668,1,18674,29,180,405,0,0
1784445656186359364,0,87325,33,2940,13801,3,0
1784445656186359364,1,18674,29,180,405,0,0
1784445656236360224,0,87325,33,2940,13801,3,0
1784445656236360224,1,18674,29,180,405,0,0
1784445656286358995,0,87440,33,2940,13801,3,0
1784445656286358995,1,18674,29,180,405,0,0
1784445656336359431,0,87440,33,2940,13801,3,0
1784445656336359431,1,18674,29,180,405,0,0
1784445656386358989,0,87440,33,2940,13801,3,0
1784445656386358989,1,18674,29,180,405,0,0
1784445656436359504,0,87440,33,2940,13801,3,0
1784445656436359504,1,18674,29,180,405,0,0
1784445656486358269,0,87440,33,2940,13801,3,0
1784445656486358269,1,18674,29,180,405,0,0
1784445656536357991,0,87440,33,2940,13801,3,0
1784445656536357991,1,18674,29,180,405,0,0
1784445656586357816,0,87440,33,2940,13801,3,0
1784445656586357816,1,18802,29,180,405,0,0
1784445656636360099,0,87440,33,2940,13801,3,0
1784445656636360099,1,18802,29,180,405,0,0
1784445656686358205,0,87440,33,2940,13801,3,0
1784445656686358205,1,18802,29,180,405,0,0
1784445656736357902,0,87440,33,2940,13801,3,0
1784445656736357902,1,18802,29,180,405,0,0
1784445656786359737,0,87339,33,2940,13801,3,0
1784445656786359737,1,18802,29,180,405,0,0
1784445656836359233,0,87339,33,2940,13801,3,0
1784445656836359233,1,18802,29,180,405,0,0
1784445656886358829,0,87339,33,2940,13801,3,0
1784445656886358829,1,18802,29,180,405,0,0
1784445656936359965,0,87339,33,2940,13801,3,0
1784445656936359965,1,18802,29,180,405,0,0
1784445656986360145,0,87339,33,2940,13801,3,0
1784445656986360145,1,18802,29,180,405,0,0
1784445657036357296,0,87339,33,2940,13801,3,0
1784445657036357296,1,18802,29,180,405,0,0
1784445657086357505,0,87339,33,2940,13801,3,0
1784445657086357505,1,18802,29,180,405,0,0
1784445657136358973,0,87339,33,2940,13801,3,0
1784445657136358973,1,18802,29,180,405,0,0
1784445657186359463,0,87339,33,2940,13801,3,0
1784445657186359463,1,18802,29,180,405,0,0
1784445657236359962,0,87339,33,2940,13801,3,0
1784445657236359962,1,18802,29,180,405,0,0
1784445657286359640,0,87172,33,2940,13801,3,0
1784445657286359640,1,18802,29,180,405,0,0
1784445657336359691,0,87172,33,2940,13801,3,0
1784445657336359691,1,18802,29,180,405,0,0
1784445657386360070,0,87172,33,2940,13801,3,0
1784445657386360070,1,18802,29,180,405,0,0
1784445657436359683,0,87172,33,2940,13801,3,0
1784445657436359683,1,18802,29,180,405,0,0
1784445657486359578,0,87172,33,2940,13801,3,0
1784445657486359578,1,18802,29,180,405,0,0
1784445657536362136,0,87172,33,2940,13801,3,0
1784445657536362136,1,18802,29,180,405,0,0
1784445657586354178,0,87172,33,2940,13801,3,0
1784445657586354178,1,18837,29,180,405,0,0
1784445657636357740,0,87172,33,2940,13801,3,0
1784445657636357740,1,18837,29,180,405,0,0
1784445657686356176,0,87172,33,2940,13801,3,0
1784445657686356176,1,18837,29,180,405,0,0
1784445657736359115,0,87172,33,2940,13801,3,0
1784445657736359115,1,18837,29,180,405,0,0
1784445657786356419,0,84220,33,2940,13801,3,0
1784445657786356419,1,18837,29,180,405,0,0
1784445657836362653,0,84220,33,2940,13801,3,0
1784445657836362653,1,18837,29,180,405,0,0
1784445657886362146,0,84220,33,2940,13801,3,0
1784445657886362146,1,18837,29,180,405,0,0
1784445657936361049,0,84220,33,2940,13801,3,0
1784445657936361049,1,18837,29,180,405,0,0
1784445657986363932,0,84220,33,2940,13801,3,0
1784445657986363932,1,18837,29,180,405,0,0
1784445658036362045,0,84220,33,2940,13801,3,0
1784445658036362045,1,18837,29,180,405,0,0
1784445658086358689,0,84220,33,2940,13801,3,0
1784445658086358689,1,18837,29,180,405,0,0
1784445658136364372,0,84220,33,2940,13801,3,0
1784445658136364372,1,18837,29,180,405,0,0
1784445658186360786,0,84220,33,2940,13801,3,0
1784445658186360786,1,18837,29,180,405,0,0
1784445658236361244,0,84220,33,2940,13801,3,0
1784445658236361244,1,18837,29,180,405,0,0
1784445658286360032,0,82477,33,2940,13801,3,0
1784445658286360032,1,18837,29,180,405,0,0
1784445658336363349,0,82477,33,2940,13801,3,0
1784445658336363349,1,18837,29,180,405,0,0
1784445658386359951,0,82477,33,2940,13801,3,0
1784445658386359951,1,18837,29,180,405,0,0
1784445658436359860,0,82477,33,2940,13801,3,0
1784445658436359860,1,18837,29,180,405,0,0
1784445658486361639,0,82477,33,2940,13801,3,0
1784445658486361639,1,18837,29,180,405,0,0
1784445658536362168,0,82477,33,2940,13801,3,0
1784445658536362168,1,18837,29,180,405,0,0
1784445658586359382,0,82477,33,2940,13801,3,0
1784445658586359382,1,18679,29,180,405,0,0
1784445658636359560,0,82477,33,2940,13801,3,0
1784445658636359560,1,18679,29,180,405,0,0
1784445658686362248,0,82477,33,2940,13801,3,0
1784445658686362248,1,18679,29,180,405,0,0
1784445658736360064,0,82477,33,2940,13801,3,0
1784445658736360064,1,18679,29,180,405,0,0
1784445658786359020,0,85517,33,2940,13801,3,0
1784445658786359020,1,18679,29,180,405,0,0
1784445658836360985,0,85517,33,2940,13801,3,0
1784445658836360985,1,18679,29,180,405,0,0
1784445658886361734,0,85517,33,2940,13801,3,0
1784445658886361734,1,18679,29,180,405,0,0
1784445658936359902,0,85517,33,2940,13801,3,0
1784445658936359902,1,18679,29,180,405,0,0
1784445658986359417,0,85517,33,2940,13801,3,0
1784445658986359417,1,18679,29,180,405,0,0
1784445659036359818,0,85517,33,2940,13801,3,0
1784445659036359818,1,18679,29,180,405,0,0
1784445659086362574,0,85517,33,2940,13801,3,0
1784445659086362574,1,18679,29,180,405,0,0
1784445659136367388,0,85517,33,2940,13801,3,0
1784445659136367388,1,18679,29,180,405,0,0
1784445659186353827,0,85517,33,2940,13801,3,0
1784445659186353827,1,18679,29,180,405,0,0
1784445659236361258,0,85517,33,2940,13801,3,0
1784445659236361258,1,18679,29,180,405,0,0
1784445659286363535,0,86818,33,2940,13801,3,0
1784445659286363535,1,18679,29,180,405,0,0
1784445659336360310,0,86818,33,2940,13801,3,0
1784445659336360310,1,18679,29,180,405,0,0
1784445659386359036,0,86818,33,2940,13801,3,0
1784445659386359036,1,18679,29,180,405,0,0
1784445659436361001,0,86818,33,2940,13801,3,0
1784445659436361001,1,18679,29,180,405,0,0
1784445659486359118,0,86818,33,2940,13801,3,0
1784445659486359118,1,18679,29,180,405,0,0
1784445659536357764,0,86818,33,2940,13801,3,0
1784445659536357764,1,18679,29,180,405,0,0
1784445659586362037,0,86818,33,2940,13801,3,0
1784445659586362037,1,18638,29,180,405,0,0
1784445659636359942,0,86818,33,2940,13801,3,0
1784445659636359942,1,18638,29,180,405,0,0
1784445659686358865,0,86818,33,2940,13801,3,0
1784445659686358865,1,18638,29,180,405,0,0
1784445659736361045,0,86818,33,2940,13801,3,0
1784445659736361045,1,18638,29,180,405,0,0
1784445659786359807,0,86890,33,2940,13801,3,0
1784445659786359807,1,18638,29,180,405,0,0
1784445659836360728,0,86890,33,2940,13801,3,0
1784445659836360728,1,18638,29,180,405,0,0
1784445659886359078,0,86890,33,2940,13801,3,0
1784445659886359078,1,18638,29,180,405,0,0
1784445659936368253,0,86890,33,2940,13801,3,0
1784445659936368253,1,18638,29,180,405,0,0
1784445659986362900,0,86890,33,2940,13801,3,0
1784445659986362900,1,18638,29,180,405,0,0
1784445660036361283,0,86890,33,2940,13801,3,0
1784445660036361283,1,18638,29,180,405,0,0
1784445660086360610,0,86890,33,2940,13801,3,0
1784445660086360610,1,18638,29,180,405,0,0
1784445660136359955,0,86890,33,2940,13801,3,0
1784445660136359955,1,18638,29,180,405,0,0
1784445660186360227,0,86890,33,2940,13801,3,0
1784445660186360227,1,18638,29,180,405,0,0
1784445660236360252,0,86890,33,2940,13801,3,0
1784445660236360252,1,18638,29,180,405,0,0
1784445660286362497,0,86965,33,2940,13801,3,0
1784445660286362497,1,18638,29,180,405,0,0
1784445660336361637,0,86965,33,2940,13801,3,0
1784445660336361637,1,18638,29,180,405,0,0
1784445660386362032,0,86965,33,2940,13801,3,0
1784445660386362032,1,18638,29,180,405,0,0
1784445660436361780,0,86965,33,2940,13801,3,0
1784445660436361780,1,18638,29,180,405,0,0
1784445660486359267,0,86965,33,2940,13801,3,0
1784445660486359267,1,18638,29,180,405,0,0
1784445660536359700,0,86965,33,2940,13801,3,0
1784445660536359700,1,18638,29,180,405,0,0
1784445660586378111,0,86965,33,2940,13801,3,0
1784445660586378111,1,18556,29,180,405,0,0
1784445660636358410,0,86965,33,2940,13801,3,0
1784445660636358410,1,18556,29,180,405,0,0
1784445660686353757,0,86965,33,2940,13801,3,0
1784445660686353757,1,18556,29,180,405,0,0
1784445660736361122,0,86965,33,2940,13801,3,0
1784445660736361122,1,18556,29,180,405,0,0
1784445660786361485,0,87047,33,2940,13801,3,0
1784445660786361485,1,18556,29,180,405,0,0
1784445660836364344,0,87047,33,2940,13801,3,0
1784445660836364344,1,18556,29,180,405,0,0
1784445660886361333,0,87047,33,2940,13801,3,0
1784445660886361333,1,18556,29,180,405,0,0
1784445660936361042,0,87047,33,2940,13801,3,0
1784445660936361042,1,18556,29,180,405,0,0
1784445660986353161,0,87047,33,2940,13801,3,0
1784445660986353161,1,18556,29,180,405,0,0
1784445661036361603,0,87047,33,2940,13801,3,0
1784445661036361603,1,18556,29,180,405,0,0
1784445661086358043,0,87047,33,2940,13801,3,0
1784445661086358043,1,18556,29,180,405,0,0
1784445661136359164,0,87047,33,2940,13801,3,0
1784445661136359164,1,18556,29,180,405,0,0
1784445661186358807,0,87047,33,2940,13801,3,0
1784445661186358807,1,18556,29,180,405,0,0
1784445661236362827,0,87047,33,2940,13801,3,0
1784445661236362827,1,18556,29,180,405,0,0
1784445661286358510,0,87177,34,2940,13801,3,0
1784445661286358510,1,18556,29,180,405,0,0
1784445661336358518,0,87177,34,2940,13801,3,0
1784445661336358518,1,18556,29,180,405,0,0
1784445661386362436,0,87177,34,2940,13801,3,0
1784445661386362436,1,18556,29,180,405,0,0
1784445661436364726,0,87177,34,2940,13801,3,0
1784445661436364726,1,18556,29,180,405,0,0
1784445661486363653,0,87177,34,2940,13801,3,0
1784445661486363653,1,18556,29,180,405,0,0
1784445661536360358,0,87177,34,2940,13801,3,0
1784445661536360358,1,18556,29,180,405,0,0
1784445661586361450,0,87177,34,2940,13801,3,0
1784445661586361450,1,18624,29,180,405,0,1
1784445661636359816,0,87177,34,2940,13801,3,0
1784445661636359816,1,18624,29,180,405,0,1
1784445661686358266,0,87177,34,2940,13801,3,0
1784445661686358266,1,18624,29,180,405,0,1
1784445661736360128,0,87177,34,2940,13801,3,0
1784445661736360128,1,18624,29,180,405,0,1
1784445661786350305,0,87190,34,2940,13801,3,0
1784445661786350305,1,18624,29,180,405,0,1
1784445661836359074,0,87190,34,2940,13801,3,0
1784445661836359074,1,18624,29,180,405,0,1
1784445661886353832,0,87190,34,2940,13801,3,0
1784445661886353832,1,18624,29,180,405,0,1
1784445661936360333,0,87190,34,2940,13801,3,0
1784445661936360333,1,18624,29,180,405,0,1
1784445661986351900,0,87190,34,2940,13801,3,0
1784445661986351900,1,18624,29,180,405,0,1
1784445662036357804,0,87190,34,2940,13801,3,0
1784445662036357804,1,18624,29,180,405,0,1
1784445662086351852,0,87190,34,2940,13801,3,0
1784445662086351852,1,18624,29,180,405,0,1
1784445662136357911,0,87190,34,2940,13801,3,0
1784445662136357911,1,18624,29,180,405,0,1
1784445662186351064,0,87190,34,2940,13801,3,0
1784445662186351064,1,18624,29,180,405,0,1
1784445662236358402,0,87190,34,2940,13801,3,0
1784445662236358402,1,18624,29,180,405,0,1
1784445662286353581,0,84370,33,2940,13801,3,0
1784445662286353581,1,18624,29,180,405,0,1
1784445662336357746,0,84370,33,2940,13801,3,0
1784445662336357746,1,18624,29,180,405,0,1
1784445662386351190,0,84370,33,2940,13801,3,0
1784445662386351190,1,18624,29,180,405,0,1
1784445662436357892,0,84370,33,2940,13801,3,0
1784445662436357892,1,18624,29,180,405,0,1
1784445662486350653,0,84370,33,2940,13801,3,0
1784445662486350653,1,18624,29,180,405,0,1
1784445662536364464,0,84370,33,2940,13801,3,0
1784445662536364464,1,18624,29,180,405,0,1
1784445662586366777,0,84370,33,2940,13801,3,0
1784445662586366777,1,18860,29,180,405,0,0
1784445662636358734,0,84370,33,2940,13801,3,0
1784445662636358734,1,18860,29,180,405,0,0
1784445662686359048,0,84370,33,2940,13801,3,0
1784445662686359048,1,18860,29,180,405,0,0
1784445662736359060,0,84370,33,2940,13801,3,0
1784445662736359060,1,18860,29,180,405,0,0
1784445662786359553,0,84443,34,2940,13801,3,0
1784445662786359553,1,18860,29,180,405,0,0
1784445662836359132,0,84443,34,2940,13801,3,0
1784445662836359132,1,18860,29,180,405,0,0
1784445662886356446,0,84443,34,2940,13801,3,0
1784445662886356446,1,18860,29,180,405,0,0
1784445662936361703,0,84443,34,2940,13801,3,0
1784445662936361703,1,18860,29,180,405,0,0
1784445662986357579,0,84443,34,2940,13801,3,0
1784445662986357579,1,18860,29,180,405,0,0
1784445663036359037,0,84443,34,2940,13801,3,0
1784445663036359037,1,18860,29,180,405,0,0
1784445663086360977,0,84443,34,2940,13801,3,0
1784445663086360977,1,18860,29,180,405,0,0
1784445663136359678,0,84443,34,2940,13801,3,0
1784445663136359678,1,18860,29,180,405,0,0
1784445663186358634,0,84443,34,2940,13801,3,0
1784445663186358634,1,18860,29,180,405,0,0
1784445663236360516,0,84443,34,2940,13801,3,0
1784445663236360516,1,18860,29,180,405,0,0
1784445663286359111,0,84642,34,2940,13801,3,0
1784445663286359111,1,18860,29,180,405,0,0
1784445663336358936,0,84642,34,2940,13801,3,0
1784445663336358936,1,18860,29,180,405,0,0
1784445663386359343,0,84642,34,2940,13801,3,0
1784445663386359343,1,18860,29,180,405,0,0
1784445663436358839,0,84642,34,2940,13801,3,0
1784445663436358839,1,18860,29,180,405,0,0
1784445663486359429,0,84642,34,2940,13801,3,0
1784445663486359429,1,18860,29,180,405,0,0
1784445663536359520,0,84642,34,2940,13801,3,0
1784445663536359520,1,18860,29,180,405,0,0
1784445663586359959,0,84642,34,2940,13801,3,0
1784445663586359959,1,18695,29,180,405,0,0
1784445663636358690,0,84642,34,2940,13801,3,0
1784445663636358690,1,18695,29,180,405,0,0
1784445663686359419,0,84642,34,2940,13801,3,0
1784445663686359419,1,18695,29,180,405,0,0
1784445663736359238,0,84642,34,2940,13801,3,0
1784445663736359238,1,18695,29,180,405,0,0
1784445663786359470,0,88907,34,2797,13801,12,2
1784445663786359470,1,18695,29,180,405,0,0
1784445663836357332,0,88907,34,2797,13801,12,2
1784445663836357332,1,18695,29,180,405,0,0
1784445663886359316,0,88907,34,2797,13801,12,2
1784445663886359316,1,18695,29,180,405,0,0
1784445663936359404,0,88907,34,2797,13801,12,2
1784445663936359404,1,18695,29,180,405,0,0
1784445663986357532,0,88907,34,2797,13801,12,2
1784445663986357532,1,18695,29,180,405,0,0
1784445664036358537,0,88907,34,2797,13801,12,2
1784445664036358537,1,18695,29,180,405,0,0
1784445664086361370,0,88907,34,2797,13801,12,2
1784445664086361370,1,18695,29,180,405,0,0
1784445664136358739,0,88907,34,2797,13801,12,2
1784445664136358739,1,18695,29,180,405,0,0
1784445664186357316,0,88907,34,2797,13801,12,2
1784445664186357316,1,18695,29,180,405,0,0
1784445664236360215,0,88907,34,2797,13801,12,2
1784445664236360215,1,18695,29,180,405,0,0
1784445664286359138,0,97910,34,2932,13801,14,2
1784445664286359138,1,18695,29,180,405,0,0
1784445664336358884,0,97910,34,2932,13801,14,2
1784445664336358884,1,18695,29,180,405,0,0
1784445664386359605,0,97910,34,2932,13801,14,2
1784445664386359605,1,18695,29,180,405,0,0
1784445664436357518,0,97910,34,2932,13801,14,2
1784445664436357518,1,18695,29,180,405,0,0
1784445664486360005,0,97910,34,2932,13801,14,2
1784445664486360005,1,18695,29,180,405,0,0
1784445664536359043,0,97910,34,2932,13801,14,2
1784445664536359043,1,18695,29,180,405,0,0
1784445664586359737,0,97910,34,2932,13801,14,2
1784445664586359737,1,18660,29,172,405,0,0
1784445664636357011,0,97910,34,2932,13801,14,2
1784445664636357011,1,18660,29,172,405,0,0
1784445664686357801,0,97910,34,2932,13801,14,2
1784445664686357801,1,18660,29,172,405,0,0
1784445664736360910,0,97910,34,2932,13801,14,2
1784445664736360910,1,18660,29,172,405,0,0
1784445664786357980,0,105027,35,2932,13801,15,3
1784445664786357980,1,18660,29,172,405,0,0
1784445664836359375,0,105027,35,2932,13801,15,3
1784445664836359375,1,18660,29,172,405,0,0
1784445664886360881,0,105027,35,2932,13801,15,3
1784445664886360881,1,18660,29,172,405,0,0
1784445664936361190,0,105027,35,2932,13801,15,3
1784445664936361190,1,18660,29,172,405,0,0
1784445664986360256,0,105027,35,2932,13801,15,3
1784445664986360256,1,18660,29,172,405,0,0
1784445665036359582,0,105027,35,2932,13801,15,3
1784445665036359582,1,18660,29,172,405,0,0
1784445665086358463,0,105027,35,2932,13801,15,3
1784445665086358463,1,18660,29,172,405,0,0
1784445665136358363,0,105027,35,2932,13801,15,3
1784445665136358363,1,18660,29,172,405,0,0
1784445665186359014,0,105027,35,2932,13801,15,3
1784445665186359014,1,18660,29,172,405,0,0
1784445665236362497,0,105027,35,2932,13801,15,3
1784445665236362497,1,18660,29,172,405,0,0
1784445665286358470,0,100854,34,2932,13801,14,2
1784445665286358470,1,18660,29,172,405,0,0
1784445665336359908,0,100854,34,2932,13801,14,2
1784445665336359908,1,18660,29,172,405,0,0
1784445665386364119,0,100854,34,2932,13801,14,2
1784445665386364119,1,18660,29,172,405,0,0
1784445665436368726,0,100854,34,2932,13801,14,2
1784445665436368726,1,18660,29,172,405,0,0
1784445665486367242,0,100854,34,2932,13801,14,2
1784445665486367242,1,18660,29,172,405,0,0
1784445665536360466,0,100854,34,2932,13801,14,2
1784445665536360466,1,18660,29,172,405,0,0
1784445665586359477,0,100854,34,2932,13801,14,2
1784445665586359477,1,18848,29,180,405,0,0
1784445665636359198,0,100854,34,2932,13801,14,2
1784445665636359198,1,18848,29,180,405,0,0
1784445665686361687,0,100854,34,2932,13801,14,2
1784445665686361687,1,18848,29,180,405,0,0
1784445665736361781,0,100854,34,2932,13801,14,2
1784445665736361781,1,18848,29,180,405,0,0
1784445665786361047,0,79113,33,2400,13801,1,0
1784445665786361047,1,18848,29,180,405,0,0
1784445665836359723,0,79113,33,2400,13801,1,0
1784445665836359723,1,18848,29,180,405,0,0
1784445665886359928,0,79113,33,2400,13801,1,0
1784445665886359928,1,18848,29,180,405,0,0
1784445665936361221,0,79113,33,2400,13801,1,0
1784445665936361221,1,18848,29,180,405,0,0
1784445665986360047,0,79113,33,2400,13801,1,0
1784445665986360047,1,18848,29,180,405,0,0
1784445666036361347,0,79113,33,2400,13801,1,0
1784445666036361347,1,18848,29,180,405,0,0
1784445666086359668,0,79113,33,2400,13801,1,0
1784445666086359668,1,18848,29,180,405,0,0
1784445666136359154,0,79113,33,2400,13801,1,0
1784445666136359154,1,18848,29,180,405,0,0
1784445666186362726,0,79113,33,2400,13801,1,0
1784445666186362726,1,18848,29,180,405,0,0
1784445666236377460,0,79113,33,2400,13801,1,0
1784445666236377460,1,18848,29,180,405,0,0
1784445666286366130,0,56789,32,2400,13801,0,0
1784445666286366130,1,18848,29,180,405,0,0
1784445666336362246,0,56789,32,2400,13801,0,0
1784445666336362246,1,18848,29,180,405,0,0
1784445666386360631,0,56789,32,2400,13801,0,0
1784445666386360631,1,18848,29,180,405,0,0
1784445666436358467,0,56789,32,2400,13801,0,0
1784445666436358467,1,18848,29,180,405,0,0
1784445666486367886,0,56789,32,2400,13801,0,0
1784445666486367886,1,18848,29,180,405,0,0
1784445666536360320,0,56789,32,2400,13801,0,0
1784445666536360320,1,18848,29,180,405,0,0
1784445666586369710,0,56789,32,2400,13801,0,0
1784445666586369710,1,18905,29,180,405,0,0
1784445666636360892,0,56789,32,2400,13801,0,0
1784445666636360892,1,18905,29,180,405,0,0
1784445666686359153,0,56789,32,2400,13801,0,0
1784445666686359153,1,18905,29,180,405,0,0
1784445666736359372,0,56789,32,2400,13801,0,0
1784445666736359372,1,18905,29,180,405,0,0
1784445666786358944,0,56260,32,2407,13801,1,0
1784445666786358944,1,18905,29,180,405,0,0
1784445666836358785,0,56260,32,2407,13801,1,0
1784445666836358785,1,18905,29,180,405,0,0
1784445666886358804,0,56260,32,2407,13801,1,0
1784445666886358804,1,18905,29,180,405,0,0
1784445666936359193,0,56260,32,2407,13801,1,0
1784445666936359193,1,18905,29,180,405,0,0
1784445666986359712,0,56260,32,2407,13801,1,0
1784445666986359712,1,18905,29,180,405,0,0
1784445667036358764,0,56260,32,2407,13801,1,0
1784445667036358764,1,18905,29,180,405,0,0
1784445667086358508,0,56260,32,2407,13801,1,0
1784445667086358508,1,18905,29,180,405,0,0
1784445667136363211,0,56260,32,2407,13801,1,0
1784445667136363211,1,18905,29,180,405,0,0
1784445667186358755,0,56260,32,2407,13801,1,0
1784445667186358755,1,18905,29,180,405,0,0
1784445667236358717,0,56260,32,2407,13801,1,0
1784445667236358717,1,18905,29,180,405,0,0
1784445667286351199,0,125110,46,2490,13801,45,3
1784445667286351199,1,18905,29,180,405,0,0
1784445667336357948,0,125110,46,2490,13801,45,3
1784445667336357948,1,18905,29,180,405,0,0
1784445667386351370,0,125110,46,2490,13801,45,3
1784445667386351370,1,18905,29,180,405,0,0
1784445667436359757,0,125110,46,2490,13801,45,3
1784445667436359757,1,18905,29,180,405,0,0
1784445667486354381,0,125110,46,2490,13801,45,3
1784445667486354381,1,18905,29,180,405,0,0
1784445667536358285,0,125110,46,2490,13801,45,3
1784445667536358285,1,18905,29,180,405,0,0
1784445667586352645,0,125110,46,2490,13801,45,3
1784445667586352645,1,18884,29,180,405,0,0
1784445667636359516,0,125110,46,2490,13801,45,3
1784445667636359516,1,18884,29,180,405,0,0
1784445667686352128,0,125110,46,2490,13801,45,3
1784445667686352128,1,18884,29,180,405,0,0
1784445667736361533,0,125110,46,2490,13801,45,3
1784445667736361533,1,18884,29,180,405,0,0
1784445667786354317,0,381159,55,2865,13801,100,8
1784445667786354317,1,18884,29,180,405,0,0
1784445667836359902,0,381159,55,2865,13801,100,8
1784445667836359902,1,18884,29,180,405,0,0
1784445667886352265,0,381159,55,2865,13801,100,8
1784445667886352265,1,18884,29,180,405,0,0
1784445667936359017,0,381159,55,2865,13801,100,8
1784445667936359017,1,18884,29,180,405,0,0
1784445667986352953,0,381159,55,2865,13801,100,8
1784445667986352953,1,18884,29,180,405,0,0
1784445668036358216,0,381159,55,2865,13801,100,8
1784445668036358216,1,18884,29,180,405,0,0
1784445668086363109,0,381159,55,2865,13801,100,8
1784445668086363109,1,18884,29,180,405,0,0
1784445668136370725,0,381159,55,2865,13801,100,8
1784445668136370725,1,18884,29,180,405,0,0
1784445668186351505,0,381159,55,2865,13801,100,8
1784445668186351505,1,18884,29,180,405,0,0
1784445668236363237,0,381159,55,2865,13801,100,8
1784445668236363237,1,18884,29,180,405,0,0
1784445668286361375,0,570356,56,2865,13801,100,8
1784445668286361375,1,18884,29,180,405,0,0
1784445668336361804,0,570356,56,2865,13801,100,8
1784445668336361804,1,18884,29,180,405,0,0
1784445668386355235,0,570356,56,2865,13801,100,8
1784445668386355235,1,18884,29,180,405,0,0
1784445668436358771,0,570356,56,2865,13801,100,8
1784445668436358771,1,18884,29,180,405,0,0
1784445668486351680,0,570356,56,2865,13801,100,8
1784445668486351680,1,18884,29,180,405,0,0
1784445668536357893,0,570356,56,2865,13801,100,8
1784445668536357893,1,18884,29,180,405,0,0
1784445668586351946,0,570356,56,2865,13801,100,8
1784445668586351946,1,18735,29,180,405,0,0
1784445668636362222,0,570356,56,2865,13801,100,8
1784445668636362222,1,18735,29,180,405,0,0
1784445668686361137,0,570356,56,2865,13801,100,8
1784445668686361137,1,18735,29,180,405,0,0
1784445668736361115,0,570356,56,2865,13801,100,8
1784445668736361115,1,18735,29,180,405,0,0
1784445668786360630,0,577303,57,2865,13801,100,8
1784445668786360630,1,18735,29,180,405,0,0
1784445668836361233,0,577303,57,2865,13801,100,8
1784445668836361233,1,18735,29,180,405,0,0
1784445668886364734,0,577303,57,2865,13801,100,8
1784445668886364734,1,18735,29,180,405,0,0
1784445668936361828,0,577303,57,2865,13801,100,8
1784445668936361828,1,18735,29,180,405,0,0
1784445668986358208,0,577303,57,2865,13801,100,8
1784445668986358208,1,18735,29,180,405,0,0
1784445669036360482,0,577303,57,2865,13801,100,8
1784445669036360482,1,18735,29,180,405,0,0
1784445669086363370,0,577303,57,2865,13801,100,8
1784445669086363370,1,18735,29,180,405,0,0
1784445669136364925,0,577303,57,2865,13801,100,8
1784445669136364925,1,18735,29,180,405,0,0
1784445669186359898,0,577303,57,2865,13801,100,8
1784445669186359898,1,18735,29,180,405,0,0
1784445669236361366,0,577303,57,2865,13801,100,8
1784445669236361366,1,18735,29,180,405,0,0
1784445669286354251,0,579978,58,2857,13801,100,7
1784445669286354251,1,18735,29,180,405,0,0
1784445669336362136,0,579978,58,2857,13801,100,7
1784445669336362136,1,18735,29,180,405,0,0
1784445669386359688,0,579978,58,2857,13801,100,7
1784445669386359688,1,18735,29,180,405,0,0
1784445669436362655,0,579978,58,2857,13801,100,7
1784445669436362655,1,18735,29,180,405,0,0
1784445669486360970,0,579978,58,2857,13801,100,7
1784445669486360970,1,18735,29,180,405,0,0
1784445669536358547,0,579978,58,2857,13801,100,7
1784445669536358547,1,18735,29,180,405,0,0
1784445669586362408,0,579978,58,2857,13801,100,7
1784445669586362408,1,18630,29,180,405,0,0
1784445669636360830,0,579978,58,2857,13801,100,7
1784445669636360830,1,18630,29,180,405,0,0
1784445669686351855,0,579978,58,2857,13801,100,7
1784445669686351855,1,18630,29,180,405,0,0
1784445669736360192,0,579978,58,2857,13801,100,7
1784445669736360192,1,18630,29,180,405,0,0
1784445669786352029,0,579978,58,2857,13801,100,7
1784445669786352029,1,18630,29,180,405,0,0
1784445669836359791,0,579978,58,2857,13801,100,7
1784445669836359791,1,18630,29,180,405,0,0
1784445669886351541,0,579978,58,2857,13801,100,7
1784445669886351541,1,18630,29,180,405,0,0
1784445669936363820,0,579978,58,2857,13801,100,7
1784445669936363820,1,18630,29,180,405,0,0
1784445669986353157,0,579978,58,2857,13801,100,7
1784445669986353157,1,18630,29,180,405,0,0
1784445670036359092,0,579978,58,2857,13801,100,7
1784445670036359092,1,18630,29,180,405,0,0
1784445670086354641,0,579978,58,2857,13801,100,7
1784445670086354641,1,18630,29,180,405,0,0
1784445670136359196,0,579978,58,2857,13801,100,7
1784445670136359196,1,18630,29,180,405,0,0
1784445670186352364,0,579178,58,2857,13801,100,7
1784445670186352364,1,18630,29,180,405,0,0
1784445670236366210,0,579178,58,2857,13801,100,1
1784445670236366210,1,18630,29,180,405,0,0
1784445670286360771,0,579178,58,2857,13801,100,1
1784445670286360771,1,18630,29,180,405,0,0
1784445670336359402,0,579178,58,2857,13801,100,1
1784445670336359402,1,18630,29,180,405,0,0
1784445670386359950,0,579178,58,2857,13801,100,1
1784445670386359950,1,18630,29,180,405,0,0
1784445670436360754,0,579178,58,2857,13801,100,1
1784445670436360754,1,18630,29,180,405,0,0
1784445670486360650,0,579178,58,2857,13801,100,1
1784445670486360650,1,18630,29,180,405,0,0
1784445670536364494,0,579178,58,2857,13801,100,1
1784445670536364494,1,18630,29,180,405,0,0
1784445670586359129,0,579178,58,2857,13801,100,1
1784445670586359129,1,18680,29,180,405,0,0
1784445670636359926,0,577582,59,2842,13801,100,1
1784445670636359926,1,18680,29,180,405,0,0
1784445670686358794,0,577582,59,2842,13801,100,1
1784445670686358794,1,18680,29,180,405,0,0
1784445670736359010,0,577582,59,2842,13801,100,1
1784445670736359010,1,18680,29,180,405,0,0
1784445670786363833,0,577582,59,2842,13801,100,1
1784445670786363833,1,18680,29,180,405,0,0
1784445670836359885,0,577582,59,2842,13801,100,1
1784445670836359885,1,18680,29,180,405,0,0
1784445670886358239,0,577582,59,2842,13801,100,1
1784445670886358239,1,18680,29,180,405,0,0
1784445670936358988,0,577582,59,2842,13801,100,1
1784445670936358988,1,18680,29,180,405,0,0
1784445670986361521,0,577582,59,2842,13801,100,1
1784445670986361521,1,18680,29,180,405,0,0
1784445671036363985,0,577582,59,2842,13801,100,1
1784445671036363985,1,18680,29,180,405,0,0
1784445671086362534,0,577582,59,2842,13801,100,1
1784445671086362534,1,18680,29,180,405,0,0
1784445671136360089,0,388760,42,2910,13801,2,0
1784445671136360089,1,18680,29,180,405,0,0
1784445671186360272,0,388760,42,2910,13801,2,0
1784445671186360272,1,18680,29,180,405,0,0
1784445671236361481,0,388760,42,2910,13801,2,0
1784445671236361481,1,18680,29,180,405,0,0
1784445671286358285,0,388760,42,2910,13801,2,0
1784445671286358285,1,18680,29,180,405,0,0
1784445671336359175,0,388760,42,2910,13801,2,0
1784445671336359175,1,18680,29,180,405,0,0
1784445671386357880,0,388760,42,2910,13801,2,0
1784445671386357880,1,18680,29,180,405,0,0
1784445671436358766,0,388760,42,2910,13801,2,0
1784445671436358766,1,18680,29,180,405,0,0
1784445671486373952,0,388760,42,2910,13801,2,0
1784445671486373952,1,18680,29,180,405,0,0
1784445671536362898,0,388760,42,2910,13801,2,0
1784445671536362898,1,18680,29,180,405,0,0
1784445671586359139,0,388760,42,2910,13801,2,0
1784445671586359139,1,18704,29,172,405,0,0
1784445671636358331,0,127357,39,2932,13801,3,3
1784445671636358331,1,18704,29,172,405,0,0
1784445671686359767,0,127357,39,2932,13801,3,3
1784445671686359767,1,18704,29,172,405,0,0
1784445671736356541,0,127357,39,2932,13801,3,3
1784445671736356541,1,18704,29,172,405,0,0
1784445671786357616,0,127357,39,2932,13801,3,3
1784445671786357616,1,18704,29,172,405,0,0
1784445671836358670,0,127357,39,2932,13801,3,3
1784445671836358670,1,18704,29,172,405,0,0
1784445671886358496,0,127357,39,2932,13801,3,3
1784445671886358496,1,18704,29,172,405,0,0
1784445671936359694,0,127357,39,2932,13801,3,3
1784445671936359694,1,18704,29,172,405,0,0
1784445671986358697,0,127357,39,2932,13801,3,3
1784445671986358697,1,18704,29,172,405,0,0
1784445672036359445,0,127357,39,2932,13801,3,3
1784445672036359445,1,18704,29,172,405,0,0
1784445672086359694,0,127357,39,2932,13801,3,3
1784445672086359694,1,18704,29,172,405,0,0
1784445672136359568,0,114209,39,2925,13801,0,0
1784445672136359568,1,18704,29,172,405,0,0
1784445672186357286,0,114209,39,2925,13801,0,0
1784445672186357286,1,18704,29,172,405,0,0
1784445672236376155,0,114209,39,2925,13801,0,0
1784445672236376155,1,18704,29,172,405,0,0
1784445672286376895,0,114209,39,2925,13801,0,0
1784445672286376895,1,18704,29,172,405,0,0
1784445672336377218,0,114209,39,2925,13801,0,0
1784445672336377218,1,18704,29,172,405,0,0
1784445672386375320,0,114209,39,2925,13801,0,0
1784445672386375320,1,18704,29,172,405,0,0
1784445672436379370,0,114209,39,2925,13801,0,0
1784445672436379370,1,18704,29,172,405,0,0
1784445672486373366,0,114209,39,2925,13801,0,0
1784445672486373366,1,18704,29,172,405,0,0
1784445672536368502,0,114209,39,2925,13801,0,0
1784445672536368502,1,18704,29,172,405,0,0
1784445672586367555,0,114209,39,2925,13801,0,0
1784445672586367555,1,18638,28,180,405,0,0
1784445672636371601,0,112674,37,2932,13801,0,0
1784445672636371601,1,18638,28,180,405,0,0
1784445672686375930,0,112674,37,2932,13801,0,0
1784445672686375930,1,18638,28,180,405,0,0
1784445672736375570,0,112674,37,2932,13801,0,0
1784445672736375570,1,18638,28,180,405,0,0
1784445672786370886,0,112674,37,2932,13801,0,0
1784445672786370886,1,18638,28,180,405,0,0
1784445672836372951,0,112674,37,2932,13801,0,0
1784445672836372951,1,18638,28,180,405,0,0
1784445672886375999,0,112674,37,2932,13801,0,0
1784445672886375999,1,18638,28,180,405,0,0
1784445672936380840,0,112674,37,2932,13801,0,0
1784445672936380840,1,18638,28,180,405,0,0
1784445672986376793,0,112674,37,2932,13801,0,0
1784445672986376793,1,18638,28,180,405,0,0
1784445673036380986,0,112674,37,2932,13801,0,0
1784445673036380986,1,18638,28,180,405,0,0
1784445673086376032,0,112674,37,2932,13801,0,0
1784445673086376032,1,18638,28,180,405,0,0
1784445673136375061,0,71920,36,2400,13801,0,0
1784445673136375061,1,18638,28,180,405,0,0
1784445673186371490,0,71920,36,2400,13801,0,0
1784445673186371490,1,18638,28,180,405,0,0
1784445673236374752,0,71920,36,2400,13801,0,0
1784445673236374752,1,18638,28,180,405,0,0
1784445673286372150,0,71920,36,2400,13801,0,0
1784445673286372150,1,18638,28,180,405,0,0
1784445673336373373,0,71920,36,2400,13801,0,0
1784445673336373373,1,18638,28,180,405,0,0
1784445673386370194,0,71920,36,2400,13801,0,0
1784445673386370194,1,18638,28,180,405,0,0
1784445673436370751,0,71920,36,2400,13801,0,0
1784445673436370751,1,18638,28,180,405,0,0
1784445673486369970,0,71920,36,2400,13801,0,0
1784445673486369970,1,18638,28,180,405,0,0
1784445673536368066,0,71920,36,2400,13801,0,0
1784445673536368066,1,18638,28,180,405,0,0
1784445673586372205,0,71920,36,2400,13801,0,0
1784445673586372205,1,18867,28,180,405,0,0
1784445673636373964,0,59301,35,2400,13801,0,0
1784445673636373964,1,18867,28,180,405,0,0
1784445673686373605,0,59301,35,2400,13801,0,0
1784445673686373605,1,18867,28,180,405,0,0
1784445673736369860,0,59301,35,2400,13801,0,0
1784445673736369860,1,18867,28,180,405,0,0
1784445673786368160,0,59301,35,2400,13801,0,0
1784445673786368160,1,18867,28,180,405,0,0
1784445673836369763,0,59301,35,2400,13801,0,0
1784445673836369763,1,18867,28,180,405,0,0
1784445673886366541,0,59301,35,2400,13801,0,0
1784445673886366541,1,18867,28,180,405,0,0
1784445673936368490,0,59301,35,2400,13801,0,0
1784445673936368490,1,18867,28,180,405,0,0
1784445673986365617,0,59301,35,2400,13801,0,0
1784445673986365617,1,18867,28,180,405,0,0
1784445674036367847,0,59301,35,2400,13801,0,0
1784445674036367847,1,18867,28,180,405,0,0
1784445674086367242,0,59301,35,2400,13801,0,0
1784445674086367242,1,18867,28,180,405,0,0
1784445674136365471,0,58212,35,2400,13801,0,0
1784445674136365471,1,18867,28,180,405,0,0
1784445674186367317,0,58212,35,2400,13801,0,0
1784445674186367317,1,18867,28,180,405,0,0
1784445674236369830,0,58212,35,2400,13801,0,0
1784445674236369830,1,18867,28,180,405,0,0
1784445674286372378,0,58212,35,2400,13801,0,0
1784445674286372378,1,18867,28,180,405,0,0
1784445674336371085,0,58212,35,2400,13801,0,0
1784445674336371085,1,18867,28,180,405,0,0
1784445674386368736,0,58212,35,2400,13801,0,0
1784445674386368736,1,18867,28,180,405,0,0
1784445674436368318,0,58212,35,2400,13801,0,0
1784445674436368318,1,18867,28,180,405,0,0
1784445674486368243,0,58212,35,2400,13801,0,0
1784445674486368243,1,18867,28,180,405,0,0
1784445674536367847,0,58212,35,2400,13801,0,0
1784445674536367847,1,18867,28,180,405,0,0
1784445674586372482,0,58212,35,2400,13801,0,0
1784445674586372482,1,18737,28,180,405,0,0
1784445674636374352,0,57770,35,2400,13801,0,0
1784445674636374352,1,18737,28,180,405,0,0
1784445674686374092,0,57770,35,2400,13801,0,0
1784445674686374092,1,18737,28,180,405,0,0
1784445674736369814,0,57770,35,2400,13801,0,0
1784445674736369814,1,18737,28,180,405,0,0
1784445674786370941,0,57770,35,2400,13801,0,0
1784445674786370941,1,18737,28,180,405,0,0
1784445674836374067,0,57770,35,2400,13801,0,0
1784445674836374067,1,18737,28,180,405,0,0
1784445674886370267,0,57770,35,2400,13801,0,0
1784445674886370267,1,18737,28,180,405,0,0
1784445674936373881,0,57770,35,2400,13801,0,0
1784445674936373881,1,18737,28,180,405,0,0
1784445674986372386,0,57770,35,2400,13801,0,0
1784445674986372386,1,18737,28,180,405,0,0
1784445675036372808,0,57770,35,2400,13801,0,0
1784445675036372808,1,18737,28,180,405,0,0
1784445675086373195,0,57770,35,2400,13801,0,0
1784445675086373195,1,18737,28,180,405,0,0
1784445675136372326,0,57486,35,2400,13801,0,0
1784445675136372326,1,18737,28,180,405,0,0
1784445675186371125,0,57486,35,2400,13801,0,0
1784445675186371125,1,18737,28,180,405,0,0
1784445675236372387,0,57486,35,2400,13801,0,0
1784445675236372387,1,18737,28,180,405,0,0
1784445675286370055,0,57486,35,2400,13801,0,0
1784445675286370055,1,18737,28,180,405,0,0
1784445675336368567,0,57486,35,2400,13801,0,0
1784445675336368567,1,18737,28,180,405,0,0
1784445675386368126,0,57486,35,2400,13801,0,0
1784445675386368126,1,18737,28,180,405,0,0
1784445675436370959,0,57486,35,2400,13801,0,0
1784445675436370959,1,18737,28,180,405,0,0
1784445675486371035,0,57486,35,2400,13801,0,0
1784445675486371035,1,18737,28,180,405,0,0
1784445675536367579,0,57486,35,2400,13801,0,0
1784445675536367579,1,18737,28,180,405,0,0
1784445675586367271,0,57486,35,2400,13801,0,0
1784445675586367271,1,18709,28,180,405,0,0
1784445675636369634,0,57281,35,2400,13801,0,0
1784445675636369634,1,18709,28,180,405,0,0
1784445675686368472,0,57281,35,2400,13801,0,0
1784445675686368472,1,18709,28,180,405,0,0
1784445675736373955,0,57281,35,2400,13801,0,0
1784445675736373955,1,18709,28,180,405,0,0
1784445675786376189,0,57281,35,2400,13801,0,0
1784445675786376189,1,18709,28,180,405,0,0
1784445675836371293,0,57281,35,2400,13801,0,0
1784445675836371293,1,18709,28,180,405,0,0
1784445675886370382,0,57281,35,2400,13801,0,0
1784445675886370382,1,18709,28,180,405,0,0
1784445675936369413,0,57281,35,2400,13801,0,0
1784445675936369413,1,18709,28,180,405,0,0
1784445675986367225,0,57281,35,2400,13801,0,0
1784445675986367225,1,18709,28,180,405,0,0
1784445676036367193,0,57281,35,2400,13801,0,0
1784445676036367193,1,18709,28,180,405,0,0
1784445676086367785,0,57281,35,2400,13801,0,0
1784445676086367785,1,18709,28,180,405,0,0
1784445676136372928,0,57181,34,2400,13801,0,0
1784445676136372928,1,18709,28,180,405,0,0
1784445676186373967,0,57181,34,2400,13801,0,0
1784445676186373967,1,18709,28,180,405,0,0
1784445676236373545,0,57181,34,2400,13801,0,0
1784445676236373545,1,18709,28,180,405,0,0
1784445676286371625,0,57181,34,2400,13801,0,0
1784445676286371625,1,18709,28,180,405,0,0
1784445676336373437,0,57181,34,2400,13801,0,0
1784445676336373437,1,18709,28,180,405,0,0
1784445676386372893,0,57181,34,2400,13801,0,0
1784445676386372893,1,18709,28,180,405,0,0
1784445676436372868,0,57181,34,2400,13801,0,0
1784445676436372868,1,18709,28,180,405,0,0
1784445676486371294,0,57181,34,2400,13801,0,0
1784445676486371294,1,18709,28,180,405,0,0
1784445676536369830,0,57181,34,2400,13801,0,0
1784445676536369830,1,18709,28,180,405,0,0
1784445676586370154,0,57181,34,2400,13801,0,0
1784445676586370154,1,18755,28,180,405,0,0
1784445676636369701,0,57052,34,2400,13801,0,0
1784445676636369701,1,18755,28,180,405,0,0
1784445676686368679,0,57052,34,2400,13801,0,0
1784445676686368679,1,18755,28,180,405,0,0
1784445676736366275,0,57052,34,2400,13801,0,0
1784445676736366275,1,18755,28,180,405,0,0
1784445676786368541,0,57052,34,2400,13801,0,0
1784445676786368541,1,18755,28,180,405,0,0
1784445676836367267,0,57052,34,2400,13801,0,0
1784445676836367267,1,18755,28,180,405,0,0
1784445676886366162,0,57052,34,2400,13801,0,0
1784445676886366162,1,18755,28,180,405,0,0
1784445676936367541,0,57052,34,2400,13801,0,0
1784445676936367541,1,18755,28,180,405,0,0
1784445676986369747,0,57052,34,2400,13801,0,0
1784445676986369747,1,18755,28,180,405,0,0
1784445677036369327,0,57052,34,2400,13801,0,0
1784445677036369327,1,18755,28,180,405,0,0
1784445677086372453,0,57052,34,2400,13801,0,0
1784445677086372453,1,18755,28,180,405,0,0
1784445677136368317,0,56843,34,2400,13801,0,0
1784445677136368317,1,18755,28,180,405,0,0
1784445677186370831,0,56843,34,2400,13801,0,0
1784445677186370831,1,18755,28,180,405,0,0
1784445677236372708,0,56843,34,2400,13801,0,0
1784445677236372708,1,18755,28,180,405,0,0
1784445677286370109,0,56843,34,2400,13801,0,0
1784445677286370109,1,18755,28,180,405,0,0
1784445677336369896,0,56843,34,2400,13801,0,0
1784445677336369896,1,18755,28,180,405,0,0
1784445677386368644,0,56843,34,2400,13801,0,0
1784445677386368644,1,18755,28,180,405,0,0
1784445677436366293,0,56843,34,2400,13801,0,0
1784445677436366293,1,18755,28,180,405,0,0
1784445677486370314,0,56843,34,2400,13801,0,0
1784445677486370314,1,18755,28,180,405,0,0
1784445677536375373,0,56843,34,2400,13801,0,0
1784445677536375373,1,18755,28,180,405,0,0
1784445677586366111,0,56843,34,2400,13801,0,0
1784445677586366111,1,18736,28,180,405,0,0
1784445677636370471,0,57001,34,2400,13801,0,0
1784445677636370471,1,18736,28,180,405,0,0
1784445677686364863,0,57001,34,2400,13801,0,0
1784445677686364863,1,18736,28,180,405,0,0
1784445677736376229,0,57001,34,2400,13801,0,0
1784445677736376229,1,18736,28,180,405,0,0
1784445677786372048,0,57001,34,2400,13801,0,0
1784445677786372048,1,18736,28,180,405,0,0
1784445677836373814,0,57001,34,2400,13801,0,0
1784445677836373814,1,18736,28,180,405,0,0
1784445677886370437,0,57001,34,2400,13801,0,0
1784445677886370437,1,18736,28,180,405,0,0
1784445677936377574,0,57001,34,2400,13801,0,0
1784445677936377574,1,18736,28,180,405,0,0
1784445677986372004,0,57001,34,2400,13801,0,0
1784445677986372004,1,18736,28,180,405,0,0
1784445678036368544,0,57001,34,2400,13801,0,0
1784445678036368544,1,18736,28,180,405,0,0
1784445678086368400,0,57001,34,2400,13801,0,0
1784445678086368400,1,18736,28,180,405,0,0
1784445678136379571,0,56967,34,2400,13801,0,0
1784445678136379571,1,18736,28,180,405,0,0
1784445678186354137,0,56967,34,2400,13801,0,0
1784445678186354137,1,18736,28,180,405,0,0
1784445678236360687,0,56967,34,2400,13801,0,0
1784445678236360687,1,18736,28,180,405,0,0
1784445678286352010,0,56967,34,2400,13801,0,0
1784445678286352010,1,18736,28,180,405,0,0
1784445678336363557,0,56967,34,2400,13801,0,0
1784445678336363557,1,18736,28,180,405,0,0
1784445678386366810,0,56967,34,2400,13801,0,0
1784445678386366810,1,18736,28,180,405,0,0
1784445678436362658,0,56967,34,2400,13801,0,0
1784445678436362658,1,18736,28,180,405,0,0
1784445678486362631,0,56967,34,2400,13801,0,0
1784445678486362631,1,18736,28,180,405,0,0
1784445678536364185,0,56967,34,2400,13801,0,0
1784445678536364185,1,18736,28,180,405,0,0
1784445678586363077,0,56967,34,2400,13801,0,0
1784445678586363077,1,18597,28,172,405,0,0
1784445678636365210,0,56797,34,2400,13801,0,0
1784445678636365210,1,18597,28,172,405,0,0
1784445678686360222,0,56797,34,2400,13801,0,0
1784445678686360222,1,18597,28,172,405,0,0
1784445678736360558,0,56797,34,2400,13801,0,0
1784445678736360558,1,18597,28,172,405,0,0
1784445678786359348,0,56797,34,2400,13801,0,0
1784445678786359348,1,18597,28,172,405,0,0
1784445678836365163,0,56797,34,2400,13801,0,0
1784445678836365163,1,18597,28,172,405,0,0
1784445678886349827,0,56797,34,2400,13801,0,0
1784445678886349827,1,18597,28,172,405,0,0
1784445678936361679,0,56797,34,2400,13801,0,0
1784445678936361679,1,18597,28,172,405,0,0
1784445678986353769,0,56797,34,2400,13801,0,0
1784445678986353769,1,18597,28,172,405,0,0
1784445679036359040,0,56797,34,2400,13801,0,0
1784445679036359040,1,18597,28,172,405,0,0
1784445679086353501,0,56797,34,2400,13801,0,0
1784445679086353501,1,18597,28,172,405,0,0
1784445679136357903,0,56701,34,2400,13801,0,0
1784445679136357903,1,18597,28,172,405,0,0
1784445679186358497,0,56701,34,2400,13801,0,0
1784445679186358497,1,18597,28,172,405,0,0
1784445679236358734,0,56701,34,2400,13801,0,0
1784445679236358734,1,18597,28,172,405,0,0
1784445679286353520,0,56701,34,2400,13801,0,0
1784445679286353520,1,18597,28,172,405,0,0
1784445679336362813,0,56701,34,2400,13801,0,0
1784445679336362813,1,18597,28,172,405,0,0
1784445679386352720,0,56701,34,2400,13801,0,0
1784445679386352720,1,18597,28,172,405,0,0
1784445679436360837,0,56701,34,2400,13801,0,0
1784445679436360837,1,18597,28,172,405,0,0
1784445679486361202,0,56701,34,2400,13801,0,0
1784445679486361202,1,18597,28,172,405,0,0
1784445679536395673,0,56701,34,2400,13801,0,0
1784445679536395673,1,18597,28,172,405,0,0
1784445679586355733,0,56701,34,2400,13801,0,0
1784445679586355733,1,18563,28,180,405,0,0
1784445679636360902,0,56667,34,2400,13801,0,0
1784445679636360902,1,18563,28,180,405,0,0
1784445679686366931,0,56667,34,2400,13801,0,0
1784445679686366931,1,18563,28,180,405,0,0
1784445679736362447,0,56667,34,2400,13801,0,0
1784445679736362447,1,18563,28,180,405,0,0
1784445679786359034,0,56667,34,2400,13801,0,0
1784445679786359034,1,18563,28,180,405,0,0
1784445679836359004,0,56667,34,2400,13801,0,0
1784445679836359004,1,18563,28,180,405,0,0
1784445679886354239,0,56667,34,2400,13801,0,0
1784445679886354239,1,18563,28,180,405,0,0
1784445679936361528,0,56667,34,2400,13801,0,0
1784445679936361528,1,18563,28,180,405,0,0
1784445679986362727,0,56667,34,2400,13801,0,0
1784445679986362727,1,18563,28,180,405,0,0
1784445680036361319,0,56667,34,2400,13801,0,0
1784445680036361319,1,18563,28,180,405,0,0
1784445680086362206,0,56667,34,2400,13801,0,0
1784445680086362206,1,18563,28,180,405,0,0
1784445680136359787,0,56723,34,2400,13801,0,0
1784445680136359787,1,18563,28,180,405,0,0
1784445680186363476,0,56723,34,2400,13801,0,0
1784445680186363476,1,18563,28,180,405,0,0
1784445680236364162,0,56723,34,2400,13801,0,0
1784445680236364162,1,18563,28,180,405,0,0
1784445680286361429,0,56723,34,2400,13801,0,0
1784445680286361429,1,18563,28,180,405,0,0
1784445680336359521,0,56723,34,2400,13801,0,0
1784445680336359521,1,18563,28,180,405,0,0
1784445680386361155,0,56723,34,2400,13801,0,0
1784445680386361155,1,18563,28,180,405,0,0
1784445680436360048,0,56723,34,2400,13801,0,0
1784445680436360048,1,18563,28,180,405,0,0
1784445680486352805,0,56723,34,2400,13801,0,0
1784445680486352805,1,18563,28,180,405,0,0
1784445680536360607,0,56723,34,2400,13801,0,0
1784445680536360607,1,18563,28,180,405,0,0
1784445680586353041,0,56723,34,2400,13801,0,0
1784445680586353041,1,18531,28,180,405,0,0
1784445680636360473,0,56809,34,2400,13801,0,0
1784445680636360473,1,18531,28,180,405,0,0
1784445680686354184,0,56809,34,2400,13801,0,0
1784445680686354184,1,18531,28,180,405,0,0
1784445680736358880,0,56809,34,2400,13801,0,0
1784445680736358880,1,18531,28,180,405,0,0
1784445680786361688,0,56809,34,2400,13801,0,0
1784445680786361688,1,18531,28,180,405,0,0
1784445680836361070,0,56809,34,2400,13801,0,0
1784445680836361070,1,18531,28,180,405,0,0
1784445680886361423,0,56809,34,2400,13801,0,0
1784445680886361423,1,18531,28,180,405,0,0
1784445680936360342,0,56809,34,2400,13801,0,0
1784445680936360342,1,18531,28,180,405,0,0
1784445680986354056,0,56809,34,2400,13801,0,0
1784445680986354056,1,18531,28,180,405,0,0
1784445681036361152,0,56809,34,2400,13801,0,0
1784445681036361152,1,18531,28,180,405,0,0
1784445681086353986,0,56809,34,2400,13801,0,0
1784445681086353986,1,18531,28,180,405,0,0
1784445681136360934,0,56987,34,2400,13801,0,0
1784445681136360934,1,18531,28,180,405,0,0
1784445681186351370,0,56987,34,2400,13801,0,0
1784445681186351370,1,18531,28,180,405,0,0
1784445681236358187,0,56987,34,2400,13801,0,0
1784445681236358187,1,18531,28,180,405,0,0
1784445681286353074,0,56987,34,2400,13801,0,0
1784445681286353074,1,18531,28,180,405,0,0
1784445681336357851,0,56987,34,2400,13801,0,0
1784445681336357851,1,18531,28,180,405,0,0
1784445681386351288,0,56987,34,2400,13801,0,0
1784445681386351288,1,18531,28,180,405,0,0
1784445681436357704,0,56987,34,2400,13801,0,0
1784445681436357704,1,18531,28,180,405,0,0
1784445681486370938,0,56987,34,2400,13801,0,0
1784445681486370938,1,18531,28,180,405,0,0
1784445681536363180,0,56987,34,2400,13801,0,0
1784445681536363180,1,18531,28,180,405,0,0
1784445681586355035,0,56987,34,2400,13801,0,0
1784445681586355035,1,18459,28,180,405,0,0
1784445681636362650,0,57105,34,2400,13801,0,0
1784445681636362650,1,18459,28,180,405,0,0
1784445681686362094,0,57105,34,2400,13801,0,0
1784445681686362094,1,18459,28,180,405,0,0
1784445681736363174,0,57105,34,2400,13801,0,0
1784445681736363174,1,18459,28,180,405,0,0
1784445681786350981,0,57105,34,2400,13801,0,0
1784445681786350981,1,18459,28,180,405,0,0
1784445681836359671,0,57105,34,2400,13801,0,0
1784445681836359671,1,18459,28,180,405,0,0
1784445681886357634,0,57105,34,2400,13801,0,0
1784445681886357634,1,18459,28,180,405,0,0
1784445681936360554,0,57105,34,2400,13801,0,0
1784445681936360554,1,18459,28,180,405,0,0
1784445681986360540,0,57105,34,2400,13801,0,0
1784445681986360540,1,18459,28,180,405,0,0
1784445682036361598,0,57105,34,2400,13801,0,0
1784445682036361598,1,18459,28,180,405,0,0
1784445682086358962,0,57105,34,2400,13801,0,0
1784445682086358962,1,18459,28,180,405,0,0
1784445682136357851,0,56989,34,2400,13801,0,0
1784445682136357851,1,18459,28,180,405,0,0
1784445682186361189,0,56989,34,2400,13801,0,0
1784445682186361189,1,18459,28,180,405,0,0
1784445682236359978,0,56989,34,2400,13801,0,0
1784445682236359978,1,18459,28,180,405,0,0
1784445682286357127,0,56989,34,2400,13801,0,0
1784445682286357127,1,18459,28,180,405,0,0
1784445682336357509,0,56989,34,2400,13801,0,0
1784445682336357509,1,18459,28,180,405,0,0
1784445682386357567,0,56989,34,2400,13801,0,0
1784445682386357567,1,18459,28,180,405,0,0
1784445682436358145,0,56989,34,2400,13801,0,0
1784445682436358145,1,18459,28,180,405,0,0
1784445682486360263,0,56989,34,2400,13801,0,0
1784445682486360263,1,18459,28,180,405,0,0
1784445682536362008,0,56989,34,2400,13801,0,0
1784445682536362008,1,18459,28,180,405,0,0
1784445682586361067,0,56989,34,2400,13801,0,0
1784445682586361067,1,18792,28,180,405,0,0
1784445682636359348,0,56826,34,2400,13801,0,0
1784445682636359348,1,18792,28,180,405,0,0
1784445682686359447,0,56826,34,2400,13801,0,0
1784445682686359447,1,18792,28,180,405,0,0
1784445682736359726,0,56826,34,2400,13801,0,0
1784445682736359726,1,18792,28,180,405,0,0
1784445682786358641,0,56826,34,2400,13801,0,0
1784445682786358641,1,18792,28,180,405,0,0
1784445682836357107,0,56826,34,2400,13801,0,0
1784445682836357107,1,18792,28,180,405,0,0
1784445682886359780,0,56826,34,2400,13801,0,0
1784445682886359780,1,18792,28,180,405,0,0
1784445682936360316,0,56826,34,2400,13801,0,0
1784445682936360316,1,18792,28,180,405,0,0
1784445682986358620,0,56826,34,2400,13801,0,0
1784445682986358620,1,18792,28,180,405,0,0
1784445683036359692,0,56826,34,2400,13801,0,0
1784445683036359692,1,18792,28,180,405,0,0
1784445683086359697,0,56826,34,2400,13801,0,0
1784445683086359697,1,18792,28,180,405,0,0
1784445683136356892,0,56852,34,2400,13801,0,0
1784445683136356892,1,18792,28,180,405,0,0
1784445683186359332,0,56852,34,2400,13801,0,0
1784445683186359332,1,18792,28,180,405,0,0
1784445683236360265,0,56852,34,2400,13801,0,0
1784445683236360265,1,18792,28,180,405,0,0
1784445683286358739,0,56852,34,2400,13801,0,0
1784445683286358739,1,18792,28,180,405,0,0
1784445683336357125,0,56852,34,2400,13801,0,0
1784445683336357125,1,18792,28,180,405,0,0
1784445683386357310,0,56852,34,2400,13801,0,0
1784445683386357310,1,18792,28,180,405,0,0
1784445683436358204,0,56852,34,2400,13801,0,0
1784445683436358204,1,18792,28,180,405,0,0
1784445683486358301,0,56852,34,2400,13801,0,0
1784445683486358301,1,18792,28,180,405,0,0
1784445683536360792,0,56852,34,2400,13801,0,0
1784445683536360792,1,18792,28,180,405,0,0
1784445683586360444,0,56852,34,2400,13801,0,0
1784445683586360444,1,18962,28,180,405,0,0
1784445683636357157,0,56981,34,2400,13801,0,0
1784445683636357157,1,18962,28,180,405,0,0
1784445683686358858,0,56981,34,2400,13801,0,0
1784445683686358858,1,18962,28,180,405,0,0
1784445683736358770,0,56981,34,2400,13801,0,0
1784445683736358770,1,18962,28,180,405,0,0
1784445683786361856,0,56981,34,2400,13801,0,0
1784445683786361856,1,18962,28,180,405,0,0
1784445683836361039,0,56981,34,2400,13801,0,0
1784445683836361039,1,18962,28,180,405,0,0
1784445683886358629,0,56981,34,2400,13801,0,0
1784445683886358629,1,18962,28,180,405,0,0
1784445683936362573,0,56981,34,2400,13801,0,0
1784445683936362573,1,18962,28,180,405,0,0
1784445683986358873,0,56981,34,2400,13801,0,0
1784445683986358873,1,18962,28,180,405,0,0
1784445684036358879,0,56981,34,2400,13801,0,0
1784445684036358879,1,18962,28,180,405,0,0
1784445684086352455,0,56981,34,2400,13801,0,0
1784445684086352455,1,18962,28,180,405,0,0
1784445684136358158,0,56912,34,2400,13801,0,0
1784445684136358158,1,18962,28,180,405,0,0
1784445684186351871,0,56912,34,2400,13801,0,0
1784445684186351871,1,18962,28,180,405,0,0
1784445684236358551,0,56912,34,2400,13801,0,0
1784445684236358551,1,18962,28,180,405,0,0
1784445684286351098,0,56912,34,2400,13801,0,0
1784445684286351098,1,18962,28,180,405,0,0
1784445684336357789,0,56912,34,2400,13801,0,0
1784445684336357789,1,18962,28,180,405,0,0
1784445684386352071,0,56912,34,2400,13801,0,0
1784445684386352071,1,18962,28,180,405,0,0
1784445684436358459,0,56912,34,2400,13801,0,0
1784445684436358459,1,18962,28,180,405,0,0
1784445684486353209,0,56912,34,2400,13801,0,0
1784445684486353209,1,18962,28,180,405,0,0
1784445684536359191,0,56912,34,2400,13801,0,0
1784445684536359191,1,18962,28,180,405,0,0
1784445684586352723,0,56912,34,2400,13801,0,0
1784445684586352723,1,18868,28,180,405,0,0
1784445684636357901,0,56961,34,2400,13801,0,0
1784445684636357901,1,18868,28,180,405,0,0
1784445684686352834,0,56961,34,2400,13801,0,0
1784445684686352834,1,18868,28,180,405,0,0
1784445684736358237,0,56961,34,2400,13801,0,0
1784445684736358237,1,18868,28,180,405,0,0
1784445684786351092,0,56961,34,2400,13801,0,0
1784445684786351092,1,18868,28,180,405,0,0
1784445684836358092,0,56961,34,2400,13801,0,0
1784445684836358092,1,18868,28,180,405,0,0
1784445684886365400,0,56961,34,2400,13801,0,0
1784445684886365400,1,18868,28,180,405,0,0
1784445684936365131,0,56961,34,2400,13801,0,0
1784445684936365131,1,18868,28,180,405,0,0
1784445684986357831,0,56961,34,2400,13801,0,0
1784445684986357831,1,18868,28,180,405,0,0
1784445685036358754,0,56961,34,2400,13801,0,0
1784445685036358754,1,18868,28,180,405,0,0
1784445685086351689,0,56961,34,2400,13801,0,0
1784445685086351689,1,18868,28,180,405,0,0
1784445685136358927,0,57027,34,2400,13801,0,0
1784445685136358927,1,18868,28,180,405,0,0
1784445685186351892,0,57027,34,2400,13801,0,0
1784445685186351892,1,18868,28,180,405,0,0
1784445685236361258,0,57027,34,2400,13801,0,0
1784445685236361258,1,18868,28,180,405,0,0
1784445685286361527,0,57027,34,2400,13801,0,0
1784445685286361527,1,18868,28,180,405,0,0
1784445685336358296,0,57027,34,2400,13801,0,0
1784445685336358296,1,18868,28,180,405,0,0
1784445685386361132,0,57027,34,2400,13801,0,0
1784445685386361132,1,18868,28,180,405,0,0
1784445685436363380,0,57027,34,2400,13801,0,0
1784445685436363380,1,18868,28,180,405,0,0
1784445685486361603,0,57027,34,2400,13801,0,0
1784445685486361603,1,18868,28,180,405,0,0
1784445685536361172,0,57027,34,2400,13801,0,0
1784445685536361172,1,18868,28,180,405,0,0
1784445685586360396,0,57027,34,2400,13801,0,0
1784445685586360396,1,18551,28,172,405,0,0
1784445685636358771,0,57111,34,2400,13801,0,0
1784445685636358771,1,18551,28,172,405,0,0
1784445685686358126,0,57111,34,2400,13801,0,0
1784445685686358126,1,18551,28,172,405,0,0
1784445685736359620,0,57111,34,2400,13801,0,0
1784445685736359620,1,18551,28,172,405,0,0
1784445685786359627,0,57111,34,2400,13801,0,0
1784445685786359627,1,18551,28,172,405,0,0
1784445685836363671,0,57111,34,2400,13801,0,0
1784445685836363671,1,18551,28,172,405,0,0
1784445685886360877,0,57111,34,2400,13801,0,0
1784445685886360877,1,18551,28,172,405,0,0
1784445685936359745,0,57111,34,2400,13801,0,0
1784445685936359745,1,18551,28,172,405,0,0
1784445685986361888,0,57111,34,2400,13801,0,0
1784445685986361888,1,18551,28,172,405,0,0
1784445686036361369,0,57111,34,2400,13801,0,0
1784445686036361369,1,18551,28,172,405,0,0
1784445686086352870,0,57111,34,2400,13801,0,0
1784445686086352870,1,18551,28,172,405,0,0
1784445686136359092,0,56976,34,2400,13801,0,0
1784445686136359092,1,18551,28,172,405,0,0
1784445686186359835,0,56976,34,2400,13801,0,0
1784445686186359835,1,18551,28,172,405,0,0
1784445686236358993,0,56976,34,2400,13801,0,0
1784445686236358993,1,18551,28,172,405,0,0
1784445686286350040,0,56976,34,2400,13801,0,0
1784445686286350040,1,18551,28,172,405,0,0
1784445686336357973,0,56976,34,2400,13801,0,0
1784445686336357973,1,18551,28,172,405,0,0
1784445686386352813,0,56976,34,2400,13801,0,0
1784445686386352813,1,18551,28,172,405,0,0
1784445686436359047,0,56976,34,2400,13801,0,0
1784445686436359047,1,18551,28,172,405,0,0
1784445686486352105,0,56976,34,2400,13801,0,0
1784445686486352105,1,18551,28,172,405,0,0
1784445686536358538,0,56976,34,2400,13801,0,0
1784445686536358538,1,18551,28,172,405,0,0
1784445686586350807,0,56976,34,2400,13801,0,0
1784445686586350807,1,18341,28,180,405,0,0
1784445686636359640,0,56781,34,2400,13801,0,0
1784445686636359640,1,18341,28,180,405,0,0
1784445686686353504,0,56781,34,2400,13801,0,0
1784445686686353504,1,18341,28,180,405,0,0
1784445686736358256,0,56781,34,2400,13801,0,0
1784445686736358256,1,18341,28,180,405,0,0
1784445686786350957,0,56781,34,2400,13801,0,0
1784445686786350957,1,18341,28,180,405,0,0
1784445686836358060,0,56781,34,2400,13801,0,0
1784445686836358060,1,18341,28,180,405,0,0
1784445686886350468,0,56781,34,2400,13801,0,0
1784445686886350468,1,18341,28,180,405,0,0
1784445686936363014,0,56781,34,2400,13801,0,0
1784445686936363014,1,18341,28,180,405,0,0
1784445686986352943,0,56781,34,2400,13801,0,0
1784445686986352943,1,18341,28,180,405,0,0
1784445687036358055,0,56781,34,2400,13801,0,0
1784445687036358055,1,18341,28,180,405,0,0
1784445687086357990,0,56781,34,2400,13801,0,0
1784445687086357990,1,18341,28,180,405,0,0
1784445687136357990,0,56769,34,2400,13801,0,0
1784445687136357990,1,18341,28,180,405,0,0
1784445687186360761,0,56769,34,2400,13801,0,0
1784445687186360761,1,18341,28,180,405,0,0
1784445687236358975,0,56769,34,2400,13801,0,0
1784445687236358975,1,18341,28,180,405,0,0
1784445687286357970,0,56769,34,2400,13801,0,0
1784445687286357970,1,18341,28,180,405,0,0
1784445687336358651,0,56769,34,2400,13801,0,0
1784445687336358651,1,18341,28,180,405,0,0
1784445687386361945,0,56769,34,2400,13801,0,0
1784445687386361945,1,18341,28,180,405,0,0
1784445687436363647,0,56769,34,2400,13801,0,0
1784445687436363647,1,18341,28,180,405,0,0
1784445687486359797,0,56769,34,2400,13801,0,0
1784445687486359797,1,18341,28,180,405,0,0
1784445687536360710,0,56769,34,2400,13801,0,0
1784445687536360710,1,18341,28,180,405,0,0
1784445687586361904,0,56769,34,2400,13801,0,0
1784445687586361904,1,18496,28,180,405,0,0
1784445687636358775,0,56755,33,2400,13801,0,0
1784445687636358775,1,18496,28,180,405,0,0
1784445687686363504,0,56755,33,2400,13801,0,0
1784445687686363504,1,18496,28,180,405,0,0
1784445687736367901,0,56755,33,2400,13801,0,0
1784445687736367901,1,18496,28,180,405,0,0
1784445687786362011,0,56755,33,2400,13801,0,0
1784445687786362011,1,18496,28,180,405,0,0
1784445687836363274,0,56755,33,2400,13801,0,0
1784445687836363274,1,18496,28,180,405,0,0
1784445687886361604,0,56755,33,2400,13801,0,0
1784445687886361604,1,18496,28,180,405,0,0
1784445687936360997,0,56755,33,2400,13801,0,0
1784445687936360997,1,18496,28,180,405,0,0
1784445687986364535,0,56755,33,2400,13801,0,0
1784445687986364535,1,18496,28,180,405,0,0
1784445688036364852,0,56755,33,2400,13801,0,0
1784445688036364852,1,18496,28,180,405,0,0
1784445688086367218,0,56755,33,2400,13801,0,0
1784445688086367218,1,18496,28,180,405,0,0
1784445688136361866,0,56692,33,2400,13801,0,0
1784445688136361866,1,18496,28,180,405,0,0
1784445688186358340,0,56692,33,2400,13801,0,0
1784445688186358340,1,18496,28,180,405,0,0
1784445688236362466,0,56692,33,2400,13801,0,0
1784445688236362466,1,18496,28,180,405,0,0
1784445688286361374,0,56692,33,2400,13801,0,0
1784445688286361374,1,18496,28,180,405,0,0
1784445688336359130,0,56692,33,2400,13801,0,0
1784445688336359130,1,18496,28,180,405,0,0
1784445688386361774,0,56692,33,2400,13801,0,0
1784445688386361774,1,18496,28,180,405,0,0
1784445688436361549,0,56692,33,2400,13801,0,0
1784445688436361549,1,18496,28,180,405,0,0
1784445688486362594,0,56692,33,2400,13801,0,0
1784445688486362594,1,18496,28,180,405,0,0
1784445688536362399,0,56692,33,2400,13801,0,0
1784445688536362399,1,18496,28,180,405,0,0
1784445688586362303,0,56692,33,2400,13801,0,0
1784445688586362303,1,18773,28,180,405,0,0
1784445688636361306,0,40436,32,472,810,0,0
1784445688636361306,1,18773,28,180,405,0,0
1784445688686364399,0,40436,32,472,810,0,0
1784445688686364399,1,18773,28,180,405,0,0
1784445688736373054,0,40436,32,472,810,0,0
1784445688736373054,1,18773,28,180,405,0,0
1784445688786374815,0,40436,32,472,810,0,0
1784445688786374815,1,18773,28,180,405,0,0
1784445688850416803,0,40436,32,472,810,0,0
1784445688850416803,1,18773,28,180,405,0,0
1784445688886362448,0,40436,32,472,810,0,0
1784445688886362448,1,18773,28,180,405,0,0
1784445688936360132,0,40436,32,472,810,0,0
1784445688936360132,1,18773,28,180,405,0,0
1784445688986361121,0,40436,32,472,810,0,0
1784445688986361121,1,18773,28,180,405,0,0
1784445689036370336,0,40436,32,472,810,0,0
1784445689036370336,1,18773,28,180,405,0,0
1784445689086365955,0,40436,32,472,810,0,0
1784445689086365955,1,18773,28,180,405,0,0
1784445689150387883,0,19742,32,360,810,0,0
1784445689150387883,1,18773,28,180,405,0,0
1784445689186362001,0,19742,32,360,810,0,0
1784445689186362001,1,18773,28,180,405,0,0
1784445689236363695,0,19742,32,360,810,0,0
1784445689236363695,1,18773,28,180,405,0,0
1784445689286353178,0,19742,32,360,810,0,0
1784445689286353178,1,18773,28,180,405,0,0
1784445689336358581,0,19742,32,360,810,0,0
1784445689336358581,1,18773,28,180,405,0,0
1784445689386355217,0,19742,32,360,810,0,0
1784445689386355217,1,18773,28,180,405,0,0
1784445689436359665,0,19742,32,360,810,0,0
1784445689436359665,1,18773,28,180,405,0,0
1784445689486349771,0,19742,32,360,810,0,0
1784445689486349771,1,18773,28,180,405,0,0
1784445689536379352,0,19742,32,360,810,0,0
1784445689536379352,1,18773,28,180,405,0,0
1784445689586374018,0,19742,32,360,810,0,0
1784445689586374018,1,18671,28,180,405,0,0
1784445689636367996,0,19742,32,360,810,0,0
1784445689636367996,1,18671,28,180,405,0,0
1784445689686355445,0,19742,32,360,810,0,0
1784445689686355445,1,18671,28,180,405,0,0
1784445689736360219,0,19742,32,360,810,0,0
1784445689736360219,1,18671,28,180,405,0,0
1784445689786353752,0,19742,32,360,810,0,0
1784445689786353752,1,18671,28,180,405,0,0
1784445689836368807,0,19742,32,360,810,0,0
1784445689836368807,1,18671,28,180,405,0,0
1784445689886383725,0,19742,32,360,810,0,0
1784445689886383725,1,18671,28,180,405,0,0
1784445689936375844,0,19742,32,360,810,0,0
1784445689936375844,1,18671,28,180,405,0,0
1784445689986360584,0,19742,32,360,810,0,0
1784445689986360584,1,18671,28,180,405,0,0
1784445690036363755,0,19742,32,360,810,0,0
1784445690036363755,1,18671,28,180,405,0,0
1784445690086354841,0,19742,32,360,810,0,0
1784445690086354841,1,18671,28,180,405,0,0
1784445690136360444,0,11688,31,202,405,0,0
1784445690136360444,1,18671,28,180,405,0,0
1784445690186366076,0,11688,31,202,405,0,0
1784445690186366076,1,18671,28,180,405,0,0
1784445690236368780,0,11688,31,202,405,0,0
1784445690236368780,1,18671,28,180,405,0,0
1784445690286358262,0,11688,31,202,405,0,0
1784445690286358262,1,18671,28,180,405,0,0
1784445690336361777,0,11688,31,202,405,0,0
1784445690336361777,1,18671,28,180,405,0,0
1784445690386358193,0,11688,31,202,405,0,0
1784445690386358193,1,18671,28,180,405,0,0
1784445690436360356,0,11688,31,202,405,0,0
1784445690436360356,1,18671,28,180,405,0,0
1784445690486361619,0,11688,31,202,405,0,0
1784445690486361619,1,18671,28,180,405,0,0
1784445690536359934,0,11688,31,202,405,0,0
1784445690536359934,1,18671,28,180,405,0,0
1784445690586369827,0,11688,31,202,405,0,0
1784445690586369827,1,18547,28,180,405,0,0
1784445690636362689,0,11688,31,202,405,0,0
1784445690636362689,1,18547,28,180,405,0,0
1784445690686354938,0,11688,31,202,405,0,0
1784445690686354938,1,18547,28,180,405,0,0
1784445690736357800,0,11688,31,202,405,0,0
1784445690736357800,1,18547,28,180,405,0,0
1784445690786359872,0,11688,31,202,405,0,0
1784445690786359872,1,18547,28,180,405,0,0
1784445690836363414,0,11688,31,202,405,0,0
1784445690836363414,1,18547,28,180,405,0,0
1784445690886359843,0,11688,31,202,405,0,0
1784445690886359843,1,18547,28,180,405,0,0
1784445690936357378,0,11688,31,202,405,0,0
1784445690936357378,1,18547,28,180,405,0,0
1784445690986358749,0,11688,31,202,405,0,0
1784445690986358749,1,18547,28,180,405,0,0
1784445691036360517,0,11688,31,202,405,0,0
1784445691036360517,1,18547,28,180,405,0,0
1784445691086361201,0,11688,31,202,405,0,0
1784445691086361201,1,18547,28,180,405,0,0
1784445691136359232,0,11147,31,180,405,0,0
1784445691136359232,1,18547,28,180,405,0,0
1784445691186358952,0,11147,31,180,405,0,0
1784445691186358952,1,18547,28,180,405,0,0
1784445691236361532,0,11147,31,180,405,0,0
1784445691236361532,1,18547,28,180,405,0,0
1784445691286358860,0,11147,31,180,405,0,0
1784445691286358860,1,18547,28,180,405,0,0
1784445691336357516,0,11147,31,180,405,0,0
1784445691336357516,1,18547,28,180,405,0,0
1784445691386360720,0,11147,31,180,405,0,0
1784445691386360720,1,18547,28,180,405,0,0
1784445691436359277,0,11147,31,180,405,0,0
1784445691436359277,1,18547,28,180,405,0,0
1784445691486359341,0,11147,31,180,405,0,0
1784445691486359341,1,18547,28,180,405,0,0
1784445691536358805,0,11147,31,180,405,0,0
1784445691536358805,1,18547,28,180,405,0,0
1784445691586359027,0,11147,31,180,405,0,0
1784445691586359027,1,18553,28,180,405,0,0
1784445691636358836,0,11147,31,180,405,0,0
1784445691636358836,1,18553,28,180,405,0,0
1784445691686357805,0,11147,31,180,405,0,0
1784445691686357805,1,18553,28,180,405,0,0
1784445691736358565,0,11147,31,180,405,0,0
1784445691736358565,1,18553,28,180,405,0,0
1784445691786358536,0,11147,31,180,405,0,0
1784445691786358536,1,18553,28,180,405,0,0
1784445691836358084,0,11147,31,180,405,0,0
1784445691836358084,1,18553,28,180,405,0,0
1784445691886357905,0,11147,31,180,405,0,0
1784445691886357905,1,18553,28,180,405,0,0
1784445691936357382,0,11147,31,180,405,0,0
1784445691936357382,1,18553,28,180,405,0,0
1784445691986359402,0,11147,31,180,405,0,0
1784445691986359402,1,18553,28,180,405,0,0
1784445692036359980,0,11147,31,180,405,0,0
1784445692036359980,1,18553,28,180,405,0,0
1784445692086359253,0,11147,31,180,405,0,0
1784445692086359253,1,18553,28,180,405,0,0
1784445692136358690,0,10714,31,180,405,0,0
1784445692136358690,1,18553,28,180,405,0,0
1784445692186359959,0,10714,31,180,405,0,0
1784445692186359959,1,18553,28,180,405,0,0
1784445692236358060,0,10714,31,180,405,0,0
1784445692236358060,1,18553,28,180,405,0,0
1784445692286358226,0,10714,31,180,405,0,0
1784445692286358226,1,18553,28,180,405,0,0
1784445692336359261,0,10714,31,180,405,0,0
1784445692336359261,1,18553,28,180,405,0,0
1784445692386359817,0,10714,31,180,405,0,0
1784445692386359817,1,18553,28,180,405,0,0
1784445692436357638,0,10714,31,180,405,0,0
1784445692436357638,1,18553,28,180,405,0,0
1784445692486357341,0,10714,31,180,405,0,0
1784445692486357341,1,18553,28,180,405,0,0
1784445692536357877,0,10714,31,180,405,0,0
1784445692536357877,1,18553,28,180,405,0,0
1784445692586359437,0,10714,31,180,405,0,0
1784445692586359437,1,18601,28,180,13801,0,0
1784445692636359275,0,10714,31,180,405,0,0
1784445692636359275,1,18601,28,180,13801,0,0
1784445692686357805,0,10714,31,180,405,0,0
1784445692686357805,1,18601,28,180,13801,0,0
1784445692736357493,0,10714,31,180,405,0,0
1784445692736357493,1,18601,28,180,13801,0,0
1784445692786359048,0,10714,31,180,405,0,0
1784445692786359048,1,18601,28,180,13801,0,0
1784445692836357694,0,10714,31,180,405,0,0
1784445692836357694,1,18601,28,180,13801,0,0
1784445692886359989,0,10714,31,180,405,0,0
1784445692886359989,1,18601,28,180,13801,0,0
1784445692936358746,0,10714,31,180,405,0,0
1784445692936358746,1,18601,28,180,13801,0,0
1784445692986358415,0,10714,31,180,405,0,0
1784445692986358415,1,18601,28,180,13801,0,0
1784445693036357187,0,10714,31,180,405,0,0
1784445693036357187,1,18601,28,180,13801,0,0
1784445693086358026,0,10714,31,180,405,0,0
1784445693086358026,1,39920,31,2625,13801,13,6
1784445693136357648,0,10260,31,180,405,0,0
1784445693136357648,1,39920,31,2625,13801,13,6
1784445693186356916,0,10260,31,180,405,0,0
1784445693186356916,1,39920,31,2625,13801,13,6
1784445693236358732,0,10260,31,180,405,0,0
1784445693236358732,1,39920,31,2625,13801,13,6
1784445693286358599,0,10260,31,180,405,0,0
1784445693286358599,1,39920,31,2625,13801,13,6
1784445693336356741,0,10260,31,180,405,0,0
1784445693336356741,1,39920,31,2625,13801,13,6
1784445693386356428,0,10260,31,180,405,0,0
1784445693386356428,1,39920,31,2625,13801,13,6
1784445693436358248,0,10260,31,180,405,0,0
1784445693436358248,1,39920,31,2625,13801,13,6
1784445693486358520,0,10260,31,180,405,0,0
1784445693486358520,1,39920,31,2625,13801,13,6
1784445693536359259,0,10260,31,180,405,0,0
1784445693536359259,1,39920,31,2625,13801,13,6
1784445693586358656,0,10260,31,180,405,0,0
1784445693586358656,1,95759,32,2872,13801,13,6
1784445693636357834,0,10260,31,180,405,0,0
1784445693636357834,1,95759,32,2872,13801,13,6
1784445693686358950,0,10260,31,180,405,0,0
1784445693686358950,1,95759,32,2872,13801,13,6
1784445693736359915,0,10260,31,180,405,0,0
1784445693736359915,1,95759,32,2872,13801,13,6
1784445693786359021,0,10260,31,180,405,0,0
1784445693786359021,1,95759,32,2872,13801,13,6
1784445693836359271,0,10260,31,180,405,0,0
1784445693836359271,1,95759,32,2872,13801,13,6
1784445693886366832,0,10260,31,180,405,0,0
1784445693886366832,1,95759,32,2872,13801,13,6
1784445693936362490,0,10260,31,180,405,0,0
1784445693936362490,1,95759,32,2872,13801,13,6
1784445693986362163,0,10260,31,180,405,0,0
1784445693986362163,1,95759,32,2872,13801,13,6
1784445694036359638,0,10260,31,180,405,0,0
1784445694036359638,1,95759,32,2872,13801,13,6
1784445694086358505,0,10260,31,180,405,0,0
1784445694086358505,1,100776,31,2730,13801,0,0
1784445694136358348,0,24367,32,682,13801,9,3
1784445694136358348,1,100776,31,2730,13801,0,0
1784445694186353750,0,24367,32,682,13801,9,3
1784445694186353750,1,100776,31,2730,13801,0,0
1784445694236359750,0,24367,32,682,13801,9,3
1784445694236359750,1,100776,31,2730,13801,0,0
1784445694286359817,0,24367,32,682,13801,9,3
1784445694286359817,1,100776,31,2730,13801,0,0
1784445694336358399,0,24367,32,682,13801,9,3
1784445694336358399,1,100776,31,2730,13801,0,0
1784445694386358455,0,24367,32,682,13801,9,3
1784445694386358455,1,100776,31,2730,13801,0,0
1784445694436358522,0,24367,32,682,13801,9,3
1784445694436358522,1,100776,31,2730,13801,0,0
1784445694486357967,0,24367,32,682,13801,9,3
1784445694486357967,1,100776,31,2730,13801,0,0
1784445694536358386,0,24367,32,682,13801,9,3
1784445694536358386,1,100776,31,2730,13801,0,0
1784445694586360736,0,24367,32,682,13801,9,3
1784445694586360736,1,77827,31,2400,13801,0,0
1784445694636358828,0,50050,34,2857,13801,12,5
1784445694636358828,1,77827,31,2400,13801,0,0
1784445694686358411,0,50050,34,2857,13801,12,5
1784445694686358411,1,77827,31,2400,13801,0,0
1784445694736359163,0,50050,34,2857,13801,12,5
1784445694736359163,1,77827,31,2400,13801,0,0
1784445694786357979,0,50050,34,2857,13801,12,5
1784445694786357979,1,77827,31,2400,13801,0,0
1784445694836358702,0,50050,34,2857,13801,12,5
1784445694836358702,1,77827,31,2400,13801,0,0
1784445694886358353,0,50050,34,2857,13801,12,5
1784445694886358353,1,77827,31,2400,13801,0,0
1784445694936358874,0,50050,34,2857,13801,12,5
1784445694936358874,1,77827,31,2400,13801,0,0
1784445694986359878,0,50050,34,2857,13801,12,5
1784445694986359878,1,77827,31,2400,13801,0,0
1784445695036359361,0,50050,34,2857,13801,12,5
1784445695036359361,1,77827,31,2400,13801,0,0
1784445695086359425,0,50050,34,2857,13801,12,5
1784445695086359425,1,63036,31,2400,13801,0,0
1784445695136358333,0,105903,35,2932,13801,12,5
1784445695136358333,1,63036,31,2400,13801,0,0
1784445695186363138,0,105903,35,2932,13801,12,5
1784445695186363138,1,63036,31,2400,13801,0,0
1784445695236360937,0,105903,35,2932,13801,12,5
1784445695236360937,1,63036,31,2400,13801,0,0
1784445695286360298,0,105903,35,2932,13801,12,5
1784445695286360298,1,63036,31,2400,13801,0,0
1784445695336359269,0,105903,35,2932,13801,12,5
1784445695336359269,1,63036,31,2400,13801,0,0
1784445695386362262,0,105903,35,2932,13801,12,5
1784445695386362262,1,63036,31,2400,13801,0,0
1784445695436358848,0,105903,35,2932,13801,12,5
1784445695436358848,1,63036,31,2400,13801,0,0
1784445695486361083,0,105903,35,2932,13801,12,5
1784445695486361083,1,63036,31,2400,13801,0,0
1784445695536360990,0,105903,35,2932,13801,12,5
1784445695536360990,1,63036,31,2400,13801,0,0
1784445695586361347,0,105903,35,2932,13801,12,5
1784445695586361347,1,76723,33,2587,13801,20,12
1784445695636359706,0,120014,36,2887,13801,15,6
1784445695636359706,1,76723,33,2587,13801,20,12
1784445695686361315,0,120014,36,2887,13801,15,6
1784445695686361315,1,76723,33,2587,13801,20,12
1784445695736361370,0,120014,36,2887,13801,15,6
1784445695736361370,1,76723,33,2587,13801,20,12
1784445695786353450,0,120014,36,2887,13801,15,6
1784445695786353450,1,76723,33,2587,13801,20,12
1784445695836359835,0,120014,36,2887,13801,15,6
1784445695836359835,1,76723,33,2587,13801,20,12
1784445695886361281,0,120014,36,2887,13801,15,6
1784445695886361281,1,76723,33,2587,13801,20,12
1784445695936361193,0,120014,36,2887,13801,15,6
1784445695936361193,1,76723,33,2587,13801,20,12
1784445695986353364,0,120014,36,2887,13801,15,6
1784445695986353364,1,76723,33,2587,13801,20,12
1784445696036359532,0,120014,36,2887,13801,15,6
1784445696036359532,1,76723,33,2587,13801,20,12
1784445696086361136,0,120014,36,2887,13801,15,6
1784445696086361136,1,103678,33,2872,13801,16,7
1784445696136360490,0,122534,36,2917,13801,15,6
1784445696136360490,1,103678,33,2872,13801,16,7
1784445696186351973,0,122534,36,2917,13801,15,6
1784445696186351973,1,103678,33,2872,13801,16,7
1784445696236360158,0,122534,36,2917,13801,15,6
1784445696236360158,1,103678,33,2872,13801,16,7
1784445696286361441,0,122534,36,2917,13801,15,6
1784445696286361441,1,103678,33,2872,13801,16,7
1784445696336360581,0,122534,36,2917,13801,15,6
1784445696336360581,1,103678,33,2872,13801,16,7
1784445696386361786,0,122534,36,2917,13801,15,6
1784445696386361786,1,103678,33,2872,13801,16,7
1784445696436358789,0,122534,36,2917,13801,15,6
1784445696436358789,1,103678,33,2872,13801,16,7
1784445696486361324,0,122534,36,2917,13801,15,6
1784445696486361324,1,103678,33,2872,13801,16,7
1784445696536360813,0,122534,36,2917,13801,15,6
1784445696536360813,1,103678,33,2872,13801,16,7
1784445696586361716,0,122534,36,2917,13801,15,6
1784445696586361716,1,115564,33,2872,13801,17,9
1784445696636358622,0,120038,36,2917,13801,16,7
1784445696636358622,1,115564,33,2872,13801,17,9
1784445696686361764,0,120038,36,2917,13801,16,7
1784445696686361764,1,115564,33,2872,13801,17,9
1784445696736360765,0,120038,36,2917,13801,16,7
1784445696736360765,1,115564,33,2872,13801,17,9
1784445696786361394,0,120038,36,2917,13801,16,7
1784445696786361394,1,115564,33,2872,13801,17,9
1784445696836358092,0,120038,36,2917,13801,16,7
1784445696836358092,1,115564,33,2872,13801,17,9
1784445696886360988,0,120038,36,2917,13801,16,7
1784445696886360988,1,115564,33,2872,13801,17,9
1784445696936361126,0,120038,36,2917,13801,16,7
1784445696936361126,1,115564,33,2872,13801,17,9
1784445696986353108,0,120038,36,2917,13801,16,7
1784445696986353108,1,115564,33,2872,13801,17,9
1784445697036357586,0,120038,36,2917,13801,16,7
1784445697036357586,1,115564,33,2872,13801,17,9
1784445697086361993,0,120038,36,2917,13801,16,7
1784445697086361993,1,117151,33,2872,13801,18,9
1784445697136361879,0,121017,36,2917,13801,16,7
1784445697136361879,1,117151,33,2872,13801,18,9
1784445697186361717,0,121017,36,2917,13801,16,7
1784445697186361717,1,117151,33,2872,13801,18,9
1784445697236359301,0,121017,36,2917,13801,16,7
1784445697236359301,1,117151,33,2872,13801,18,9
1784445697286362006,0,121017,36,2917,13801,16,7
1784445697286362006,1,117151,33,2872,13801,18,9
1784445697336360929,0,121017,36,2917,13801,16,7
1784445697336360929,1,117151,33,2872,13801,18,9
1784445697386361152,0,121017,36,2917,13801,16,7
1784445697386361152,1,117151,33,2872,13801,18,9
1784445697436360422,0,121017,36,2917,13801,16,7
1784445697436360422,1,117151,33,2872,13801,18,9
1784445697486362155,0,121017,36,2917,13801,16,7
1784445697486362155,1,117151,33,2872,13801,18,9
1784445697536361444,0,121017,36,2917,13801,16,7
1784445697536361444,1,117151,33,2872,13801,18,9
1784445697586355878,0,121017,36,2917,13801,16,7
1784445697586355878,1,119204,33,2872,13801,17,8
1784445697636362635,0,123147,37,2917,13801,17,8
1784445697636362635,1,119204,33,2872,13801,17,8
1784445697686361955,0,123147,37,2917,13801,17,8
1784445697686361955,1,119204,33,2872,13801,17,8
1784445697736362547,0,123147,37,2917,13801,17,8
1784445697736362547,1,119204,33,2872,13801,17,8
1784445697786356922,0,123147,37,2917,13801,17,8
1784445697786356922,1,119204,33,2872,13801,17,8
1784445697836359268,0,123147,37,2917,13801,17,8
1784445697836359268,1,119204,33,2872,13801,17,8
1784445697886362972,0,123147,37,2917,13801,17,8
1784445697886362972,1,119204,33,2872,13801,17,8
1784445697936360448,0,123147,37,2917,13801,17,8
1784445697936360448,1,119204,33,2872,13801,17,8
1784445697986355111,0,123147,37,2917,13801,17,8
1784445697986355111,1,119204,33,2872,13801,17,8
1784445698036361831,0,123147,37,2917,13801,17,8
1784445698036361831,1,119204,33,2872,13801,17,8
1784445698086361935,0,123147,37,2917,13801,17,8
1784445698086361935,1,120418,34,2872,13801,18,9
1784445698136361125,0,125016,37,2917,13801,17,8
1784445698136361125,1,120418,34,2872,13801,18,9
1784445698186356406,0,125016,37,2917,13801,17,8
1784445698186356406,1,120418,34,2872,13801,18,9
1784445698236360139,0,125016,37,2917,13801,17,8
1784445698236360139,1,120418,34,2872,13801,18,9
1784445698286361223,0,125016,37,2917,13801,17,8
1784445698286361223,1,120418,34,2872,13801,18,9
1784445698336361167,0,125016,37,2917,13801,17,8
1784445698336361167,1,120418,34,2872,13801,18,9
1784445698386354345,0,125016,37,2917,13801,17,8
1784445698386354345,1,120418,34,2872,13801,18,9
1784445698436359135,0,125016,37,2917,13801,17,8
1784445698436359135,1,120418,34,2872,13801,18,9
1784445698486353910,0,125016,37,2917,13801,17,8
1784445698486353910,1,120418,34,2872,13801,18,9
1784445698536361436,0,125016,37,2917,13801,17,8
1784445698536361436,1,120418,34,2872,13801,18,9
1784445698586352286,0,125016,37,2917,13801,17,8
1784445698586352286,1,120260,34,2872,13801,17,8
1784445698636361153,0,125222,37,2917,13801,17,8
1784445698636361153,1,120260,34,2872,13801,17,8
1784445698686367017,0,125222,37,2917,13801,17,8
1784445698686367017,1,120260,34,2872,13801,17,8
1784445698736362112,0,125222,37,2917,13801,17,8
1784445698736362112,1,120260,34,2872,13801,17,8
1784445698786349450,0,125222,37,2917,13801,17,8
1784445698786349450,1,120260,34,2872,13801,17,8
1784445698836359574,0,125222,37,2917,13801,17,8
1784445698836359574,1,120260,34,2872,13801,17,8
1784445698886350838,0,125222,37,2917,13801,17,8
1784445698886350838,1,120260,34,2872,13801,17,8
1784445698936363217,0,125222,37,2917,13801,17,8
1784445698936363217,1,120260,34,2872,13801,17,8
1784445698986351557,0,125222,37,2917,13801,17,8
1784445698986351557,1,120260,34,2872,13801,17,8
1784445699036357907,0,125222,37,2917,13801,17,8
1784445699036357907,1,120260,34,2872,13801,17,8
1784445699086354181,0,125222,37,2917,13801,17,8
1784445699086354181,1,120275,34,2872,13801,18,9
1784445699136358292,0,125451,37,2917,13801,17,8
1784445699136358292,1,120275,34,2872,13801,18,9
1784445699186349797,0,125451,37,2917,13801,17,8
1784445699186349797,1,120275,34,2872,13801,18,9
1784445699236358161,0,125451,37,2917,13801,17,8
1784445699236358161,1,120275,34,2872,13801,18,9
1784445699286350108,0,125451,37,2917,13801,17,8
1784445699286350108,1,120275,34,2872,13801,18,9
1784445699336368757,0,125451,37,2917,13801,17,8
1784445699336368757,1,120275,34,2872,13801,18,9
1784445699386355400,0,125451,37,2917,13801,17,8
1784445699386355400,1,120275,34,2872,13801,18,9
1784445699436378677,0,125451,37,2917,13801,17,8
1784445699436378677,1,120275,34,2872,13801,18,9
1784445699486360376,0,125451,37,2917,13801,17,8
1784445699486360376,1,120275,34,2872,13801,18,9
1784445699536359576,0,125451,37,2917,13801,17,8
1784445699536359576,1,120275,34,2872,13801,18,9
1784445699586358714,0,125451,37,2917,13801,17,8
1784445699586358714,1,120530,34,2872,13801,18,8
1784445699636361826,0,125197,37,2917,13801,17,8
1784445699636361826,1,120530,34,2872,13801,18,8
1784445699686362118,0,125197,37,2917,13801,17,8
1784445699686362118,1,120530,34,2872,13801,18,8
1784445699736362355,0,125197,37,2917,13801,17,8
1784445699736362355,1,120530,34,2872,13801,18,8
1784445699786361884,0,125197,37,2917,13801,17,8
1784445699786361884,1,120530,34,2872,13801,18,8
1784445699836360157,0,125197,37,2917,13801,17,8
1784445699836360157,1,120530,34,2872,13801,18,8
1784445699886359147,0,125197,37,2917,13801,17,8
1784445699886359147,1,120530,34,2872,13801,18,8
1784445699936378726,0,125197,37,2917,13801,17,8
1784445699936378726,1,120530,34,2872,13801,18,8
1784445699986373082,0,125197,37,2917,13801,17,8
1784445699986373082,1,120530,34,2872,13801,18,8
1784445700036359916,0,125197,37,2917,13801,17,8
1784445700036359916,1,120530,34,2872,13801,18,8
1784445700086360456,0,125197,37,2917,13801,17,8
1784445700086360456,1,120677,34,2872,13801,18,9
1784445700136360656,0,125434,37,2917,13801,17,8
1784445700136360656,1,120677,34,2872,13801,18,9
1784445700186359952,0,125434,37,2917,13801,17,8
1784445700186359952,1,120677,34,2872,13801,18,9
1784445700236360032,0,125434,37,2917,13801,17,8
1784445700236360032,1,120677,34,2872,13801,18,9
1784445700286359629,0,125434,37,2917,13801,17,8
1784445700286359629,1,120677,34,2872,13801,18,9
1784445700336361310,0,125434,37,2917,13801,17,8
1784445700336361310,1,120677,34,2872,13801,18,9
1784445700386360299,0,125434,37,2917,13801,17,8
1784445700386360299,1,120677,34,2872,13801,18,9
1784445700436361136,0,125434,37,2917,13801,17,8
1784445700436361136,1,120677,34,2872,13801,18,9
1784445700486359737,0,125434,37,2917,13801,17,8
1784445700486359737,1,120677,34,2872,13801,18,9
1784445700536360133,0,125434,37,2917,13801,17,8
1784445700536360133,1,120677,34,2872,13801,18,9
1784445700586359733,0,125434,37,2917,13801,17,8
1784445700586359733,1,120796,34,2872,13801,18,9
1784445700636359123,0,125912,37,2917,13801,17,8
1784445700636359123,1,120796,34,2872,13801,18,9
1784445700686360452,0,125912,37,2917,13801,17,8
1784445700686360452,1,120796,34,2872,13801,18,9
1784445700736359215,0,125912,37,2917,13801,17,8
1784445700736359215,1,120796,34,2872,13801,18,9
1784445700786360004,0,125912,37,2917,13801,17,8
1784445700786360004,1,120796,34,2872,13801,18,9
1784445700836360470,0,125912,37,2917,13801,17,8
1784445700836360470,1,120796,34,2872,13801,18,9
1784445700886355500,0,125912,37,2917,13801,17,8
1784445700886355500,1,120796,34,2872,13801,18,9
1784445700936358971,0,125912,37,2917,13801,17,8
1784445700936358971,1,120796,34,2872,13801,18,9
1784445700986359735,0,125912,37,2917,13801,17,8
1784445700986359735,1,120796,34,2872,13801,18,9
1784445701036360072,0,125912,37,2917,13801,17,8
1784445701036360072,1,120796,34,2872,13801,18,9
1784445701086360211,0,125912,37,2917,13801,17,8
1784445701086360211,1,120941,34,2865,13801,18,9
1784445701136358798,0,125594,37,2917,13801,17,8
1784445701136358798,1,120941,34,2865,13801,18,9
1784445701186360410,0,125594,37,2917,13801,17,8
1784445701186360410,1,120941,34,2865,13801,18,9
1784445701236360237,0,125594,37,2917,13801,17,8
1784445701236360237,1,120941,34,2865,13801,18,9
1784445701286359547,0,125594,37,2917,13801,17,8
1784445701286359547,1,120941,34,2865,13801,18,9
1784445701336358874,0,125594,37,2917,13801,17,8
1784445701336358874,1,120941,34,2865,13801,18,9
1784445701386359432,0,125594,37,2917,13801,17,8
1784445701386359432,1,120941,34,2865,13801,18,9
1784445701436359353,0,125594,37,2917,13801,17,8
1784445701436359353,1,120941,34,2865,13801,18,9
1784445701486359099,0,125594,37,2917,13801,17,8
1784445701486359099,1,120941,34,2865,13801,18,9
1784445701536358999,0,125594,37,2917,13801,17,8
1784445701536358999,1,120941,34,2865,13801,18,9
1784445701586359225,0,125594,37,2917,13801,17,8
1784445701586359225,1,121205,34,2872,13801,18,9
1784445701636360121,0,125359,37,2917,13801,17,8
1784445701636360121,1,121205,34,2872,13801,18,9
1784445701686359167,0,125359,37,2917,13801,17,8
1784445701686359167,1,121205,34,2872,13801,18,9
1784445701736359933,0,125359,37,2917,13801,17,8
1784445701736359933,1,121205,34,2872,13801,18,9
1784445701786360055,0,125359,37,2917,13801,17,8
1784445701786360055,1,121205,34,2872,13801,18,9
1784445701836358033,0,125359,37,2917,13801,17,8
1784445701836358033,1,121205,34,2872,13801,18,9
1784445701886360051,0,125359,37,2917,13801,17,8
1784445701886360051,1,121205,34,2872,13801,18,9
1784445701936358279,0,125359,37,2917,13801,17,8
1784445701936358279,1,121205,34,2872,13801,18,9
1784445701986359532,0,125359,37,2917,13801,17,8
1784445701986359532,1,121205,34,2872,13801,18,9
1784445702036359271,0,125359,37,2917,13801,17,8
1784445702036359271,1,121205,34,2872,13801,18,9
1784445702086359199,0,125359,37,2917,13801,17,8
1784445702086359199,1,121433,34,2872,13801,18,9
1784445702136358274,0,125796,37,2917,13801,18,8
1784445702136358274,1,121433,34,2872,13801,18,9
1784445702186360130,0,125796,37,2917,13801,18,8
1784445702186360130,1,121433,34,2872,13801,18,9
1784445702236358857,0,125796,37,2917,13801,18,8
1784445702236358857,1,121433,34,2872,13801,18,9
1784445702286358880,0,125796,37,2917,13801,18,8
1784445702286358880,1,121433,34,2872,13801,18,9
1784445702336358832,0,125796,37,2917,13801,18,8
1784445702336358832,1,121433,34,2872,13801,18,9
1784445702386359423,0,125796,37,2917,13801,18,8
1784445702386359423,1,121433,34,2872,13801,18,9
1784445702436358924,0,125796,37,2917,13801,18,8
1784445702436358924,1,121433,34,2872,13801,18,9
1784445702486359683,0,125796,37,2917,13801,18,8
1784445702486359683,1,121433,34,2872,13801,18,9
1784445702536358207,0,125796,37,2917,13801,18,8
1784445702536358207,1,121433,34,2872,13801,18,9
1784445702586359436,0,125796,37,2917,13801,18,8
1784445702586359436,1,121419,34,2872,13801,18,9
1784445702636358447,0,126034,37,2917,13801,17,8
1784445702636358447,1,121419,34,2872,13801,18,9
1784445702686359506,0,126034,37,2917,13801,17,8
1784445702686359506,1,121419,34,2872,13801,18,9
1784445702736357749,0,126034,37,2917,13801,17,8
1784445702736357749,1,121419,34,2872,13801,18,9
1784445702786359047,0,126034,37,2917,13801,17,8
1784445702786359047,1,121419,34,2872,13801,18,9
1784445702836358429,0,126034,37,2917,13801,17,8
1784445702836358429,1,121419,34,2872,13801,18,9
1784445702886359277,0,126034,37,2917,13801,17,8
1784445702886359277,1,121419,34,2872,13801,18,9
1784445702936358345,0,126034,37,2917,13801,17,8
1784445702936358345,1,121419,34,2872,13801,18,9
1784445702986359270,0,126034,37,2917,13801,17,8
1784445702986359270,1,121419,34,2872,13801,18,9
1784445703036358733,0,126034,37,2917,13801,17,8
1784445703036358733,1,121419,34,2872,13801,18,9
1784445703086359777,0,126034,37,2917,13801,17,8
1784445703086359777,1,121387,34,2865,13801,18,9
1784445703136358825,0,125999,37,2917,13801,17,8
1784445703136358825,1,121387,34,2865,13801,18,9
1784445703186358994,0,125999,37,2917,13801,17,8
1784445703186358994,1,121387,34,2865,13801,18,9
1784445703236360332,0,125999,37,2917,13801,17,8
1784445703236360332,1,121387,34,2865,13801,18,9
1784445703286359756,0,125999,37,2917,13801,17,8
1784445703286359756,1,121387,34,2865,13801,18,9
1784445703336358161,0,125999,37,2917,13801,17,8
1784445703336358161,1,121387,34,2865,13801,18,9
1784445703386359291,0,125999,37,2917,13801,17,8
1784445703386359291,1,121387,34,2865,13801,18,9
1784445703436358610,0,125999,37,2917,13801,17,8
1784445703436358610,1,121387,34,2865,13801,18,9
1784445703486359539,0,125999,37,2917,13801,17,8
1784445703486359539,1,121387,34,2865,13801,18,9
1784445703536358317,0,125999,37,2917,13801,17,8
1784445703536358317,1,121387,34,2865,13801,18,9
1784445703586359698,0,125999,37,2917,13801,17,8
1784445703586359698,1,120663,34,2872,13801,17,8
1784445703636358526,0,125575,37,2917,13801,17,8
1784445703636358526,1,120663,34,2872,13801,17,8
1784445703686359527,0,125575,37,2917,13801,17,8
1784445703686359527,1,120663,34,2872,13801,17,8
1784445703736358532,0,125575,37,2917,13801,17,8
1784445703736358532,1,120663,34,2872,13801,17,8
1784445703786359937,0,125575,37,2917,13801,17,8
1784445703786359937,1,120663,34,2872,13801,17,8
1784445703836358811,0,125575,37,2917,13801,17,8
1784445703836358811,1,120663,34,2872,13801,17,8
1784445703886359839,0,125575,37,2917,13801,17,8
1784445703886359839,1,120663,34,2872,13801,17,8
1784445703936358662,0,125575,37,2917,13801,17,8
1784445703936358662,1,120663,34,2872,13801,17,8
1784445703986359326,0,125575,37,2917,13801,17,8
1784445703986359326,1,120663,34,2872,13801,17,8
1784445704036359497,0,125575,37,2917,13801,17,8
1784445704036359497,1,120663,34,2872,13801,17,8
1784445704086359098,0,125575,37,2917,13801,17,8
1784445704086359098,1,120520,34,2872,13801,17,8
1784445704136359052,0,125783,37,2917,13801,17,8
1784445704136359052,1,120520,34,2872,13801,17,8
1784445704186360635,0,125783,37,2917,13801,17,8
1784445704186360635,1,120520,34,2872,13801,17,8
1784445704236359561,0,125783,37,2917,13801,17,8
1784445704236359561,1,120520,34,2872,13801,17,8
1784445704286359653,0,125783,37,2917,13801,17,8
1784445704286359653,1,120520,34,2872,13801,17,8
1784445704336358417,0,125783,37,2917,13801,17,8
1784445704336358417,1,120520,34,2872,13801,17,8
1784445704386360829,0,125783,37,2917,13801,17,8
1784445704386360829,1,120520,34,2872,13801,17,8
1784445704436358120,0,125783,37,2917,13801,17,8
1784445704436358120,1,120520,34,2872,13801,17,8
1784445704486360032,0,125783,37,2917,13801,17,8
1784445704486360032,1,120520,34,2872,13801,17,8
1784445704536358512,0,125783,37,2917,13801,17,8
1784445704536358512,1,120520,34,2872,13801,17,8
1784445704586359877,0,125783,37,2917,13801,17,8
1784445704586359877,1,121282,35,2872,13801,18,9
1784445704636359762,0,125970,38,2917,13801,17,8
1784445704636359762,1,121282,35,2872,13801,18,9
1784445704686360247,0,125970,38,2917,13801,17,8
1784445704686360247,1,121282,35,2872,13801,18,9
1784445704736358434,0,125970,38,2917,13801,17,8
1784445704736358434,1,121282,35,2872,13801,18,9
1784445704786359095,0,125970,38,2917,13801,17,8
1784445704786359095,1,121282,35,2872,13801,18,9
1784445704836358698,0,125970,38,2917,13801,17,8
1784445704836358698,1,121282,35,2872,13801,18,9
1784445704886358951,0,125970,38,2917,13801,17,8
1784445704886358951,1,121282,35,2872,13801,18,9
1784445704936357995,0,125970,38,2917,13801,17,8
1784445704936357995,1,121282,35,2872,13801,18,9
1784445704986359764,0,125970,38,2917,13801,17,8
1784445704986359764,1,121282,35,2872,13801,18,9
1784445705036358925,0,125970,38,2917,13801,17,8
1784445705036358925,1,121282,35,2872,13801,18,9
1784445705086358838,0,125970,38,2917,13801,17,8
1784445705086358838,1,121501,35,2872,13801,18,9
1784445705136358263,0,126174,37,2917,13801,17,8
1784445705136358263,1,121501,35,2872,13801,18,9
1784445705186360256,0,126174,37,2917,13801,17,8
1784445705186360256,1,121501,35,2872,13801,18,9
1784445705236360014,0,126174,37,2917,13801,17,8
1784445705236360014,1,121501,35,2872,13801,18,9
1784445705286360608,0,126174,37,2917,13801,17,8
1784445705286360608,1,121501,35,2872,13801,18,9
1784445705336358256,0,126174,37,2917,13801,17,8
1784445705336358256,1,121501,35,2872,13801,18,9
1784445705386356758,0,126174,37,2917,13801,17,8
1784445705386356758,1,121501,35,2872,13801,18,9
1784445705436359576,0,126174,37,2917,13801,17,8
1784445705436359576,1,121501,35,2872,13801,18,9
1784445705486360746,0,126174,37,2917,13801,17,8
1784445705486360746,1,121501,35,2872,13801,18,9
1784445705536362088,0,126174,37,2917,13801,17,8
1784445705536362088,1,121501,35,2872,13801,18,9
1784445705586359863,0,126174,37,2917,13801,17,8
1784445705586359863,1,121153,35,2872,13801,18,9
1784445705636358514,0,125877,37,2917,13801,16,8
1784445705636358514,1,121153,35,2872,13801,18,9
1784445705686353402,0,125877,37,2917,13801,16,8
1784445705686353402,1,121153,35,2872,13801,18,9
1784445705736360107,0,125877,37,2917,13801,16,8
1784445705736360107,1,121153,35,2872,13801,18,9
1784445705786360305,0,125877,37,2917,13801,16,8
1784445705786360305,1,121153,35,2872,13801,18,9
1784445705836364322,0,125877,37,2917,13801,16,8
1784445705836364322,1,121153,35,2872,13801,18,9
1784445705886365972,0,125877,37,2917,13801,16,8
1784445705886365972,1,121153,35,2872,13801,18,9
1784445705936362120,0,125877,37,2917,13801,16,8
1784445705936362120,1,121153,35,2872,13801,18,9
1784445705986360450,0,125877,37,2917,13801,16,8
1784445705986360450,1,121153,35,2872,13801,18,9
1784445706036361457,0,125877,37,2917,13801,16,8
1784445706036361457,1,121153,35,2872,13801,18,9
1784445706086360982,0,125877,37,2917,13801,16,8
1784445706086360982,1,121311,35,2857,13801,18,9
1784445706136359120,0,125798,38,2917,13801,18,8
1784445706136359120,1,121311,35,2857,13801,18,9
1784445706186360077,0,125798,38,2917,13801,18,8
1784445706186360077,1,121311,35,2857,13801,18,9
1784445706236361900,0,125798,38,2917,13801,18,8
1784445706236361900,1,121311,35,2857,13801,18,9
1784445706286360122,0,125798,38,2917,13801,18,8
1784445706286360122,1,121311,35,2857,13801,18,9
1784445706336358381,0,125798,38,2917,13801,18,8
1784445706336358381,1,121311,35,2857,13801,18,9
1784445706386360034,0,125798,38,2917,13801,18,8
1784445706386360034,1,121311,35,2857,13801,18,9
1784445706436358221,0,125798,38,2917,13801,18,8
1784445706436358221,1,121311,35,2857,13801,18,9
1784445706486359255,0,125798,38,2917,13801,18,8
1784445706486359255,1,121311,35,2857,13801,18,9
1784445706536358638,0,125798,38,2917,13801,18,8
1784445706536358638,1,121311,35,2857,13801,18,9
1784445706586359752,0,125798,38,2917,13801,18,8
1784445706586359752,1,121453,35,2857,13801,18,9
1784445706636358267,0,125977,38,2917,13801,17,8
1784445706636358267,1,121453,35,2857,13801,18,9
1784445706686358688,0,125977,38,2917,13801,17,8
1784445706686358688,1,121453,35,2857,13801,18,9
1784445706736357932,0,125977,38,2917,13801,17,8
1784445706736357932,1,121453,35,2857,13801,18,9
1784445706786359446,0,125977,38,2917,13801,17,8
1784445706786359446,1,121453,35,2857,13801,18,9
1784445706836358819,0,125977,38,2917,13801,17,8
1784445706836358819,1,121453,35,2857,13801,18,9
1784445706886359326,0,125977,38,2917,13801,17,8
1784445706886359326,1,121453,35,2857,13801,18,9
1784445706936357992,0,125977,38,2917,13801,17,8
1784445706936357992,1,121453,35,2857,13801,18,9
1784445706986359714,0,125977,38,2917,13801,17,8
1784445706986359714,1,121453,35,2857,13801,18,9
1784445707036359327,0,125977,38,2917,13801,17,8
1784445707036359327,1,121453,35,2857,13801,18,9
1784445707086359507,0,125977,38,2917,13801,17,8
1784445707086359507,1,121551,35,2857,13801,18,9
1784445707136359002,0,126439,38,2917,13801,17,8
1784445707136359002,1,121551,35,2857,13801,18,9
1784445707186359554,0,126439,38,2917,13801,17,8
1784445707186359554,1,121551,35,2857,13801,18,9
1784445707236360145,0,126439,38,2917,13801,17,8
1784445707236360145,1,121551,35,2857,13801,18,9
1784445707286359474,0,126439,38,2917,13801,17,8
1784445707286359474,1,121551,35,2857,13801,18,9
1784445707336358508,0,126439,38,2917,13801,17,8
1784445707336358508,1,121551,35,2857,13801,18,9
1784445707386359674,0,126439,38,2917,13801,17,8
1784445707386359674,1,121551,35,2857,13801,18,9
1784445707436358518,0,126439,38,2917,13801,17,8
1784445707436358518,1,121551,35,2857,13801,18,9
1784445707486362847,0,126439,38,2917,13801,17,8
1784445707486362847,1,121551,35,2857,13801,18,9
1784445707536359522,0,126439,38,2917,13801,17,8
1784445707536359522,1,121551,35,2857,13801,18,9
1784445707586359614,0,126439,38,2917,13801,17,8
1784445707586359614,1,121761,35,2857,13801,18,9
1784445707636361916,0,126450,38,2917,13801,17,8
1784445707636361916,1,121761,35,2857,13801,18,9
1784445707686360222,0,126450,38,2917,13801,17,8
1784445707686360222,1,121761,35,2857,13801,18,9
1784445707736362284,0,126450,38,2917,13801,17,8
1784445707736362284,1,121761,35,2857,13801,18,9
1784445707786353475,0,126450,38,2917,13801,17,8
1784445707786353475,1,121761,35,2857,13801,18,9
1784445707836359317,0,126450,38,2917,13801,17,8
1784445707836359317,1,121761,35,2857,13801,18,9
1784445707886353366,0,126450,38,2917,13801,17,8
1784445707886353366,1,121761,35,2857,13801,18,9
1784445707936360274,0,126450,38,2917,13801,17,8
1784445707936360274,1,121761,35,2857,13801,18,9
1784445707986359862,0,126450,38,2917,13801,17,8
1784445707986359862,1,121761,35,2857,13801,18,9
1784445708036360378,0,126450,38,2917,13801,17,8
1784445708036360378,1,121761,35,2857,13801,18,9
1784445708086360670,0,126450,38,2917,13801,17,8
1784445708086360670,1,121499,35,2857,13801,17,8
1784445708136359205,0,126034,38,2917,13801,17,8
1784445708136359205,1,121499,35,2857,13801,17,8
1784445708186361386,0,126034,38,2917,13801,17,8
1784445708186361386,1,121499,35,2857,13801,17,8
1784445708236360733,0,126034,38,2917,13801,17,8
1784445708236360733,1,121499,35,2857,13801,17,8
1784445708286362432,0,126034,38,2917,13801,17,8
1784445708286362432,1,121499,35,2857,13801,17,8
1784445708336360923,0,126034,38,2917,13801,17,8
1784445708336360923,1,121499,35,2857,13801,17,8
1784445708386353965,0,126034,38,2917,13801,17,8
1784445708386353965,1,121499,35,2857,13801,17,8
1784445708436359213,0,126034,38,2917,13801,17,8
1784445708436359213,1,121499,35,2857,13801,17,8
1784445708486360217,0,126034,38,2917,13801,17,8
1784445708486360217,1,121499,35,2857,13801,17,8
1784445708536359374,0,126034,38,2917,13801,17,8
1784445708536359374,1,121499,35,2857,13801,17,8
1784445708586359333,0,126034,38,2917,13801,17,8
1784445708586359333,1,121581,35,2857,13801,18,9
1784445708636361194,0,126068,38,2917,13801,17,8
1784445708636361194,1,121581,35,2857,13801,18,9
1784445708686360059,0,126068,38,2917,13801,17,8
1784445708686360059,1,121581,35,2857,13801,18,9
1784445708736358724,0,126068,38,2917,13801,17,8
1784445708736358724,1,121581,35,2857,13801,18,9
1784445708786360559,0,126068,38,2917,13801,17,8
1784445708786360559,1,121581,35,2857,13801,18,9
1784445708836361816,0,126068,38,2917,13801,17,8
1784445708836361816,1,121581,35,2857,13801,18,9
1784445708886360632,0,126068,38,2917,13801,17,8
1784445708886360632,1,121581,35,2857,13801,18,9
1784445708936358917,0,126068,38,2917,13801,17,8
1784445708936358917,1,121581,35,2857,13801,18,9
1784445708986360015,0,126068,38,2917,13801,17,8
1784445708986360015,1,121581,35,2857,13801,18,9
1784445709036359589,0,126068,38,2917,13801,17,8
1784445709036359589,1,121581,35,2857,13801,18,9
1784445709086360837,0,126068,38,2917,13801,17,8
1784445709086360837,1,121490,35,2857,13801,18,9
1784445709136359057,0,126266,38,2917,13801,17,8
1784445709136359057,1,121490,35,2857,13801,18,9
1784445709186360296,0,126266,38,2917,13801,17,8
1784445709186360296,1,121490,35,2857,13801,18,9
1784445709236359315,0,126266,38,2917,13801,17,8
1784445709236359315,1,121490,35,2857,13801,18,9
1784445709286361151,0,126266,38,2917,13801,17,8
1784445709286361151,1,121490,35,2857,13801,18,9
1784445709336361346,0,126266,38,2917,13801,17,8
1784445709336361346,1,121490,35,2857,13801,18,9
1784445709386394313,0,126266,38,2917,13801,17,8
1784445709386394313,1,121490,35,2857,13801,18,9
1784445709436371665,0,126266,38,2917,13801,17,8
1784445709436371665,1,121490,35,2857,13801,18,9
1784445709486360315,0,126266,38,2917,13801,17,8
1784445709486360315,1,121490,35,2857,13801,18,9
1784445709536361051,0,126266,38,2917,13801,17,8
1784445709536361051,1,121490,35,2857,13801,18,9
1784445709586362787,0,126266,38,2917,13801,17,8
1784445709586362787,1,121357,35,2857,13801,18,9
1784445709636360783,0,125637,38,2917,13801,17,8
1784445709636360783,1,121357,35,2857,13801,18,9
1784445709686369430,0,125637,38,2917,13801,17,8
1784445709686369430,1,121357,35,2857,13801,18,9
1784445709736362530,0,125637,38,2917,13801,17,8
1784445709736362530,1,121357,35,2857,13801,18,9
1784445709786360935,0,125637,38,2917,13801,17,8
1784445709786360935,1,121357,35,2857,13801,18,9
1784445709836358652,0,125637,38,2917,13801,17,8
1784445709836358652,1,121357,35,2857,13801,18,9
1784445709886363452,0,125637,38,2917,13801,17,8
1784445709886363452,1,121357,35,2857,13801,18,9
1784445709936360799,0,125637,38,2917,13801,17,8
1784445709936360799,1,121357,35,2857,13801,18,9
1784445709986359657,0,125637,38,2917,13801,17,8
1784445709986359657,1,121357,35,2857,13801,18,9
1784445710036360004,0,125637,38,2917,13801,17,8
1784445710036360004,1,121357,35,2857,13801,18,9
1784445710086362182,0,125637,38,2917,13801,17,8
1784445710086362182,1,120187,35,2857,13801,17,9
1784445710136358664,0,125688,38,2917,13801,17,8
1784445710136358664,1,120187,35,2857,13801,17,9
1784445710186360669,0,125688,38,2917,13801,17,8
1784445710186360669,1,120187,35,2857,13801,17,9
1784445710236362960,0,125688,38,2917,13801,17,8
1784445710236362960,1,120187,35,2857,13801,17,9
1784445710286358728,0,125688,38,2917,13801,17,8
1784445710286358728,1,120187,35,2857,13801,17,9
1784445710336359358,0,125688,38,2917,13801,17,8
1784445710336359358,1,120187,35,2857,13801,17,9
1784445710386358885,0,125688,38,2917,13801,17,8
1784445710386358885,1,120187,35,2857,13801,17,9
1784445710436361404,0,125688,38,2917,13801,17,8
1784445710436361404,1,120187,35,2857,13801,17,9
1784445710486359184,0,125688,38,2917,13801,17,8
1784445710486359184,1,120187,35,2857,13801,17,9
1784445710536362016,0,125688,38,2917,13801,17,8
1784445710536362016,1,120187,35,2857,13801,17,9
1784445710586359664,0,125688,38,2917,13801,17,8
1784445710586359664,1,120313,35,2857,13801,17,9
1784445710636358138,0,126349,38,2917,13801,17,8
1784445710636358138,1,120313,35,2857,13801,17,9
1784445710686358449,0,126349,38,2917,13801,17,8
1784445710686358449,1,120313,35,2857,13801,17,9
1784445710736358443,0,126349,38,2917,13801,17,8
1784445710736358443,1,120313,35,2857,13801,17,9
1784445710786362272,0,126349,38,2917,13801,17,8
1784445710786362272,1,120313,35,2857,13801,17,9
1784445710836361273,0,126349,38,2917,13801,17,8
1784445710836361273,1,120313,35,2857,13801,17,9
1784445710886360661,0,126349,38,2917,13801,17,8
1784445710886360661,1,120313,35,2857,13801,17,9
1784445710936360667,0,126349,38,2917,13801,17,8
1784445710936360667,1,120313,35,2857,13801,17,9
1784445710986360488,0,126349,38,2917,13801,17,8
1784445710986360488,1,120313,35,2857,13801,17,9
1784445711036360979,0,126349,38,2917,13801,17,8
1784445711036360979,1,120313,35,2857,13801,17,9
1784445711086360802,0,126349,38,2917,13801,17,8
1784445711086360802,1,121312,35,2857,13801,18,9
1784445711136361258,0,126654,38,2917,13801,17,8
1784445711136361258,1,121312,35,2857,13801,18,9
1784445711186360997,0,126654,38,2917,13801,17,8
1784445711186360997,1,121312,35,2857,13801,18,9
1784445711236360472,0,126654,38,2917,13801,17,8
1784445711236360472,1,121312,35,2857,13801,18,9
1784445711286361300,0,126654,38,2917,13801,17,8
1784445711286361300,1,121312,35,2857,13801,18,9
1784445711336361015,0,126654,38,2917,13801,17,8
1784445711336361015,1,121312,35,2857,13801,18,9
1784445711386350537,0,126654,38,2917,13801,17,8
1784445711386350537,1,121312,35,2857,13801,18,9
1784445711436358812,0,126654,38,2917,13801,17,8
1784445711436358812,1,121312,35,2857,13801,18,9
1784445711486353336,0,126654,38,2917,13801,17,8
1784445711486353336,1,121312,35,2857,13801,18,9
1784445711536361279,0,126654,38,2917,13801,17,8
1784445711536361279,1,121312,35,2857,13801,18,9
1784445711586361513,0,126654,38,2917,13801,17,8
1784445711586361513,1,121412,35,2857,13801,18,9
1784445711636360645,0,126936,38,2917,13801,18,8
1784445711636360645,1,121412,35,2857,13801,18,9
1784445711686360801,0,126936,38,2917,13801,18,8
1784445711686360801,1,121412,35,2857,13801,18,9
1784445711736360021,0,126936,38,2917,13801,18,8
1784445711736360021,1,121412,35,2857,13801,18,9
1784445711786352849,0,126936,38,2917,13801,18,8
1784445711786352849,1,121412,35,2857,13801,18,9
1784445711836358936,0,126936,38,2917,13801,18,8
1784445711836358936,1,121412,35,2857,13801,18,9
1784445711886352805,0,126936,38,2917,13801,18,8
1784445711886352805,1,121412,35,2857,13801,18,9
1784445711936358988,0,126936,38,2917,13801,18,8
1784445711936358988,1,121412,35,2857,13801,18,9
1784445711986350243,0,126936,38,2917,13801,18,8
1784445711986350243,1,121412,35,2857,13801,18,9
1784445712036359056,0,126936,38,2917,13801,18,8
1784445712036359056,1,121412,35,2857,13801,18,9
1784445712086348776,0,126936,38,2917,13801,18,8
1784445712086348776,1,121740,35,2857,13801,18,9
1784445712136359169,0,126990,38,2917,13801,17,8
1784445712136359169,1,121740,35,2857,13801,18,9
1784445712186351655,0,126990,38,2917,13801,17,8
1784445712186351655,1,121740,35,2857,13801,18,9
1784445712236359858,0,126990,38,2917,13801,17,8
1784445712236359858,1,121740,35,2857,13801,18,9
1784445712286348707,0,126990,38,2917,13801,17,8
1784445712286348707,1,121740,35,2857,13801,18,9
1784445712336357617,0,126990,38,2917,13801,17,8
1784445712336357617,1,121740,35,2857,13801,18,9
1784445712386349945,0,126990,38,2917,13801,17,8
1784445712386349945,1,121740,35,2857,13801,18,9
1784445712436357638,0,126990,38,2917,13801,17,8
1784445712436357638,1,121740,35,2857,13801,18,9
1784445712486353211,0,126990,38,2917,13801,17,8
1784445712486353211,1,121740,35,2857,13801,18,9
1784445712536359658,0,126990,38,2917,13801,17,8
1784445712536359658,1,121740,35,2857,13801,18,9
1784445712586358143,0,126990,38,2917,13801,17,8
1784445712586358143,1,119104,35,2842,13801,10,5
1784445712636358365,0,118219,37,2895,13801,0,0
1784445712636358365,1,119104,35,2842,13801,10,5
1784445712686358850,0,118219,37,2895,13801,0,0
1784445712686358850,1,119104,35,2842,13801,10,5
1784445712736356625,0,118219,37,2895,13801,0,0
1784445712736356625,1,119104,35,2842,13801,10,5
1784445712786357059,0,118219,37,2895,13801,0,0
1784445712786357059,1,119104,35,2842,13801,10,5
1784445712836357358,0,118219,37,2895,13801,0,0
1784445712836357358,1,119104,35,2842,13801,10,5
1784445712886358768,0,118219,37,2895,13801,0,0
1784445712886358768,1,119104,35,2842,13801,10,5
1784445712936357101,0,118219,37,2895,13801,0,0
1784445712936357101,1,119104,35,2842,13801,10,5
1784445712986359025,0,118219,37,2895,13801,0,0
1784445712986359025,1,119104,35,2842,13801,10,5
1784445713036358259,0,118219,37,2895,13801,0,0
1784445713036358259,1,119104,35,2842,13801,10,5
1784445713086361236,0,118219,37,2895,13801,0,0
1784445713086361236,1,92774,33,2400,13801,0,0
1784445713136358059,0,82267,35,2400,13801,0,0
1784445713136358059,1,92774,33,2400,13801,0,0
1784445713186357920,0,82267,35,2400,13801,0,0
1784445713186357920,1,92774,33,2400,13801,0,0
1784445713236358873,0,82267,35,2400,13801,0,0
1784445713236358873,1,92774,33,2400,13801,0,0
1784445713286357850,0,82267,35,2400,13801,0,0
1784445713286357850,1,92774,33,2400,13801,0,0
1784445713336357866,0,82267,35,2400,13801,0,0
1784445713336357866,1,92774,33,2400,13801,0,0
1784445713386358113,0,82267,35,2400,13801,0,0
1784445713386358113,1,92774,33,2400,13801,0,0
1784445713436358105,0,82267,35,2400,13801,0,0
1784445713436358105,1,92774,33,2400,13801,0,0
1784445713486360600,0,82267,35,2400,13801,0,0
1784445713486360600,1,92774,33,2400,13801,0,0
1784445713536363048,0,82267,35,2400,13801,0,0
1784445713536363048,1,92774,33,2400,13801,0,0
1784445713586360744,0,82267,35,2400,13801,0,0
1784445713586360744,1,65015,33,2400,13801,4,2
1784445713636359255,0,57030,35,2400,13801,0,0
1784445713636359255,1,65015,33,2400,13801,4,2
1784445713686359032,0,57030,35,2400,13801,0,0
1784445713686359032,1,65015,33,2400,13801,4,2
1784445713736360272,0,57030,35,2400,13801,0,0
1784445713736360272,1,65015,33,2400,13801,4,2
1784445713786360264,0,57030,35,2400,13801,0,0
1784445713786360264,1,65015,33,2400,13801,4,2
1784445713836359481,0,57030,35,2400,13801,0,0
1784445713836359481,1,65015,33,2400,13801,4,2
1784445713886362636,0,57030,35,2400,13801,0,0
1784445713886362636,1,65015,33,2400,13801,4,2
1784445713936359499,0,57030,35,2400,13801,0,0
1784445713936359499,1,65015,33,2400,13801,4,2
1784445713986359439,0,57030,35,2400,13801,0,0
1784445713986359439,1,65015,33,2400,13801,4,2
1784445714036359703,0,57030,35,2400,13801,0,0
1784445714036359703,1,65015,33,2400,13801,4,2
1784445714086358853,0,57030,35,2400,13801,0,0
1784445714086358853,1,92350,35,2857,13801,16,7
1784445714136359416,0,88294,37,2910,13801,15,6
1784445714136359416,1,92350,35,2857,13801,16,7
1784445714186358511,0,88294,37,2910,13801,15,6
1784445714186358511,1,92350,35,2857,13801,16,7
1784445714236359866,0,88294,37,2910,13801,15,6
1784445714236359866,1,92350,35,2857,13801,16,7
1784445714286359016,0,88294,37,2910,13801,15,6
1784445714286359016,1,92350,35,2857,13801,16,7
1784445714336358490,0,88294,37,2910,13801,15,6
1784445714336358490,1,92350,35,2857,13801,16,7
1784445714386358221,0,88294,37,2910,13801,15,6
1784445714386358221,1,92350,35,2857,13801,16,7
1784445714436358494,0,88294,37,2910,13801,15,6
1784445714436358494,1,92350,35,2857,13801,16,7
1784445714486358561,0,88294,37,2910,13801,15,6
1784445714486358561,1,92350,35,2857,13801,16,7
1784445714536364198,0,88294,37,2910,13801,15,6
1784445714536364198,1,92350,35,2857,13801,16,7
1784445714586359150,0,88294,37,2910,13801,15,6
1784445714586359150,1,120035,35,2865,13801,16,8
1784445714636358753,0,113873,37,2917,13801,16,7
1784445714636358753,1,120035,35,2865,13801,16,8
1784445714686361619,0,113873,37,2917,13801,16,7
1784445714686361619,1,120035,35,2865,13801,16,8
1784445714736359798,0,113873,37,2917,13801,16,7
1784445714736359798,1,120035,35,2865,13801,16,8
1784445714786359098,0,113873,37,2917,13801,16,7
1784445714786359098,1,120035,35,2865,13801,16,8
1784445714836358100,0,113873,37,2917,13801,16,7
1784445714836358100,1,120035,35,2865,13801,16,8
1784445714886358764,0,113873,37,2917,13801,16,7
1784445714886358764,1,120035,35,2865,13801,16,8
1784445714936358375,0,113873,37,2917,13801,16,7
1784445714936358375,1,120035,35,2865,13801,16,8
1784445714986358312,0,113873,37,2917,13801,16,7
1784445714986358312,1,120035,35,2865,13801,16,8
1784445715036359037,0,113873,37,2917,13801,16,7
1784445715036359037,1,120035,35,2865,13801,16,8
1784445715086358262,0,113873,37,2917,13801,16,7
1784445715086358262,1,117009,35,2857,13801,17,8
1784445715136359796,0,120897,37,2917,13801,16,7
1784445715136359796,1,117009,35,2857,13801,17,8
1784445715186358679,0,120897,37,2917,13801,16,7
1784445715186358679,1,117009,35,2857,13801,17,8
1784445715236359579,0,120897,37,2917,13801,16,7
1784445715236359579,1,117009,35,2857,13801,17,8
1784445715286358195,0,120897,37,2917,13801,16,7
1784445715286358195,1,117009,35,2857,13801,17,8
1784445715336358643,0,120897,37,2917,13801,16,7
1784445715336358643,1,117009,35,2857,13801,17,8
1784445715386359594,0,120897,37,2917,13801,16,7
1784445715386359594,1,117009,35,2857,13801,17,8
1784445715436358414,0,120897,37,2917,13801,16,7
1784445715436358414,1,117009,35,2857,13801,17,8
1784445715486361264,0,120897,37,2917,13801,16,7
1784445715486361264,1,117009,35,2857,13801,17,8
1784445715536359826,0,120897,37,2917,13801,16,7
1784445715536359826,1,117009,35,2857,13801,17,8
1784445715586359963,0,120897,37,2917,13801,16,7
1784445715586359963,1,118478,35,2857,13801,17,8
1784445715636358835,0,122227,38,2917,13801,16,7
1784445715636358835,1,118478,35,2857,13801,17,8
1784445715686358907,0,122227,38,2917,13801,16,7
1784445715686358907,1,118478,35,2857,13801,17,8
1784445715736360739,0,122227,38,2917,13801,16,7
1784445715736360739,1,118478,35,2857,13801,17,8
1784445715786358079,0,122227,38,2917,13801,16,7
1784445715786358079,1,118478,35,2857,13801,17,8
1784445715836358291,0,122227,38,2917,13801,16,7
1784445715836358291,1,118478,35,2857,13801,17,8
1784445715886358549,0,122227,38,2917,13801,16,7
1784445715886358549,1,118478,35,2857,13801,17,8
1784445715936359359,0,122227,38,2917,13801,16,7
1784445715936359359,1,118478,35,2857,13801,17,8
1784445715986361017,0,122227,38,2917,13801,16,7
1784445715986361017,1,118478,35,2857,13801,17,8
1784445716036360399,0,122227,38,2917,13801,16,7
1784445716036360399,1,118478,35,2857,13801,17,8
1784445716086360425,0,122227,38,2917,13801,16,7
1784445716086360425,1,120140,36,2857,13801,18,9
1784445716136362425,0,123739,38,2917,13801,17,8
1784445716136362425,1,120140,36,2857,13801,18,9
1784445716186361850,0,123739,38,2917,13801,17,8
1784445716186361850,1,120140,36,2857,13801,18,9
1784445716236361681,0,123739,38,2917,13801,17,8
1784445716236361681,1,120140,36,2857,13801,18,9
1784445716286360909,0,123739,38,2917,13801,17,8
1784445716286360909,1,120140,36,2857,13801,18,9
1784445716336360470,0,123739,38,2917,13801,17,8
1784445716336360470,1,120140,36,2857,13801,18,9
1784445716386360387,0,123739,38,2917,13801,17,8
1784445716386360387,1,120140,36,2857,13801,18,9
1784445716436360720,0,123739,38,2917,13801,17,8
1784445716436360720,1,120140,36,2857,13801,18,9
1784445716486360961,0,123739,38,2917,13801,17,8
1784445716486360961,1,120140,36,2857,13801,18,9
1784445716536361323,0,123739,38,2917,13801,17,8
1784445716536361323,1,120140,36,2857,13801,18,9
1784445716586360924,0,123739,38,2917,13801,17,8
1784445716586360924,1,120932,36,2857,13801,17,8
1784445716636360678,0,125210,38,2917,13801,17,8
1784445716636360678,1,120932,36,2857,13801,17,8
1784445716686360812,0,125210,38,2917,13801,17,8
1784445716686360812,1,120932,36,2857,13801,17,8
1784445716736360907,0,125210,38,2917,13801,17,8
1784445716736360907,1,120932,36,2857,13801,17,8
1784445716786360787,0,125210,38,2917,13801,17,8
1784445716786360787,1,120932,36,2857,13801,17,8
1784445716836360788,0,125210,38,2917,13801,17,8
1784445716836360788,1,120932,36,2857,13801,17,8
1784445716886352974,0,125210,38,2917,13801,17,8
1784445716886352974,1,120932,36,2857,13801,17,8
1784445716936361048,0,125210,38,2917,13801,17,8
1784445716936361048,1,120932,36,2857,13801,17,8
1784445716986352814,0,125210,38,2917,13801,17,8
1784445716986352814,1,120932,36,2857,13801,17,8
1784445717036359072,0,125210,38,2917,13801,17,8
1784445717036359072,1,120932,36,2857,13801,17,8
1784445717086349345,0,125210,38,2917,13801,17,8
1784445717086349345,1,120845,36,2857,13801,18,9
1784445717136360370,0,125508,38,2917,13801,17,8
1784445717136360370,1,120845,36,2857,13801,18,9
1784445717186352765,0,125508,38,2917,13801,17,8
1784445717186352765,1,120845,36,2857,13801,18,9
1784445717236359558,0,125508,38,2917,13801,17,8
1784445717236359558,1,120845,36,2857,13801,18,9
1784445717286352700,0,125508,38,2917,13801,17,8
1784445717286352700,1,120845,36,2857,13801,18,9
1784445717336357863,0,125508,38,2917,13801,17,8
1784445717336357863,1,120845,36,2857,13801,18,9
1784445717386352338,0,125508,38,2917,13801,17,8
1784445717386352338,1,120845,36,2857,13801,18,9
1784445717436357468,0,125508,38,2917,13801,17,8
1784445717436357468,1,120845,36,2857,13801,18,9
1784445717486352627,0,125508,38,2917,13801,17,8
1784445717486352627,1,120845,36,2857,13801,18,9
1784445717536357557,0,125508,38,2917,13801,17,8
1784445717536357557,1,120845,36,2857,13801,18,9
1784445717586354111,0,125508,38,2917,13801,17,8
1784445717586354111,1,121050,36,2857,13801,18,9
1784445717636360728,0,125798,38,2917,13801,17,8
1784445717636360728,1,121050,36,2857,13801,18,9
1784445717686354153,0,125798,38,2917,13801,17,8
1784445717686354153,1,121050,36,2857,13801,18,9
1784445717736363314,0,125798,38,2917,13801,17,8
1784445717736363314,1,121050,36,2857,13801,18,9
1784445717786360960,0,125798,38,2917,13801,17,8
1784445717786360960,1,121050,36,2857,13801,18,9
1784445717836362606,0,125798,38,2917,13801,17,8
1784445717836362606,1,121050,36,2857,13801,18,9
1784445717886360586,0,125798,38,2917,13801,17,8
1784445717886360586,1,121050,36,2857,13801,18,9
1784445717936363892,0,125798,38,2917,13801,17,8
1784445717936363892,1,121050,36,2857,13801,18,9
1784445717986364460,0,125798,38,2917,13801,17,8
1784445717986364460,1,121050,36,2857,13801,18,9
1784445718036359301,0,125798,38,2917,13801,17,8
1784445718036359301,1,121050,36,2857,13801,18,9
1784445718086360307,0,125798,38,2917,13801,17,8
1784445718086360307,1,121355,36,2857,13801,17,9
1784445718136357927,0,125544,38,2917,13801,17,8
1784445718136357927,1,121355,36,2857,13801,17,9
1784445718186361521,0,125544,38,2917,13801,17,8
1784445718186361521,1,121355,36,2857,13801,17,9
1784445718236362876,0,125544,38,2917,13801,17,8
1784445718236362876,1,121355,36,2857,13801,17,9
1784445718286361958,0,125544,38,2917,13801,17,8
1784445718286361958,1,121355,36,2857,13801,17,9
1784445718336360083,0,125544,38,2917,13801,17,8
1784445718336360083,1,121355,36,2857,13801,17,9
1784445718386352256,0,125544,38,2917,13801,17,8
1784445718386352256,1,121355,36,2857,13801,17,9
1784445718436361096,0,125544,38,2917,13801,17,8
1784445718436361096,1,121355,36,2857,13801,17,9
1784445718486362098,0,125544,38,2917,13801,17,8
1784445718486362098,1,121355,36,2857,13801,17,9
1784445718536360547,0,125544,38,2917,13801,17,8
1784445718536360547,1,121355,36,2857,13801,17,9
1784445718586364996,0,125544,38,2917,13801,17,8
1784445718586364996,1,121219,36,2857,13801,18,9
1784445718636364103,0,125732,38,2917,13801,17,8
1784445718636364103,1,121219,36,2857,13801,18,9
1784445718686360993,0,125732,38,2917,13801,17,8
1784445718686360993,1,121219,36,2857,13801,18,9
1784445718736359000,0,125732,38,2917,13801,17,8
1784445718736359000,1,121219,36,2857,13801,18,9
1784445718786360114,0,125732,38,2917,13801,17,8
1784445718786360114,1,121219,36,2857,13801,18,9
1784445718836359168,0,125732,38,2917,13801,17,8
1784445718836359168,1,121219,36,2857,13801,18,9
1784445718886364181,0,125732,38,2917,13801,17,8
1784445718886364181,1,121219,36,2857,13801,18,9
1784445718936362266,0,125732,38,2917,13801,17,8
1784445718936362266,1,121219,36,2857,13801,18,9
1784445718986363391,0,125732,38,2917,13801,17,8
1784445718986363391,1,121219,36,2857,13801,18,9
1784445719036359189,0,125732,38,2917,13801,17,8
1784445719036359189,1,121219,36,2857,13801,18,9
1784445719086363375,0,125732,38,2917,13801,17,8
1784445719086363375,1,121474,36,2857,13801,18,9
1784445719136363306,0,126021,38,2917,13801,16,7
1784445719136363306,1,121474,36,2857,13801,18,9
1784445719186362948,0,126021,38,2917,13801,16,7
1784445719186362948,1,121474,36,2857,13801,18,9
1784445719236360569,0,126021,38,2917,13801,16,7
1784445719236360569,1,121474,36,2857,13801,18,9
1784445719286364226,0,126021,38,2917,13801,16,7
1784445719286364226,1,121474,36,2857,13801,18,9
1784445719336363162,0,126021,38,2917,13801,16,7
1784445719336363162,1,121474,36,2857,13801,18,9
1784445719386362935,0,126021,38,2917,13801,16,7
1784445719386362935,1,121474,36,2857,13801,18,9
1784445719436363369,0,126021,38,2917,13801,16,7
1784445719436363369,1,121474,36,2857,13801,18,9
1784445719486362594,0,126021,38,2917,13801,16,7
1784445719486362594,1,121474,36,2857,13801,18,9
1784445719536359575,0,126021,38,2917,13801,16,7
1784445719536359575,1,121474,36,2857,13801,18,9
1784445719586365654,0,126021,38,2917,13801,16,7
1784445719586365654,1,121587,36,2857,13801,18,9
1784445719636363121,0,125176,38,2917,13801,17,8
1784445719636363121,1,121587,36,2857,13801,18,9
1784445719686363993,0,125176,38,2917,13801,17,8
1784445719686363993,1,121587,36,2857,13801,18,9
1784445719736363415,0,125176,38,2917,13801,17,8
1784445719736363415,1,121587,36,2857,13801,18,9
1784445719786362982,0,125176,38,2917,13801,17,8
1784445719786362982,1,121587,36,2857,13801,18,9
1784445719836361484,0,125176,38,2917,13801,17,8
1784445719836361484,1,121587,36,2857,13801,18,9
1784445719886363265,0,125176,38,2917,13801,17,8
1784445719886363265,1,121587,36,2857,13801,18,9
1784445719936361884,0,125176,38,2917,13801,17,8
1784445719936361884,1,121587,36,2857,13801,18,9
1784445719986361922,0,125176,38,2917,13801,17,8
1784445719986361922,1,121587,36,2857,13801,18,9
1784445720036361932,0,125176,38,2917,13801,17,8
1784445720036361932,1,121587,36,2857,13801,18,9
1784445720086364235,0,125176,38,2917,13801,17,8
1784445720086364235,1,121500,36,2865,13801,18,9
1784445720136361025,0,125002,38,2917,13801,16,8
1784445720136361025,1,121500,36,2865,13801,18,9
1784445720186361852,0,125002,38,2917,13801,16,8
1784445720186361852,1,121500,36,2865,13801,18,9
1784445720236365501,0,125002,38,2917,13801,16,8
1784445720236365501,1,121500,36,2865,13801,18,9
1784445720286361476,0,125002,38,2917,13801,16,8
1784445720286361476,1,121500,36,2865,13801,18,9
1784445720336360889,0,125002,38,2917,13801,16,8
1784445720336360889,1,121500,36,2865,13801,18,9
1784445720386361438,0,125002,38,2917,13801,16,8
1784445720386361438,1,121500,36,2865,13801,18,9
1784445720436364419,0,125002,38,2917,13801,16,8
1784445720436364419,1,121500,36,2865,13801,18,9
1784445720486361098,0,125002,38,2917,13801,16,8
1784445720486361098,1,121500,36,2865,13801,18,9
1784445720536365777,0,125002,38,2917,13801,16,8
1784445720536365777,1,121500,36,2865,13801,18,9
1784445720586362970,0,125002,38,2917,13801,16,8
1784445720586362970,1,121474,36,2857,13801,18,9
1784445720636363065,0,125752,38,2917,13801,17,8
1784445720636363065,1,121474,36,2857,13801,18,9
1784445720686356192,0,125752,38,2917,13801,17,8
1784445720686356192,1,121474,36,2857,13801,18,9
1784445720736362597,0,125752,38,2917,13801,17,8
1784445720736362597,1,121474,36,2857,13801,18,9
1784445720786363452,0,125752,38,2917,13801,17,8
1784445720786363452,1,121474,36,2857,13801,18,9
1784445720836360210,0,125752,38,2917,13801,17,8
1784445720836360210,1,121474,36,2857,13801,18,9
1784445720886359951,0,125752,38,2917,13801,17,8
1784445720886359951,1,121474,36,2857,13801,18,9
1784445720936358866,0,125752,38,2917,13801,17,8
1784445720936358866,1,121474,36,2857,13801,18,9
1784445720986355180,0,125752,38,2917,13801,17,8
1784445720986355180,1,121474,36,2857,13801,18,9
1784445721036360268,0,125752,38,2917,13801,17,8
1784445721036360268,1,121474,36,2857,13801,18,9
1784445721086360613,0,125752,38,2917,13801,17,8
1784445721086360613,1,121541,36,2857,13801,17,8
1784445721136359562,0,125875,38,2917,13801,17,8
1784445721136359562,1,121541,36,2857,13801,17,8
1784445721186360273,0,125875,38,2917,13801,17,8
1784445721186360273,1,121541,36,2857,13801,17,8
1784445721236359620,0,125875,38,2917,13801,17,8
1784445721236359620,1,121541,36,2857,13801,17,8
1784445721286360518,0,125875,38,2917,13801,17,8
1784445721286360518,1,121541,36,2857,13801,17,8
1784445721336358203,0,125875,38,2917,13801,17,8
1784445721336358203,1,121541,36,2857,13801,17,8
1784445721386360046,0,125875,38,2917,13801,17,8
1784445721386360046,1,121541,36,2857,13801,17,8
1784445721436358379,0,125875,38,2917,13801,17,8
1784445721436358379,1,121541,36,2857,13801,17,8
1784445721486356104,0,125875,38,2917,13801,17,8
1784445721486356104,1,121541,36,2857,13801,17,8
1784445721536402643,0,125875,38,2917,13801,17,8
1784445721536402643,1,121541,36,2857,13801,17,8
1784445721586366510,0,125875,38,2917,13801,17,8
1784445721586366510,1,122017,36,2857,13801,18,9
1784445721636360547,0,126227,38,2917,13801,17,8
1784445721636360547,1,122017,36,2857,13801,18,9
1784445721686358850,0,126227,38,2917,13801,17,8
1784445721686358850,1,122017,36,2857,13801,18,9
1784445721736359723,0,126227,38,2917,13801,17,8
1784445721736359723,1,122017,36,2857,13801,18,9
1784445721786358401,0,126227,38,2917,13801,17,8
1784445721786358401,1,122017,36,2857,13801,18,9
1784445721836358187,0,126227,38,2917,13801,17,8
1784445721836358187,1,122017,36,2857,13801,18,9
1784445721886358540,0,126227,38,2917,13801,17,8
1784445721886358540,1,122017,36,2857,13801,18,9
1784445721936357854,0,126227,38,2917,13801,17,8
1784445721936357854,1,122017,36,2857,13801,18,9
1784445721986359019,0,126227,38,2917,13801,17,8
1784445721986359019,1,122017,36,2857,13801,18,9
1784445722036358274,0,126227,38,2917,13801,17,8
1784445722036358274,1,122017,36,2857,13801,18,9
1784445722086358856,0,126227,38,2917,13801,17,8
1784445722086358856,1,121837,36,2865,13801,18,9
1784445722136358417,0,126697,38,2917,13801,17,8
1784445722136358417,1,121837,36,2865,13801,18,9
1784445722186358367,0,126697,38,2917,13801,17,8
1784445722186358367,1,121837,36,2865,13801,18,9
1784445722236360079,0,126697,38,2917,13801,17,8
1784445722236360079,1,121837,36,2865,13801,18,9
1784445722286352854,0,126697,38,2917,13801,17,8
1784445722286352854,1,121837,36,2865,13801,18,9
1784445722336359454,0,126697,38,2917,13801,17,8
1784445722336359454,1,121837,36,2865,13801,18,9
1784445722386358699,0,126697,38,2917,13801,17,8
1784445722386358699,1,121837,36,2865,13801,18,9
1784445722436358160,0,126697,38,2917,13801,17,8
1784445722436358160,1,121837,36,2865,13801,18,9
1784445722486358900,0,126697,38,2917,13801,17,8
1784445722486358900,1,121837,36,2865,13801,18,9
1784445722536358317,0,126697,38,2917,13801,17,8
1784445722536358317,1,121837,36,2865,13801,18,9
1784445722586360778,0,126697,38,2917,13801,17,8
1784445722586360778,1,121668,36,2857,13801,18,8
1784445722636357439,0,126730,38,2917,13801,17,8
1784445722636357439,1,121668,36,2857,13801,18,8
1784445722686358791,0,126730,38,2917,13801,17,8
1784445722686358791,1,121668,36,2857,13801,18,8
1784445722736358229,0,126730,38,2917,13801,17,8
1784445722736358229,1,121668,36,2857,13801,18,8
1784445722786358642,0,126730,38,2917,13801,17,8
1784445722786358642,1,121668,36,2857,13801,18,8
1784445722836359879,0,126730,38,2917,13801,17,8
1784445722836359879,1,121668,36,2857,13801,18,8
1784445722886358126,0,126730,38,2917,13801,17,8
1784445722886358126,1,121668,36,2857,13801,18,8
1784445722936358420,0,126730,38,2917,13801,17,8
1784445722936358420,1,121668,36,2857,13801,18,8
1784445722986357912,0,126730,38,2917,13801,17,8
1784445722986357912,1,121668,36,2857,13801,18,8
1784445723036358501,0,126730,38,2917,13801,17,8
1784445723036358501,1,121668,36,2857,13801,18,8
1784445723086358731,0,126730,38,2917,13801,17,8
1784445723086358731,1,121885,36,2857,13801,18,9
1784445723136358140,0,126340,38,2917,13801,17,8
1784445723136358140,1,121885,36,2857,13801,18,9
1784445723186360191,0,126340,38,2917,13801,17,8
1784445723186360191,1,121885,36,2857,13801,18,9
1784445723236360958,0,126340,38,2917,13801,17,8
1784445723236360958,1,121885,36,2857,13801,18,9
1784445723286358949,0,126340,38,2917,13801,17,8
1784445723286358949,1,121885,36,2857,13801,18,9
1784445723336357439,0,126340,38,2917,13801,17,8
1784445723336357439,1,121885,36,2857,13801,18,9
1784445723386358461,0,126340,38,2917,13801,17,8
1784445723386358461,1,121885,36,2857,13801,18,9
1784445723436358580,0,126340,38,2917,13801,17,8
1784445723436358580,1,121885,36,2857,13801,18,9
1784445723486359347,0,126340,38,2917,13801,17,8
1784445723486359347,1,121885,36,2857,13801,18,9
1784445723536359116,0,126340,38,2917,13801,17,8
1784445723536359116,1,121885,36,2857,13801,18,9
1784445723586358078,0,126340,38,2917,13801,17,8
1784445723586358078,1,122107,36,2857,13801,18,9
1784445723636357912,0,126358,38,2917,13801,17,8
1784445723636357912,1,122107,36,2857,13801,18,9
1784445723686358013,0,126358,38,2917,13801,17,8
1784445723686358013,1,122107,36,2857,13801,18,9
1784445723736358867,0,126358,38,2917,13801,17,8
1784445723736358867,1,122107,36,2857,13801,18,9
1784445723786359237,0,126358,38,2917,13801,17,8
1784445723786359237,1,122107,36,2857,13801,18,9
1784445723836358623,0,126358,38,2917,13801,17,8
1784445723836358623,1,122107,36,2857,13801,18,9
1784445723886358074,0,126358,38,2917,13801,17,8
1784445723886358074,1,122107,36,2857,13801,18,9
1784445723936357893,0,126358,38,2917,13801,17,8
1784445723936357893,1,122107,36,2857,13801,18,9
1784445723986359055,0,126358,38,2917,13801,17,8
1784445723986359055,1,122107,36,2857,13801,18,9
1784445724036358462,0,126358,38,2917,13801,17,8
1784445724036358462,1,122107,36,2857,13801,18,9
1784445724086357594,0,126358,38,2917,13801,17,8
1784445724086357594,1,122161,36,2857,13801,18,9
1784445724136358282,0,126421,38,2917,13801,17,8
1784445724136358282,1,122161,36,2857,13801,18,9
1784445724186358947,0,126421,38,2917,13801,17,8
1784445724186358947,1,122161,36,2857,13801,18,9
1784445724236360161,0,126421,38,2917,13801,17,8
1784445724236360161,1,122161,36,2857,13801,18,9
1784445724286359185,0,126421,38,2917,13801,17,8
1784445724286359185,1,122161,36,2857,13801,18,9
1784445724336358383,0,126421,38,2917,13801,17,8
1784445724336358383,1,122161,36,2857,13801,18,9
1784445724386358622,0,126421,38,2917,13801,17,8
1784445724386358622,1,122161,36,2857,13801,18,9
1784445724436358197,0,126421,38,2917,13801,17,8
1784445724436358197,1,122161,36,2857,13801,18,9
1784445724486358630,0,126421,38,2917,13801,17,8
1784445724486358630,1,122161,36,2857,13801,18,9
1784445724536358459,0,126421,38,2917,13801,17,8
1784445724536358459,1,122161,36,2857,13801,18,9
1784445724586358341,0,126421,38,2917,13801,17,8
1784445724586358341,1,122105,36,2857,13801,18,9
1784445724636359868,0,126408,38,2917,13801,17,8
1784445724636359868,1,122105,36,2857,13801,18,9
1784445724686358564,0,126408,38,2917,13801,17,8
1784445724686358564,1,122105,36,2857,13801,18,9
1784445724736357974,0,126408,38,2917,13801,17,8
1784445724736357974,1,122105,36,2857,13801,18,9
1784445724786358346,0,126408,38,2917,13801,17,8
1784445724786358346,1,122105,36,2857,13801,18,9
1784445724836358021,0,126408,38,2917,13801,17,8
1784445724836358021,1,122105,36,2857,13801,18,9
1784445724886358347,0,126408,38,2917,13801,17,8
1784445724886358347,1,122105,36,2857,13801,18,9
1784445724936358969,0,126408,38,2917,13801,17,8
1784445724936358969,1,122105,36,2857,13801,18,9
1784445724986358397,0,126408,38,2917,13801,17,8
1784445724986358397,1,122105,36,2857,13801,18,9
1784445725036358922,0,126408,38,2917,13801,17,8
1784445725036358922,1,122105,36,2857,13801,18,9
1784445725086358204,0,126408,38,2917,13801,17,8
1784445725086358204,1,122311,36,2857,13801,18,9
1784445725136358417,0,126470,38,2917,13801,17,8
1784445725136358417,1,122311,36,2857,13801,18,9
1784445725186357896,0,126470,38,2917,13801,17,8
1784445725186357896,1,122311,36,2857,13801,18,9
1784445725236360613,0,126470,38,2917,13801,17,8
1784445725236360613,1,122311,36,2857,13801,18,9
1784445725286358401,0,126470,38,2917,13801,17,8
1784445725286358401,1,122311,36,2857,13801,18,9
1784445725336358788,0,126470,38,2917,13801,17,8
1784445725336358788,1,122311,36,2857,13801,18,9
1784445725386359653,0,126470,38,2917,13801,17,8
1784445725386359653,1,122311,36,2857,13801,18,9
1784445725436359620,0,126470,38,2917,13801,17,8
1784445725436359620,1,122311,36,2857,13801,18,9
1784445725486358174,0,126470,38,2917,13801,17,8
1784445725486358174,1,122311,36,2857,13801,18,9
1784445725536358545,0,126470,38,2917,13801,17,8
1784445725536358545,1,122311,36,2857,13801,18,9
1784445725586357875,0,126470,38,2917,13801,17,8
1784445725586357875,1,122335,36,2857,13801,18,9
1784445725636357747,0,126289,38,2917,13801,17,8
1784445725636357747,1,122335,36,2857,13801,18,9
1784445725686358597,0,126289,38,2917,13801,17,8
1784445725686358597,1,122335,36,2857,13801,18,9
1784445725736359359,0,126289,38,2917,13801,17,8
1784445725736359359,1,122335,36,2857,13801,18,9
1784445725786358911,0,126289,38,2917,13801,17,8
1784445725786358911,1,122335,36,2857,13801,18,9
1784445725836359067,0,126289,38,2917,13801,17,8
1784445725836359067,1,122335,36,2857,13801,18,9
1784445725886358762,0,126289,38,2917,13801,17,8
1784445725886358762,1,122335,36,2857,13801,18,9
1784445725936358911,0,126289,38,2917,13801,17,8
1784445725936358911,1,122335,36,2857,13801,18,9
1784445725986358723,0,126289,38,2917,13801,17,8
1784445725986358723,1,122335,36,2857,13801,18,9
1784445726036358087,0,126289,38,2917,13801,17,8
1784445726036358087,1,122335,36,2857,13801,18,9
1784445726086358736,0,126289,38,2917,13801,17,8
1784445726086358736,1,122796,36,2857,13801,18,9
1784445726136358493,0,126763,38,2917,13801,18,8
1784445726136358493,1,122796,36,2857,13801,18,9
1784445726186358314,0,126763,38,2917,13801,18,8
1784445726186358314,1,122796,36,2857,13801,18,9
1784445726236360651,0,126763,38,2917,13801,18,8
1784445726236360651,1,122796,36,2857,13801,18,9
1784445726286352365,0,126763,38,2917,13801,18,8
1784445726286352365,1,122796,36,2857,13801,18,9
1784445726336358546,0,126763,38,2917,13801,18,8
1784445726336358546,1,122796,36,2857,13801,18,9
1784445726386359071,0,126763,38,2917,13801,18,8
1784445726386359071,1,122796,36,2857,13801,18,9
1784445726436358454,0,126763,38,2917,13801,18,8
1784445726436358454,1,122796,36,2857,13801,18,9
1784445726486358891,0,126763,38,2917,13801,18,8
1784445726486358891,1,122796,36,2857,13801,18,9
1784445726536358200,0,126763,38,2917,13801,18,8
1784445726536358200,1,122796,36,2857,13801,18,9
1784445726586358864,0,126763,38,2917,13801,18,8
1784445726586358864,1,123190,36,2865,13801,18,9
1784445726636358279,0,126677,38,2917,13801,17,8
1784445726636358279,1,123190,36,2865,13801,18,9
1784445726686360264,0,126677,38,2917,13801,17,8
1784445726686360264,1,123190,36,2865,13801,18,9
1784445726736358298,0,126677,38,2917,13801,17,8
1784445726736358298,1,123190,36,2865,13801,18,9
1784445726786358651,0,126677,38,2917,13801,17,8
1784445726786358651,1,123190,36,2865,13801,18,9
1784445726836358615,0,126677,38,2917,13801,17,8
1784445726836358615,1,123190,36,2865,13801,18,9
1784445726886364099,0,126677,38,2917,13801,17,8
1784445726886364099,1,123190,36,2865,13801,18,9
1784445726936371594,0,126677,38,2917,13801,17,8
1784445726936371594,1,123190,36,2865,13801,18,9
1784445726986360607,0,126677,38,2917,13801,17,8
1784445726986360607,1,123190,36,2865,13801,18,9
1784445727036359535,0,126677,38,2917,13801,17,8
1784445727036359535,1,123190,36,2865,13801,18,9
1784445727086365657,0,126677,38,2917,13801,17,8
1784445727086365657,1,122855,36,2857,13801,18,9
1784445727136363285,0,126420,39,2917,13801,17,8
1784445727136363285,1,122855,36,2857,13801,18,9
1784445727186360830,0,126420,39,2917,13801,17,8
1784445727186360830,1,122855,36,2857,13801,18,9
1784445727236361368,0,126420,39,2917,13801,17,8
1784445727236361368,1,122855,36,2857,13801,18,9
1784445727286360830,0,126420,39,2917,13801,17,8
1784445727286360830,1,122855,36,2857,13801,18,9
1784445727336360355,0,126420,39,2917,13801,17,8
1784445727336360355,1,122855,36,2857,13801,18,9
1784445727386360365,0,126420,39,2917,13801,17,8
1784445727386360365,1,122855,36,2857,13801,18,9
1784445727436361976,0,126420,39,2917,13801,17,8
1784445727436361976,1,122855,36,2857,13801,18,9
1784445727486360830,0,126420,39,2917,13801,17,8
1784445727486360830,1,122855,36,2857,13801,18,9
1784445727536359782,0,126420,39,2917,13801,17,8
1784445727536359782,1,122855,36,2857,13801,18,9
1784445727586362444,0,126420,39,2917,13801,17,8
1784445727586362444,1,122767,36,2857,13801,18,9
1784445727636360235,0,126473,38,2917,13801,17,8
1784445727636360235,1,122767,36,2857,13801,18,9
1784445727686361230,0,126473,38,2917,13801,17,8
1784445727686361230,1,122767,36,2857,13801,18,9
1784445727736358983,0,126473,38,2917,13801,17,8
1784445727736358983,1,122767,36,2857,13801,18,9
1784445727786359255,0,126473,38,2917,13801,17,8
1784445727786359255,1,122767,36,2857,13801,18,9
1784445727836369993,0,126473,38,2917,13801,17,8
1784445727836369993,1,122767,36,2857,13801,18,9
1784445727886364860,0,126473,38,2917,13801,17,8
1784445727886364860,1,122767,36,2857,13801,18,9
1784445727936365818,0,126473,38,2917,13801,17,8
1784445727936365818,1,122767,36,2857,13801,18,9
1784445727986366444,0,126473,38,2917,13801,17,8
1784445727986366444,1,122767,36,2857,13801,18,9
1784445728036363293,0,126473,38,2917,13801,17,8
1784445728036363293,1,122767,36,2857,13801,18,9
1784445728086361788,0,126473,38,2917,13801,17,8
1784445728086361788,1,122397,36,2857,13801,17,9
1784445728136363554,0,126345,38,2917,13801,17,8
1784445728136363554,1,122397,36,2857,13801,17,9
1784445728186363541,0,126345,38,2917,13801,17,8
1784445728186363541,1,122397,36,2857,13801,17,9
1784445728236366701,0,126345,38,2917,13801,17,8
1784445728236366701,1,122397,36,2857,13801,17,9
1784445728286361970,0,126345,38,2917,13801,17,8
1784445728286361970,1,122397,36,2857,13801,17,9
1784445728336365319,0,126345,38,2917,13801,17,8
1784445728336365319,1,122397,36,2857,13801,17,9
1784445728386364779,0,126345,38,2917,13801,17,8
1784445728386364779,1,122397,36,2857,13801,17,9
1784445728436361815,0,126345,38,2917,13801,17,8
1784445728436361815,1,122397,36,2857,13801,17,9
1784445728486365773,0,126345,38,2917,13801,17,8
1784445728486365773,1,122397,36,2857,13801,17,9
1784445728536366364,0,126345,38,2917,13801,17,8
1784445728536366364,1,122397,36,2857,13801,17,9
1784445728586366017,0,126345,38,2917,13801,17,8
1784445728586366017,1,121552,36,2865,13801,17,8
1784445728636360262,0,125952,39,2917,13801,17,8
1784445728636360262,1,121552,36,2865,13801,17,8
1784445728686362159,0,125952,39,2917,13801,17,8
1784445728686362159,1,121552,36,2865,13801,17,8
1784445728736364355,0,125952,39,2917,13801,17,8
1784445728736364355,1,121552,36,2865,13801,17,8
1784445728786362408,0,125952,39,2917,13801,17,8
1784445728786362408,1,121552,36,2865,13801,17,8
1784445728836359864,0,125952,39,2917,13801,17,8
1784445728836359864,1,121552,36,2865,13801,17,8
1784445728886360653,0,125952,39,2917,13801,17,8
1784445728886360653,1,121552,36,2865,13801,17,8
1784445728936360703,0,125952,39,2917,13801,17,8
1784445728936360703,1,121552,36,2865,13801,17,8
1784445728986360717,0,125952,39,2917,13801,17,8
1784445728986360717,1,121552,36,2865,13801,17,8
1784445729036359972,0,125952,39,2917,13801,17,8
1784445729036359972,1,121552,36,2865,13801,17,8
1784445729086377754,0,125952,39,2917,13801,17,8
1784445729086377754,1,121464,36,2857,13801,18,9
1784445729136359802,0,125945,38,2917,13801,17,8
1784445729136359802,1,121464,36,2857,13801,18,9
1784445729186359816,0,125945,38,2917,13801,17,8
1784445729186359816,1,121464,36,2857,13801,18,9
1784445729236360553,0,125945,38,2917,13801,17,8
1784445729236360553,1,121464,36,2857,13801,18,9
1784445729286357753,0,125945,38,2917,13801,17,8
1784445729286357753,1,121464,36,2857,13801,18,9
1784445729336360699,0,125945,38,2917,13801,17,8
1784445729336360699,1,121464,36,2857,13801,18,9
1784445729386360141,0,125945,38,2917,13801,17,8
1784445729386360141,1,121464,36,2857,13801,18,9
1784445729436362523,0,125945,38,2917,13801,17,8
1784445729436362523,1,121464,36,2857,13801,18,9
1784445729486360468,0,125945,38,2917,13801,17,8
1784445729486360468,1,121464,36,2857,13801,18,9
1784445729536359026,0,125945,38,2917,13801,17,8
1784445729536359026,1,121464,36,2857,13801,18,9
1784445729586359286,0,125945,38,2917,13801,17,8
1784445729586359286,1,121626,37,2857,13801,18,9
1784445729636360582,0,126293,39,2917,13801,17,8
1784445729636360582,1,121626,37,2857,13801,18,9
1784445729686360265,0,126293,39,2917,13801,17,8
1784445729686360265,1,121626,37,2857,13801,18,9
1784445729736360525,0,126293,39,2917,13801,17,8
1784445729736360525,1,121626,37,2857,13801,18,9
1784445729786361353,0,126293,39,2917,13801,17,8
1784445729786361353,1,121626,37,2857,13801,18,9
1784445729836361436,0,126293,39,2917,13801,17,8
1784445729836361436,1,121626,37,2857,13801,18,9
1784445729886361165,0,126293,39,2917,13801,17,8
1784445729886361165,1,121626,37,2857,13801,18,9
1784445729936360848,0,126293,39,2917,13801,17,8
1784445729936360848,1,121626,37,2857,13801,18,9
1784445729986361786,0,126293,39,2917,13801,17,8
1784445729986361786,1,121626,37,2857,13801,18,9
1784445730036360824,0,126293,39,2917,13801,17,8
1784445730036360824,1,121626,37,2857,13801,18,9
1784445730086375428,0,126293,39,2917,13801,17,8
1784445730086375428,1,121985,37,2865,13801,18,9
1784445730136363317,0,126542,39,2917,13801,17,8
1784445730136363317,1,121985,37,2865,13801,18,9
1784445730186361198,0,126542,39,2917,13801,17,8
1784445730186361198,1,121985,37,2865,13801,18,9
1784445730236361515,0,126542,39,2917,13801,17,8
1784445730236361515,1,121985,37,2865,13801,18,9
1784445730286364613,0,126542,39,2917,13801,17,8
1784445730286364613,1,121985,37,2865,13801,18,9
1784445730336361144,0,126542,39,2917,13801,17,8
1784445730336361144,1,121985,37,2865,13801,18,9
1784445730386361049,0,126542,39,2917,13801,17,8
1784445730386361049,1,121985,37,2865,13801,18,9
1784445730436361511,0,126542,39,2917,13801,17,8
1784445730436361511,1,121985,37,2865,13801,18,9
1784445730486359342,0,126542,39,2917,13801,17,8
1784445730486359342,1,121985,37,2865,13801,18,9
1784445730536359836,0,126542,39,2917,13801,17,8
1784445730536359836,1,121985,37,2865,13801,18,9
1784445730586359040,0,126542,39,2917,13801,17,8
1784445730586359040,1,121980,37,2865,13801,18,9
1784445730636360616,0,126182,39,2917,13801,17,8
1784445730636360616,1,121980,37,2865,13801,18,9
1784445730686353559,0,126182,39,2917,13801,17,8
1784445730686353559,1,121980,37,2865,13801,18,9
1784445730736362425,0,126182,39,2917,13801,17,8
1784445730736362425,1,121980,37,2865,13801,18,9
1784445730786352250,0,126182,39,2917,13801,17,8
1784445730786352250,1,121980,37,2865,13801,18,9
1784445730836359738,0,126182,39,2917,13801,17,8
1784445730836359738,1,121980,37,2865,13801,18,9
1784445730886353447,0,126182,39,2917,13801,17,8
1784445730886353447,1,121980,37,2865,13801,18,9
1784445730936360023,0,126182,39,2917,13801,17,8
1784445730936360023,1,121980,37,2865,13801,18,9
1784445730986355102,0,126182,39,2917,13801,17,8
1784445730986355102,1,121980,37,2865,13801,18,9
1784445731036360283,0,126182,39,2917,13801,17,8
1784445731036360283,1,121980,37,2865,13801,18,9
1784445731086352643,0,126182,39,2917,13801,17,8
1784445731086352643,1,102594,35,2445,13801,0,0
1784445731136359579,0,125936,39,2917,13801,16,7
1784445731136359579,1,102594,35,2445,13801,0,0
1784445731186352177,0,125936,39,2917,13801,16,7
1784445731186352177,1,102594,35,2445,13801,0,0
1784445731236359778,0,125936,39,2917,13801,16,7
1784445731236359778,1,102594,35,2445,13801,0,0
1784445731286352521,0,125936,39,2917,13801,16,7
1784445731286352521,1,102594,35,2445,13801,0,0
1784445731336357562,0,125936,39,2917,13801,16,7
1784445731336357562,1,102594,35,2445,13801,0,0
1784445731386351411,0,125936,39,2917,13801,16,7
1784445731386351411,1,102594,35,2445,13801,0,0
1784445731436357666,0,125936,39,2917,13801,16,7
1784445731436357666,1,102594,35,2445,13801,0,0
1784445731486354325,0,125936,39,2917,13801,16,7
1784445731486354325,1,102594,35,2445,13801,0,0
1784445731536361052,0,125936,39,2917,13801,16,7
1784445731536361052,1,102594,35,2445,13801,0,0
1784445731586359118,0,125936,39,2917,13801,16,7
1784445731586359118,1,73518,34,2400,13801,0,0
1784445731636358819,0,96350,36,2400,13801,0,0
1784445731636358819,1,73518,34,2400,13801,0,0
1784445731686358707,0,96350,36,2400,13801,0,0
1784445731686358707,1,73518,34,2400,13801,0,0
1784445731736357912,0,96350,36,2400,13801,0,0
1784445731736357912,1,73518,34,2400,13801,0,0
1784445731786361616,0,96350,36,2400,13801,0,0
1784445731786361616,1,73518,34,2400,13801,0,0
1784445731836360882,0,96350,36,2400,13801,0,0
1784445731836360882,1,73518,34,2400,13801,0,0
1784445731886360074,0,96350,36,2400,13801,0,0
1784445731886360074,1,73518,34,2400,13801,0,0
1784445731936359727,0,96350,36,2400,13801,0,0
1784445731936359727,1,73518,34,2400,13801,0,0
1784445731986359457,0,96350,36,2400,13801,0,0
1784445731986359457,1,73518,34,2400,13801,0,0
1784445732036359574,0,96350,36,2400,13801,0,0
1784445732036359574,1,73518,34,2400,13801,0,0
1784445732086358717,0,96350,36,2400,13801,0,0
1784445732086358717,1,63780,34,2400,13801,0,0
1784445732136361288,0,64743,35,2400,13801,0,0
1784445732136361288,1,63780,34,2400,13801,0,0
1784445732186358614,0,64743,35,2400,13801,0,0
1784445732186358614,1,63780,34,2400,13801,0,0
1784445732236359220,0,64743,35,2400,13801,0,0
1784445732236359220,1,63780,34,2400,13801,0,0
1784445732286353422,0,64743,35,2400,13801,0,0
1784445732286353422,1,63780,34,2400,13801,0,0
1784445732336362523,0,64743,35,2400,13801,0,0
1784445732336362523,1,63780,34,2400,13801,0,0
1784445732386361468,0,64743,35,2400,13801,0,0
1784445732386361468,1,63780,34,2400,13801,0,0
1784445732436361013,0,64743,35,2400,13801,0,0
1784445732436361013,1,63780,34,2400,13801,0,0
1784445732486362288,0,64743,35,2400,13801,0,0
1784445732486362288,1,63780,34,2400,13801,0,0
1784445732536361348,0,64743,35,2400,13801,0,0
1784445732536361348,1,63780,34,2400,13801,0,0
1784445732586354585,0,64743,35,2400,13801,0,0
1784445732586354585,1,82809,36,2692,13801,17,8
1784445732636361168,0,87886,38,2910,13801,15,6
1784445732636361168,1,82809,36,2692,13801,17,8
1784445732686348705,0,87886,38,2910,13801,15,6
1784445732686348705,1,82809,36,2692,13801,17,8
1784445732736359060,0,87886,38,2910,13801,15,6
1784445732736359060,1,82809,36,2692,13801,17,8
1784445732786349131,0,87886,38,2910,13801,15,6
1784445732786349131,1,82809,36,2692,13801,17,8
1784445732836359018,0,87886,38,2910,13801,15,6
1784445732836359018,1,82809,36,2692,13801,17,8
1784445732886348811,0,87886,38,2910,13801,15,6
1784445732886348811,1,82809,36,2692,13801,17,8
1784445732936359956,0,87886,38,2910,13801,15,6
1784445732936359956,1,82809,36,2692,13801,17,8
1784445732986348778,0,87886,38,2910,13801,15,6
1784445732986348778,1,82809,36,2692,13801,17,8
1784445733036357970,0,87886,38,2910,13801,15,6
1784445733036357970,1,82809,36,2692,13801,17,8
1784445733086352164,0,87886,38,2910,13801,15,6
1784445733086352164,1,104694,36,2865,13801,16,7
1784445733136357422,0,122182,38,2917,13801,16,7
1784445733136357422,1,104694,36,2865,13801,16,7
1784445733186348995,0,122182,38,2917,13801,16,7
1784445733186348995,1,104694,36,2865,13801,16,7
1784445733236357663,0,122182,38,2917,13801,16,7
1784445733236357663,1,104694,36,2865,13801,16,7
1784445733286354840,0,122182,38,2917,13801,16,7
1784445733286354840,1,104694,36,2865,13801,16,7
1784445733336360541,0,122182,38,2917,13801,16,7
1784445733336360541,1,104694,36,2865,13801,16,7
1784445733386360643,0,122182,38,2917,13801,16,7
1784445733386360643,1,104694,36,2865,13801,16,7
1784445733436360706,0,122182,38,2917,13801,16,7
1784445733436360706,1,104694,36,2865,13801,16,7
1784445733486360274,0,122182,38,2917,13801,16,7
1784445733486360274,1,104694,36,2865,13801,16,7
1784445733536359842,0,122182,38,2917,13801,16,7
1784445733536359842,1,104694,36,2865,13801,16,7
1784445733586360129,0,122182,38,2917,13801,16,7
1784445733586360129,1,118150,36,2865,13801,17,9
1784445733636359929,0,120559,38,2917,13801,16,7
1784445733636359929,1,118150,36,2865,13801,17,9
1784445733686361346,0,120559,38,2917,13801,16,7
1784445733686361346,1,118150,36,2865,13801,17,9
1784445733736360383,0,120559,38,2917,13801,16,7
1784445733736360383,1,118150,36,2865,13801,17,9
1784445733786360224,0,120559,38,2917,13801,16,7
1784445733786360224,1,118150,36,2865,13801,17,9
1784445733836360683,0,120559,38,2917,13801,16,7
1784445733836360683,1,118150,36,2865,13801,17,9
1784445733886360517,0,120559,38,2917,13801,16,7
1784445733886360517,1,118150,36,2865,13801,17,9
1784445733936360547,0,120559,38,2917,13801,16,7
1784445733936360547,1,118150,36,2865,13801,17,9
1784445733986360542,0,120559,38,2917,13801,16,7
1784445733986360542,1,118150,36,2865,13801,17,9
1784445734036361160,0,120559,38,2917,13801,16,7
1784445734036361160,1,118150,36,2865,13801,17,9
1784445734086360201,0,120559,38,2917,13801,16,7
1784445734086360201,1,119758,36,2865,13801,17,8
1784445734136362925,0,122011,39,2917,13801,17,7
1784445734136362925,1,119758,36,2865,13801,17,8
1784445734186361656,0,122011,39,2917,13801,17,7
1784445734186361656,1,119758,36,2865,13801,17,8
1784445734236361028,0,122011,39,2917,13801,17,7
1784445734236361028,1,119758,36,2865,13801,17,8
1784445734286351692,0,122011,39,2917,13801,17,7
1784445734286351692,1,119758,36,2865,13801,17,8
1784445734336360835,0,122011,39,2917,13801,17,7
1784445734336360835,1,119758,36,2865,13801,17,8
1784445734386354967,0,122011,39,2917,13801,17,7
1784445734386354967,1,119758,36,2865,13801,17,8
1784445734436358924,0,122011,39,2917,13801,17,7
1784445734436358924,1,119758,36,2865,13801,17,8
1784445734486348685,0,122011,39,2917,13801,17,7
1784445734486348685,1,119758,36,2865,13801,17,8
1784445734536358676,0,122011,39,2917,13801,17,7
1784445734536358676,1,119758,36,2865,13801,17,8
1784445734586348591,0,122011,39,2917,13801,17,7
1784445734586348591,1,121180,37,2865,13801,18,9
1784445734636358871,0,123518,38,2917,13801,17,8
1784445734636358871,1,121180,37,2865,13801,18,9
1784445734686351729,0,123518,38,2917,13801,17,8
1784445734686351729,1,121180,37,2865,13801,18,9
1784445734736360371,0,123518,38,2917,13801,17,8
1784445734736360371,1,121180,37,2865,13801,18,9
1784445734786349142,0,123518,38,2917,13801,17,8
1784445734786349142,1,121180,37,2865,13801,18,9
1784445734836357769,0,123518,38,2917,13801,17,8
1784445734836357769,1,121180,37,2865,13801,18,9
1784445734886350133,0,123518,38,2917,13801,17,8
1784445734886350133,1,121180,37,2865,13801,18,9
1784445734936357393,0,123518,38,2917,13801,17,8
1784445734936357393,1,121180,37,2865,13801,18,9
1784445734986352431,0,123518,38,2917,13801,17,8
1784445734986352431,1,121180,37,2865,13801,18,9
1784445735036357344,0,123518,38,2917,13801,17,8
1784445735036357344,1,121180,37,2865,13801,18,9
1784445735086351805,0,123518,38,2917,13801,17,8
1784445735086351805,1,121774,37,2865,13801,18,8
1784445735136360113,0,125243,39,2917,13801,17,8
1784445735136360113,1,121774,37,2865,13801,18,8
1784445735186360416,0,125243,39,2917,13801,17,8
1784445735186360416,1,121774,37,2865,13801,18,8
1784445735236360359,0,125243,39,2917,13801,17,8
1784445735236360359,1,121774,37,2865,13801,18,8
1784445735286360581,0,125243,39,2917,13801,17,8
1784445735286360581,1,121774,37,2865,13801,18,8
1784445735336360165,0,125243,39,2917,13801,17,8
1784445735336360165,1,121774,37,2865,13801,18,8
1784445735386360377,0,125243,39,2917,13801,17,8
1784445735386360377,1,121774,37,2865,13801,18,8
1784445735436360236,0,125243,39,2917,13801,17,8
1784445735436360236,1,121774,37,2865,13801,18,8
1784445735486359868,0,125243,39,2917,13801,17,8
1784445735486359868,1,121774,37,2865,13801,18,8
1784445735536359809,0,125243,39,2917,13801,17,8
1784445735536359809,1,121774,37,2865,13801,18,8
1784445735586360376,0,125243,39,2917,13801,17,8
1784445735586360376,1,122112,37,2865,13801,18,9
1784445735636360515,0,125850,39,2917,13801,17,8
1784445735636360515,1,122112,37,2865,13801,18,9
1784445735686354060,0,125850,39,2917,13801,17,8
1784445735686354060,1,122112,37,2865,13801,18,9
1784445735736359905,0,125850,39,2917,13801,17,8
1784445735736359905,1,122112,37,2865,13801,18,9
1784445735786361207,0,125850,39,2917,13801,17,8
1784445735786361207,1,122112,37,2865,13801,18,9
1784445735836360428,0,125850,39,2917,13801,17,8
1784445735836360428,1,122112,37,2865,13801,18,9
1784445735886360711,0,125850,39,2917,13801,17,8
1784445735886360711,1,122112,37,2865,13801,18,9
1784445735936360557,0,125850,39,2917,13801,17,8
1784445735936360557,1,122112,37,2865,13801,18,9
1784445735986362290,0,125850,39,2917,13801,17,8
1784445735986362290,1,122112,37,2865,13801,18,9
1784445736036358372,0,125850,39,2917,13801,17,8
1784445736036358372,1,122112,37,2865,13801,18,9
1784445736086360885,0,125850,39,2917,13801,17,8
1784445736086360885,1,122453,37,2865,13801,18,9
1784445736136360539,0,126394,39,2917,13801,17,8
1784445736136360539,1,122453,37,2865,13801,18,9
1784445736186352333,0,126394,39,2917,13801,17,8
1784445736186352333,1,122453,37,2865,13801,18,9
1784445736236358680,0,126394,39,2917,13801,17,8
1784445736236358680,1,122453,37,2865,13801,18,9
1784445736286352162,0,126394,39,2917,13801,17,8
1784445736286352162,1,122453,37,2865,13801,18,9
1784445736336359193,0,126394,39,2917,13801,17,8
1784445736336359193,1,122453,37,2865,13801,18,9
1784445736386352518,0,126394,39,2917,13801,17,8
1784445736386352518,1,122453,37,2865,13801,18,9
1784445736436358969,0,126394,39,2917,13801,17,8
1784445736436358969,1,122453,37,2865,13801,18,9
1784445736486350723,0,126394,39,2917,13801,17,8
1784445736486350723,1,122453,37,2865,13801,18,9
1784445736536358913,0,126394,39,2917,13801,17,8
1784445736536358913,1,122453,37,2865,13801,18,9
1784445736586351786,0,126394,39,2917,13801,17,8
1784445736586351786,1,122612,37,2865,13801,18,8
1784445736636357465,0,126482,39,2917,13801,17,8
1784445736636357465,1,122612,37,2865,13801,18,8
1784445736686348969,0,126482,39,2917,13801,17,8
1784445736686348969,1,122612,37,2865,13801,18,8
1784445736736357503,0,126482,39,2917,13801,17,8
1784445736736357503,1,122612,37,2865,13801,18,8
1784445736786349535,0,126482,39,2917,13801,17,8
1784445736786349535,1,122612,37,2865,13801,18,8
1784445736836357437,0,126482,39,2917,13801,17,8
1784445736836357437,1,122612,37,2865,13801,18,8
1784445736886349118,0,126482,39,2917,13801,17,8
1784445736886349118,1,122612,37,2865,13801,18,8
1784445736936362375,0,126482,39,2917,13801,17,8
1784445736936362375,1,122612,37,2865,13801,18,8
1784445736986359162,0,126482,39,2917,13801,17,8
1784445736986359162,1,122612,37,2865,13801,18,8
1784445737036360078,0,126482,39,2917,13801,17,8
1784445737036360078,1,122612,37,2865,13801,18,8
1784445737086358229,0,126482,39,2917,13801,17,8
1784445737086358229,1,122742,37,2865,13801,18,9
1784445737136358899,0,126720,39,2917,13801,17,8
1784445737136358899,1,122742,37,2865,13801,18,9
1784445737186359147,0,126720,39,2917,13801,17,8
1784445737186359147,1,122742,37,2865,13801,18,9
1784445737236359599,0,126720,39,2917,13801,17,8
1784445737236359599,1,122742,37,2865,13801,18,9
1784445737286358612,0,126720,39,2917,13801,17,8
1784445737286358612,1,122742,37,2865,13801,18,9
1784445737336359361,0,126720,39,2917,13801,17,8
1784445737336359361,1,122742,37,2865,13801,18,9
1784445737386358775,0,126720,39,2917,13801,17,8
1784445737386358775,1,122742,37,2865,13801,18,9
1784445737436359896,0,126720,39,2917,13801,17,8
1784445737436359896,1,122742,37,2865,13801,18,9
1784445737486363261,0,126720,39,2917,13801,17,8
1784445737486363261,1,122742,37,2865,13801,18,9
1784445737536359593,0,126720,39,2917,13801,17,8
1784445737536359593,1,122742,37,2865,13801,18,9
1784445737586359299,0,126720,39,2917,13801,17,8
1784445737586359299,1,123015,37,2865,13801,18,9
1784445737636361036,0,126589,39,2917,13801,17,8
1784445737636361036,1,123015,37,2865,13801,18,9
1784445737686361873,0,126589,39,2917,13801,17,8
1784445737686361873,1,123015,37,2865,13801,18,9
1784445737736371437,0,126589,39,2917,13801,17,8
1784445737736371437,1,123015,37,2865,13801,18,9
1784445737786362827,0,126589,39,2917,13801,17,8
1784445737786362827,1,123015,37,2865,13801,18,9
1784445737836360866,0,126589,39,2917,13801,17,8
1784445737836360866,1,123015,37,2865,13801,18,9
1784445737886364490,0,126589,39,2917,13801,17,8
1784445737886364490,1,123015,37,2865,13801,18,9
1784445737936363414,0,126589,39,2917,13801,17,8
1784445737936363414,1,123015,37,2865,13801,18,9
1784445737986363723,0,126589,39,2917,13801,17,8
1784445737986363723,1,123015,37,2865,13801,18,9
1784445738036363105,0,126589,39,2917,13801,17,8
1784445738036363105,1,123015,37,2865,13801,18,9
1784445738086361515,0,126589,39,2917,13801,17,8
1784445738086361515,1,122685,37,2865,13801,18,9
1784445738136360294,0,126015,39,2917,13801,17,8
1784445738136360294,1,122685,37,2865,13801,18,9
1784445738186362023,0,126015,39,2917,13801,17,8
1784445738186362023,1,122685,37,2865,13801,18,9
1784445738236363513,0,126015,39,2917,13801,17,8
1784445738236363513,1,122685,37,2865,13801,18,9
1784445738286362111,0,126015,39,2917,13801,17,8
1784445738286362111,1,122685,37,2865,13801,18,9
1784445738336362713,0,126015,39,2917,13801,17,8
1784445738336362713,1,122685,37,2865,13801,18,9
1784445738386352354,0,126015,39,2917,13801,17,8
1784445738386352354,1,122685,37,2865,13801,18,9
1784445738436363126,0,126015,39,2917,13801,17,8
1784445738436363126,1,122685,37,2865,13801,18,9
1784445738486367165,0,126015,39,2917,13801,17,8
1784445738486367165,1,122685,37,2865,13801,18,9
1784445738536361689,0,126015,39,2917,13801,17,8
1784445738536361689,1,122685,37,2865,13801,18,9
1784445738586362063,0,126015,39,2917,13801,17,8
1784445738586362063,1,122598,37,2865,13801,18,9
1784445738636362458,0,125773,39,2917,13801,17,8
1784445738636362458,1,122598,37,2865,13801,18,9
1784445738686359714,0,125773,39,2917,13801,17,8
1784445738686359714,1,122598,37,2865,13801,18,9
1784445738736359162,0,125773,39,2917,13801,17,8
1784445738736359162,1,122598,37,2865,13801,18,9
1784445738786358183,0,125773,39,2917,13801,17,8
1784445738786358183,1,122598,37,2865,13801,18,9
1784445738836361760,0,125773,39,2917,13801,17,8
1784445738836361760,1,122598,37,2865,13801,18,9
1784445738886359527,0,125773,39,2917,13801,17,8
1784445738886359527,1,122598,37,2865,13801,18,9
1784445738936358880,0,125773,39,2917,13801,17,8
1784445738936358880,1,122598,37,2865,13801,18,9
1784445738986359918,0,125773,39,2917,13801,17,8
1784445738986359918,1,122598,37,2865,13801,18,9
1784445739036360898,0,125773,39,2917,13801,17,8
1784445739036360898,1,122598,37,2865,13801,18,9
1784445739086359365,0,125773,39,2917,13801,17,8
1784445739086359365,1,122442,37,2865,13801,17,8
1784445739136358543,0,125904,39,2917,13801,17,8
1784445739136358543,1,122442,37,2865,13801,17,8
1784445739186357982,0,125904,39,2917,13801,17,8
1784445739186357982,1,122442,37,2865,13801,17,8
1784445739236362694,0,125904,39,2917,13801,17,8
1784445739236362694,1,122442,37,2865,13801,17,8
1784445739286360335,0,125904,39,2917,13801,17,8
1784445739286360335,1,122442,37,2865,13801,17,8
1784445739336359488,0,125904,39,2917,13801,17,8
1784445739336359488,1,122442,37,2865,13801,17,8
1784445739386360810,0,125904,39,2917,13801,17,8
1784445739386360810,1,122442,37,2865,13801,17,8
1784445739436361095,0,125904,39,2917,13801,17,8
1784445739436361095,1,122442,37,2865,13801,17,8
1784445739486359603,0,125904,39,2917,13801,17,8
1784445739486359603,1,122442,37,2865,13801,17,8
1784445739536361147,0,125904,39,2917,13801,17,8
1784445739536361147,1,122442,37,2865,13801,17,8
1784445739586364697,0,125904,39,2917,13801,17,8
1784445739586364697,1,122202,37,2865,13801,17,9
1784445739636366424,0,126094,39,2917,13801,17,8
1784445739636366424,1,122202,37,2865,13801,17,9
1784445739686364223,0,126094,39,2917,13801,17,8
1784445739686364223,1,122202,37,2865,13801,17,9
1784445739736360370,0,126094,39,2917,13801,17,8
1784445739736360370,1,122202,37,2865,13801,17,9
1784445739786360963,0,126094,39,2917,13801,17,8
1784445739786360963,1,122202,37,2865,13801,17,9
1784445739836362600,0,126094,39,2917,13801,17,8
1784445739836362600,1,122202,37,2865,13801,17,9
1784445739886359409,0,126094,39,2917,13801,17,8
1784445739886359409,1,122202,37,2865,13801,17,9
1784445739936358469,0,126094,39,2917,13801,17,8
1784445739936358469,1,122202,37,2865,13801,17,9
1784445739986360660,0,126094,39,2917,13801,17,8
1784445739986360660,1,122202,37,2865,13801,17,9
1784445740036360683,0,126094,39,2917,13801,17,8
1784445740036360683,1,122202,37,2865,13801,17,9
1784445740086359331,0,126094,39,2917,13801,17,8
1784445740086359331,1,122317,37,2865,13801,17,8
1784445740136358117,0,126038,39,2917,13801,17,8
1784445740136358117,1,122317,37,2865,13801,17,8
1784445740186360744,0,126038,39,2917,13801,17,8
1784445740186360744,1,122317,37,2865,13801,17,8
1784445740236359528,0,126038,39,2917,13801,17,8
1784445740236359528,1,122317,37,2865,13801,17,8
1784445740286358703,0,126038,39,2917,13801,17,8
1784445740286358703,1,122317,37,2865,13801,17,8
1784445740336358366,0,126038,39,2917,13801,17,8
1784445740336358366,1,122317,37,2865,13801,17,8
1784445740386361724,0,126038,39,2917,13801,17,8
1784445740386361724,1,122317,37,2865,13801,17,8
1784445740436358550,0,126038,39,2917,13801,17,8
1784445740436358550,1,122317,37,2865,13801,17,8
1784445740486354793,0,126038,39,2917,13801,17,8
1784445740486354793,1,122317,37,2865,13801,17,8
1784445740536358922,0,126038,39,2917,13801,17,8
1784445740536358922,1,122317,37,2865,13801,17,8
1784445740586358590,0,126038,39,2917,13801,17,8
1784445740586358590,1,122635,37,2865,13801,18,9
1784445740636358472,0,125813,39,2917,13801,17,8
1784445740636358472,1,122635,37,2865,13801,18,9
1784445740686358306,0,125813,39,2917,13801,17,8
1784445740686358306,1,122635,37,2865,13801,18,9
1784445740736360938,0,125813,39,2917,13801,17,8
1784445740736360938,1,122635,37,2865,13801,18,9
1784445740786358918,0,125813,39,2917,13801,17,8
1784445740786358918,1,122635,37,2865,13801,18,9
1784445740836358501,0,125813,39,2917,13801,17,8
1784445740836358501,1,122635,37,2865,13801,18,9
1784445740886358714,0,125813,39,2917,13801,17,8
1784445740886358714,1,122635,37,2865,13801,18,9
1784445740936358363,0,125813,39,2917,13801,17,8
1784445740936358363,1,122635,37,2865,13801,18,9
1784445740986360526,0,125813,39,2917,13801,17,8
1784445740986360526,1,122635,37,2865,13801,18,9
1784445741036359734,0,125813,39,2917,13801,17,8
1784445741036359734,1,122635,37,2865,13801,18,9
1784445741086358430,0,125813,39,2917,13801,17,8
1784445741086358430,1,122570,37,2865,13801,18,9
1784445741136358958,0,125823,39,2917,13801,17,8
1784445741136358958,1,122570,37,2865,13801,18,9
1784445741186358369,0,125823,39,2917,13801,17,8
1784445741186358369,1,122570,37,2865,13801,18,9
1784445741236359387,0,125823,39,2917,13801,17,8
1784445741236359387,1,122570,37,2865,13801,18,9
1784445741286358618,0,125823,39,2917,13801,17,8
1784445741286358618,1,122570,37,2865,13801,18,9
1784445741336358512,0,125823,39,2917,13801,17,8
1784445741336358512,1,122570,37,2865,13801,18,9
1784445741386361729,0,125823,39,2917,13801,17,8
1784445741386361729,1,122570,37,2865,13801,18,9
1784445741436358223,0,125823,39,2917,13801,17,8
1784445741436358223,1,122570,37,2865,13801,18,9
1784445741486352843,0,125823,39,2917,13801,17,8
1784445741486352843,1,122570,37,2865,13801,18,9
1784445741536360374,0,125823,39,2917,13801,17,8
1784445741536360374,1,122570,37,2865,13801,18,9
1784445741586361540,0,125823,39,2917,13801,17,8
1784445741586361540,1,122896,37,2865,13801,18,9
1784445741636359772,0,126176,39,2917,13801,17,8
1784445741636359772,1,122896,37,2865,13801,18,9
1784445741686358528,0,126176,39,2917,13801,17,8
1784445741686358528,1,122896,37,2865,13801,18,9
1784445741736359579,0,126176,39,2917,13801,17,8
1784445741736359579,1,122896,37,2865,13801,18,9
1784445741786358581,0,126176,39,2917,13801,17,8
1784445741786358581,1,122896,37,2865,13801,18,9
1784445741836358274,0,126176,39,2917,13801,17,8
1784445741836358274,1,122896,37,2865,13801,18,9
1784445741886358906,0,126176,39,2917,13801,17,8
1784445741886358906,1,122896,37,2865,13801,18,9
1784445741936358902,0,126176,39,2917,13801,17,8
1784445741936358902,1,122896,37,2865,13801,18,9
1784445741986359264,0,126176,39,2917,13801,17,8
1784445741986359264,1,122896,37,2865,13801,18,9
1784445742036359684,0,126176,39,2917,13801,17,8
1784445742036359684,1,122896,37,2865,13801,18,9
1784445742086357999,0,126176,39,2917,13801,17,8
1784445742086357999,1,123111,37,2865,13801,18,9
1784445742136358769,0,126744,39,2917,13801,18,9
1784445742136358769,1,123111,37,2865,13801,18,9
1784445742186358549,0,126744,39,2917,13801,18,9
1784445742186358549,1,123111,37,2865,13801,18,9
1784445742236359283,0,126744,39,2917,13801,18,9
1784445742236359283,1,123111,37,2865,13801,18,9
1784445742286358664,0,126744,39,2917,13801,18,9
1784445742286358664,1,123111,37,2865,13801,18,9
1784445742336357935,0,126744,39,2917,13801,18,9
1784445742336357935,1,123111,37,2865,13801,18,9
1784445742386359950,0,126744,39,2917,13801,18,9
1784445742386359950,1,123111,37,2865,13801,18,9
1784445742436358694,0,126744,39,2917,13801,18,9
1784445742436358694,1,123111,37,2865,13801,18,9
1784445742486360168,0,126744,39,2917,13801,18,9
1784445742486360168,1,123111,37,2865,13801,18,9
1784445742536359394,0,126744,39,2917,13801,18,9
1784445742536359394,1,123111,37,2865,13801,18,9
1784445742586358674,0,126744,39,2917,13801,18,9
1784445742586358674,1,123109,37,2865,13801,18,9
1784445742636360043,0,127033,39,2917,13801,17,8
1784445742636360043,1,123109,37,2865,13801,18,9
1784445742686358809,0,127033,39,2917,13801,17,8
1784445742686358809,1,123109,37,2865,13801,18,9
1784445742736358415,0,127033,39,2917,13801,17,8
1784445742736358415,1,123109,37,2865,13801,18,9
1784445742786358906,0,127033,39,2917,13801,17,8
1784445742786358906,1,123109,37,2865,13801,18,9
1784445742836357978,0,127033,39,2917,13801,17,8
1784445742836357978,1,123109,37,2865,13801,18,9
1784445742886358664,0,127033,39,2917,13801,17,8
1784445742886358664,1,123109,37,2865,13801,18,9
1784445742936358541,0,127033,39,2917,13801,17,8
1784445742936358541,1,123109,37,2865,13801,18,9
1784445742986359399,0,127033,39,2917,13801,17,8
1784445742986359399,1,123109,37,2865,13801,18,9
1784445743036359441,0,127033,39,2917,13801,17,8
1784445743036359441,1,123109,37,2865,13801,18,9
1784445743086358778,0,127033,39,2917,13801,17,8
1784445743086358778,1,122926,37,2865,13801,18,9
1784445743136358376,0,127182,39,2917,13801,17,8
1784445743136358376,1,122926,37,2865,13801,18,9
1784445743186358344,0,127182,39,2917,13801,17,8
1784445743186358344,1,122926,37,2865,13801,18,9
1784445743236359315,0,127182,39,2917,13801,17,8
1784445743236359315,1,122926,37,2865,13801,18,9
1784445743286359741,0,127182,39,2917,13801,17,8
1784445743286359741,1,122926,37,2865,13801,18,9
1784445743336358127,0,127182,39,2917,13801,17,8
1784445743336358127,1,122926,37,2865,13801,18,9
1784445743386359393,0,127182,39,2917,13801,17,8
1784445743386359393,1,122926,37,2865,13801,18,9
1784445743436357420,0,127182,39,2917,13801,17,8
1784445743436357420,1,122926,37,2865,13801,18,9
1784445743486360543,0,127182,39,2917,13801,17,8
1784445743486360543,1,122926,37,2865,13801,18,9
1784445743536360800,0,127182,39,2917,13801,17,8
1784445743536360800,1,122926,37,2865,13801,18,9
1784445743586365005,0,127182,39,2917,13801,17,8
1784445743586365005,1,123091,37,2865,13801,18,9
1784445743636358912,0,126911,39,2917,13801,17,8
1784445743636358912,1,123091,37,2865,13801,18,9
1784445743686360402,0,126911,39,2917,13801,17,8
1784445743686360402,1,123091,37,2865,13801,18,9
1784445743736362686,0,126911,39,2917,13801,17,8
1784445743736362686,1,123091,37,2865,13801,18,9
1784445743786359903,0,126911,39,2917,13801,17,8
1784445743786359903,1,123091,37,2865,13801,18,9
1784445743836359127,0,126911,39,2917,13801,17,8
1784445743836359127,1,123091,37,2865,13801,18,9
1784445743886361042,0,126911,39,2917,13801,17,8
1784445743886361042,1,123091,37,2865,13801,18,9
1784445743936359350,0,126911,39,2917,13801,17,8
1784445743936359350,1,123091,37,2865,13801,18,9
1784445743986361544,0,126911,39,2917,13801,17,8
1784445743986361544,1,123091,37,2865,13801,18,9
1784445744036359769,0,126911,39,2917,13801,17,8
1784445744036359769,1,123091,37,2865,13801,18,9
1784445744086357401,0,126911,39,2917,13801,17,8
1784445744086357401,1,123027,37,2865,13801,18,9
1784445744136361472,0,126807,39,2917,13801,17,8
1784445744136361472,1,123027,37,2865,13801,18,9
1784445744186356748,0,126807,39,2917,13801,17,8
1784445744186356748,1,123027,37,2865,13801,18,9
1784445744236362654,0,126807,39,2917,13801,17,8
1784445744236362654,1,123027,37,2865,13801,18,9
1784445744286353870,0,126807,39,2917,13801,17,8
1784445744286353870,1,123027,37,2865,13801,18,9
1784445744336360400,0,126807,39,2917,13801,17,8
1784445744336360400,1,123027,37,2865,13801,18,9
1784445744386353075,0,126807,39,2917,13801,17,8
1784445744386353075,1,123027,37,2865,13801,18,9
1784445744436360443,0,126807,39,2917,13801,17,8
1784445744436360443,1,123027,37,2865,13801,18,9
1784445744486355011,0,126807,39,2917,13801,17,8
1784445744486355011,1,123027,37,2865,13801,18,9
1784445744536361719,0,126807,39,2917,13801,17,8
1784445744536361719,1,123027,37,2865,13801,18,9
1784445744586355859,0,126807,39,2917,13801,17,8
1784445744586355859,1,122902,37,2865,13801,18,9
1784445744636361162,0,126487,39,2917,13801,17,8
1784445744636361162,1,122902,37,2865,13801,18,9
1784445744686355627,0,126487,39,2917,13801,17,8
1784445744686355627,1,122902,37,2865,13801,18,9
1784445744736361126,0,126487,39,2917,13801,17,8
1784445744736361126,1,122902,37,2865,13801,18,9
1784445744786354640,0,126487,39,2917,13801,17,8
1784445744786354640,1,122902,37,2865,13801,18,9
1784445744836361945,0,126487,39,2917,13801,17,8
1784445744836361945,1,122902,37,2865,13801,18,9
1784445744886351537,0,126487,39,2917,13801,17,8
1784445744886351537,1,122902,37,2865,13801,18,9
1784445744936360057,0,126487,39,2917,13801,17,8
1784445744936360057,1,122902,37,2865,13801,18,9
1784445744986355238,0,126487,39,2917,13801,17,8
1784445744986355238,1,122902,37,2865,13801,18,9
1784445745036360561,0,126487,39,2917,13801,17,8
1784445745036360561,1,122902,37,2865,13801,18,9
1784445745086361870,0,126487,39,2917,13801,17,8
1784445745086361870,1,123025,37,2857,13801,18,9
1784445745136359398,0,126141,39,2917,13801,17,8
1784445745136359398,1,123025,37,2857,13801,18,9
1784445745186352673,0,126141,39,2917,13801,17,8
1784445745186352673,1,123025,37,2857,13801,18,9
1784445745236360953,0,126141,39,2917,13801,17,8
1784445745236360953,1,123025,37,2857,13801,18,9
1784445745286365091,0,126141,39,2917,13801,17,8
1784445745286365091,1,123025,37,2857,13801,18,9
1784445745336360653,0,126141,39,2917,13801,17,8
1784445745336360653,1,123025,37,2857,13801,18,9
1784445745386361127,0,126141,39,2917,13801,17,8
1784445745386361127,1,123025,37,2857,13801,18,9
1784445745436360205,0,126141,39,2917,13801,17,8
1784445745436360205,1,123025,37,2857,13801,18,9
1784445745486362149,0,126141,39,2917,13801,17,8
1784445745486362149,1,123025,37,2857,13801,18,9
1784445745536361075,0,126141,39,2917,13801,17,8
1784445745536361075,1,123025,37,2857,13801,18,9
1784445745586363368,0,126141,39,2917,13801,17,8
1784445745586363368,1,122913,37,2865,13801,18,9
1784445745636358846,0,126580,39,2917,13801,17,8
1784445745636358846,1,122913,37,2865,13801,18,9
1784445745686360649,0,126580,39,2917,13801,17,8
1784445745686360649,1,122913,37,2865,13801,18,9
1784445745736361009,0,126580,39,2917,13801,17,8
1784445745736361009,1,122913,37,2865,13801,18,9
1784445745786363659,0,126580,39,2917,13801,17,8
1784445745786363659,1,122913,37,2865,13801,18,9
1784445745836360758,0,126580,39,2917,13801,17,8
1784445745836360758,1,122913,37,2865,13801,18,9
1784445745886367013,0,126580,39,2917,13801,17,8
1784445745886367013,1,122913,37,2865,13801,18,9
1784445745936360495,0,126580,39,2917,13801,17,8
1784445745936360495,1,122913,37,2865,13801,18,9
1784445745986363730,0,126580,39,2917,13801,17,8
1784445745986363730,1,122913,37,2865,13801,18,9
1784445746036360928,0,126580,39,2917,13801,17,8
1784445746036360928,1,122913,37,2865,13801,18,9
1784445746086359648,0,126580,39,2917,13801,17,8
1784445746086359648,1,122758,37,2865,13801,18,9
1784445746136358383,0,126506,39,2917,13801,17,8
1784445746136358383,1,122758,37,2865,13801,18,9
1784445746186356171,0,126506,39,2917,13801,17,8
1784445746186356171,1,122758,37,2865,13801,18,9
1784445746236360099,0,126506,39,2917,13801,17,8
1784445746236360099,1,122758,37,2865,13801,18,9
1784445746286358795,0,126506,39,2917,13801,17,8
1784445746286358795,1,122758,37,2865,13801,18,9
1784445746336358772,0,126506,39,2917,13801,17,8
1784445746336358772,1,122758,37,2865,13801,18,9
1784445746386357915,0,126506,39,2917,13801,17,8
1784445746386357915,1,122758,37,2865,13801,18,9
1784445746436357534,0,126506,39,2917,13801,17,8
1784445746436357534,1,122758,37,2865,13801,18,9
1784445746486358357,0,126506,39,2917,13801,17,8
1784445746486358357,1,122758,37,2865,13801,18,9
1784445746536357935,0,126506,39,2917,13801,17,8
1784445746536357935,1,122758,37,2865,13801,18,9
1784445746586359767,0,126506,39,2917,13801,17,8
1784445746586359767,1,122520,37,2865,13801,18,9
1784445746636358976,0,126413,39,2917,13801,17,8
1784445746636358976,1,122520,37,2865,13801,18,9
1784445746686358483,0,126413,39,2917,13801,17,8
1784445746686358483,1,122520,37,2865,13801,18,9
1784445746736358481,0,126413,39,2917,13801,17,8
1784445746736358481,1,122520,37,2865,13801,18,9
1784445746786360127,0,126413,39,2917,13801,17,8
1784445746786360127,1,122520,37,2865,13801,18,9
1784445746836358925,0,126413,39,2917,13801,17,8
1784445746836358925,1,122520,37,2865,13801,18,9
1784445746886360616,0,126413,39,2917,13801,17,8
1784445746886360616,1,122520,37,2865,13801,18,9
1784445746936358570,0,126413,39,2917,13801,17,8
1784445746936358570,1,122520,37,2865,13801,18,9
1784445746986358698,0,126413,39,2917,13801,17,8
1784445746986358698,1,122520,37,2865,13801,18,9
1784445747036359477,0,126413,39,2917,13801,17,8
1784445747036359477,1,122520,37,2865,13801,18,9
1784445747086359144,0,126413,39,2917,13801,17,8
1784445747086359144,1,122775,37,2865,13801,18,9
1784445747136358486,0,126426,39,2917,13801,17,8
1784445747136358486,1,122775,37,2865,13801,18,9
1784445747186357650,0,126426,39,2917,13801,17,8
1784445747186357650,1,122775,37,2865,13801,18,9
1784445747236359265,0,126426,39,2917,13801,17,8
1784445747236359265,1,122775,37,2865,13801,18,9
1784445747286358027,0,126426,39,2917,13801,17,8
1784445747286358027,1,122775,37,2865,13801,18,9
1784445747336358426,0,126426,39,2917,13801,17,8
1784445747336358426,1,122775,37,2865,13801,18,9
1784445747386358277,0,126426,39,2917,13801,17,8
1784445747386358277,1,122775,37,2865,13801,18,9
1784445747436358438,0,126426,39,2917,13801,17,8
1784445747436358438,1,122775,37,2865,13801,18,9
1784445747486358755,0,126426,39,2917,13801,17,8
1784445747486358755,1,122775,37,2865,13801,18,9
1784445747536359813,0,126426,39,2917,13801,17,8
1784445747536359813,1,122775,37,2865,13801,18,9
1784445747586358407,0,126426,39,2917,13801,17,8
1784445747586358407,1,123098,37,2857,13801,18,9
1784445747636359130,0,126504,39,2917,13801,17,8
1784445747636359130,1,123098,37,2857,13801,18,9
1784445747686361103,0,126504,39,2917,13801,17,8
1784445747686361103,1,123098,37,2857,13801,18,9
1784445747736360928,0,126504,39,2917,13801,17,8
1784445747736360928,1,123098,37,2857,13801,18,9
1784445747786361563,0,126504,39,2917,13801,17,8
1784445747786361563,1,123098,37,2857,13801,18,9
1784445747836360754,0,126504,39,2917,13801,17,8
1784445747836360754,1,123098,37,2857,13801,18,9
1784445747886357915,0,126504,39,2917,13801,17,8
1784445747886357915,1,123098,37,2857,13801,18,9
1784445747936361443,0,126504,39,2917,13801,17,8
1784445747936361443,1,123098,37,2857,13801,18,9
1784445747986352600,0,126504,39,2917,13801,17,8
1784445747986352600,1,123098,37,2857,13801,18,9
1784445748036361390,0,126504,39,2917,13801,17,8
1784445748036361390,1,123098,37,2857,13801,18,9
1784445748086384873,0,126504,39,2917,13801,17,8
1784445748086384873,1,122880,37,2865,13801,18,9
1784445748136363863,0,126334,39,2917,13801,17,8
1784445748136363863,1,122880,37,2865,13801,18,9
1784445748186359996,0,126334,39,2917,13801,17,8
1784445748186359996,1,122880,37,2865,13801,18,9
1784445748236359553,0,126334,39,2917,13801,17,8
1784445748236359553,1,122880,37,2865,13801,18,9
1784445748286352845,0,126334,39,2917,13801,17,8
1784445748286352845,1,122880,37,2865,13801,18,9
1784445748336359170,0,126334,39,2917,13801,17,8
1784445748336359170,1,122880,37,2865,13801,18,9
1784445748386351528,0,126334,39,2917,13801,17,8
1784445748386351528,1,122880,37,2865,13801,18,9
1784445748436362563,0,126334,39,2917,13801,17,8
1784445748436362563,1,122880,37,2865,13801,18,9
1784445748486360740,0,126334,39,2917,13801,17,8
1784445748486360740,1,122880,37,2865,13801,18,9
1784445748536360316,0,126334,39,2917,13801,17,8
1784445748536360316,1,122880,37,2865,13801,18,9
1784445748586360454,0,126334,39,2917,13801,17,8
1784445748586360454,1,122497,37,2865,13801,17,8
1784445748636358977,0,125973,39,2917,13801,17,8
1784445748636358977,1,122497,37,2865,13801,17,8
1784445748686358424,0,125973,39,2917,13801,17,8
1784445748686358424,1,122497,37,2865,13801,17,8
1784445748736362302,0,125973,39,2917,13801,17,8
1784445748736362302,1,122497,37,2865,13801,17,8
1784445748786355984,0,125973,39,2917,13801,17,8
1784445748786355984,1,122497,37,2865,13801,17,8
1784445748836358403,0,125973,39,2917,13801,17,8
1784445748836358403,1,122497,37,2865,13801,17,8
1784445748886349958,0,125973,39,2917,13801,17,8
1784445748886349958,1,122497,37,2865,13801,17,8
1784445748936360456,0,125973,39,2917,13801,17,8
1784445748936360456,1,122497,37,2865,13801,17,8
1784445748986349879,0,125973,39,2917,13801,17,8
1784445748986349879,1,122497,37,2865,13801,17,8
1784445749036358127,0,125973,39,2917,13801,17,8
1784445749036358127,1,122497,37,2865,13801,17,8
1784445749086349377,0,125973,39,2917,13801,17,8
1784445749086349377,1,123011,37,2865,13801,18,9
1784445749136363681,0,126295,39,2917,13801,17,8
1784445749136363681,1,123011,37,2865,13801,18,9
1784445749186353673,0,126295,39,2917,13801,17,8
1784445749186353673,1,123011,37,2865,13801,18,9
1784445749236361188,0,126295,39,2917,13801,17,8
1784445749236361188,1,123011,37,2865,13801,18,9
1784445749286361841,0,126295,39,2917,13801,17,8
1784445749286361841,1,123011,37,2865,13801,18,9
1784445749336361323,0,126295,39,2917,13801,17,8
1784445749336361323,1,123011,37,2865,13801,18,9
1784445749386362792,0,126295,39,2917,13801,17,8
1784445749386362792,1,123011,37,2865,13801,18,9
1784445749436378620,0,126295,39,2917,13801,17,8
1784445749436378620,1,123011,37,2865,13801,18,9
1784445749486364153,0,126295,39,2917,13801,17,8
1784445749486364153,1,123011,37,2865,13801,18,9
1784445749536361560,0,126295,39,2917,13801,17,8
1784445749536361560,1,123011,37,2865,13801,18,9
1784445749586360383,0,126295,39,2917,13801,17,8
1784445749586360383,1,117453,37,2865,13801,0,0
1784445749636360357,0,119082,38,2917,13801,0,0
1784445749636360357,1,117453,37,2865,13801,0,0
1784445749686358982,0,119082,38,2917,13801,0,0
1784445749686358982,1,117453,37,2865,13801,0,0
1784445749736358016,0,119082,38,2917,13801,0,0
1784445749736358016,1,117453,37,2865,13801,0,0
1784445749786362114,0,119082,38,2917,13801,0,0
1784445749786362114,1,117453,37,2865,13801,0,0
1784445749836361976,0,119082,38,2917,13801,0,0
1784445749836361976,1,117453,37,2865,13801,0,0
1784445749886359147,0,119082,38,2917,13801,0,0
1784445749886359147,1,117453,37,2865,13801,0,0
1784445749936387610,0,119082,38,2917,13801,0,0
1784445749936387610,1,117453,37,2865,13801,0,0
1784445749986353703,0,119082,38,2917,13801,0,0
1784445749986353703,1,117453,37,2865,13801,0,0
1784445750036358408,0,119082,38,2917,13801,0,0
1784445750036358408,1,117453,37,2865,13801,0,0
1784445750086352258,0,119082,38,2917,13801,0,0
1784445750086352258,1,91168,35,2400,13801,0,0
1784445750136361522,0,83988,36,2400,13801,0,0
1784445750136361522,1,91168,35,2400,13801,0,0
1784445750186352807,0,83988,36,2400,13801,0,0
1784445750186352807,1,91168,35,2400,13801,0,0
1784445750236357909,0,83988,36,2400,13801,0,0
1784445750236357909,1,91168,35,2400,13801,0,0
1784445750286355002,0,83988,36,2400,13801,0,0
1784445750286355002,1,91168,35,2400,13801,0,0
1784445750336358334,0,83988,36,2400,13801,0,0
1784445750336358334,1,91168,35,2400,13801,0,0
1784445750386358270,0,83988,36,2400,13801,0,0
1784445750386358270,1,91168,35,2400,13801,0,0
1784445750436359613,0,83988,36,2400,13801,0,0
1784445750436359613,1,91168,35,2400,13801,0,0
1784445750486353129,0,83988,36,2400,13801,0,0
1784445750486353129,1,91168,35,2400,13801,0,0
1784445750536359037,0,83988,36,2400,13801,0,0
1784445750536359037,1,91168,35,2400,13801,0,0
1784445750586349616,0,83988,36,2400,13801,0,0
1784445750586349616,1,66619,36,2400,13801,8,3
1784445750636388987,0,56819,36,2400,13801,0,0
1784445750636388987,1,66619,36,2400,13801,8,3
1784445750686356137,0,56819,36,2400,13801,0,0
1784445750686356137,1,66619,36,2400,13801,8,3
1784445750736359490,0,56819,36,2400,13801,0,0
1784445750736359490,1,66619,36,2400,13801,8,3
1784445750786349531,0,56819,36,2400,13801,0,0
1784445750786349531,1,66619,36,2400,13801,8,3
1784445750836360413,0,56819,36,2400,13801,0,0
1784445750836360413,1,66619,36,2400,13801,8,3
1784445750886361640,0,56819,36,2400,13801,0,0
1784445750886361640,1,66619,36,2400,13801,8,3
1784445750936361519,0,56819,36,2400,13801,0,0
1784445750936361519,1,66619,36,2400,13801,8,3
1784445750986360705,0,56819,36,2400,13801,0,0
1784445750986360705,1,66619,36,2400,13801,8,3
1784445751036364724,0,56819,36,2400,13801,0,0
1784445751036364724,1,66619,36,2400,13801,8,3
1784445751086359814,0,56819,36,2400,13801,0,0
1784445751086359814,1,97128,37,2865,13801,16,7
1784445751136360292,0,89370,38,2910,13801,15,6
1784445751136360292,1,97128,37,2865,13801,16,7
1784445751186360130,0,89370,38,2910,13801,15,6
1784445751186360130,1,97128,37,2865,13801,16,7
1784445751236361087,0,89370,38,2910,13801,15,6
1784445751236361087,1,97128,37,2865,13801,16,7
1784445751286358719,0,89370,38,2910,13801,15,6
1784445751286358719,1,97128,37,2865,13801,16,7
1784445751336360619,0,89370,38,2910,13801,15,6
1784445751336360619,1,97128,37,2865,13801,16,7
1784445751386359547,0,89370,38,2910,13801,15,6
1784445751386359547,1,97128,37,2865,13801,16,7
1784445751436360187,0,89370,38,2910,13801,15,6
1784445751436360187,1,97128,37,2865,13801,16,7
1784445751486361183,0,89370,38,2910,13801,15,6
1784445751486361183,1,97128,37,2865,13801,16,7
1784445751536361985,0,89370,38,2910,13801,15,6
1784445751536361985,1,97128,37,2865,13801,16,7
1784445751586358839,0,89370,38,2910,13801,15,6
1784445751586358839,1,120985,37,2865,13801,16,8
1784445751636360329,0,120792,38,2917,13801,16,7
1784445751636360329,1,120985,37,2865,13801,16,8
1784445751686358125,0,120792,38,2917,13801,16,7
1784445751686358125,1,120985,37,2865,13801,16,8
1784445751736359989,0,120792,38,2917,13801,16,7
1784445751736359989,1,120985,37,2865,13801,16,8
1784445751786358325,0,120792,38,2917,13801,16,7
1784445751786358325,1,120985,37,2865,13801,16,8
1784445751836360429,0,120792,38,2917,13801,16,7
1784445751836360429,1,120985,37,2865,13801,16,8
1784445751886358060,0,120792,38,2917,13801,16,7
1784445751886358060,1,120985,37,2865,13801,16,8
1784445751936359230,0,120792,38,2917,13801,16,7
1784445751936359230,1,120985,37,2865,13801,16,8
1784445751986358404,0,120792,38,2917,13801,16,7
1784445751986358404,1,120985,37,2865,13801,16,8
1784445752036360700,0,120792,38,2917,13801,16,7
1784445752036360700,1,120985,37,2865,13801,16,8
1784445752086360818,0,120792,38,2917,13801,16,7
1784445752086360818,1,118062,37,2865,13801,17,8
1784445752136360628,0,120351,39,2917,13801,16,7
1784445752136360628,1,118062,37,2865,13801,17,8
1784445752186358291,0,120351,39,2917,13801,16,7
1784445752186358291,1,118062,37,2865,13801,17,8
1784445752236361860,0,120351,39,2917,13801,16,7
1784445752236361860,1,118062,37,2865,13801,17,8
1784445752286358278,0,120351,39,2917,13801,16,7
1784445752286358278,1,118062,37,2865,13801,17,8
1784445752336360242,0,120351,39,2917,13801,16,7
1784445752336360242,1,118062,37,2865,13801,17,8
1784445752386358918,0,120351,39,2917,13801,16,7
1784445752386358918,1,118062,37,2865,13801,17,8
1784445752436360333,0,120351,39,2917,13801,16,7
1784445752436360333,1,118062,37,2865,13801,17,8
1784445752486358274,0,120351,39,2917,13801,16,7
1784445752486358274,1,118062,37,2865,13801,17,8
1784445752536361501,0,120351,39,2917,13801,16,7
1784445752536361501,1,118062,37,2865,13801,17,8
1784445752586358969,0,120351,39,2917,13801,16,7
1784445752586358969,1,119783,37,2865,13801,17,8
1784445752636360555,0,122227,39,2917,13801,17,8
1784445752636360555,1,119783,37,2865,13801,17,8
1784445752686358603,0,122227,39,2917,13801,17,8
1784445752686358603,1,119783,37,2865,13801,17,8
1784445752736360556,0,122227,39,2917,13801,17,8
1784445752736360556,1,119783,37,2865,13801,17,8
1784445752786358613,0,122227,39,2917,13801,17,8
1784445752786358613,1,119783,37,2865,13801,17,8
1784445752836363889,0,122227,39,2917,13801,17,8
1784445752836363889,1,119783,37,2865,13801,17,8
1784445752886360019,0,122227,39,2917,13801,17,8
1784445752886360019,1,119783,37,2865,13801,17,8
1784445752936360900,0,122227,39,2917,13801,17,8
1784445752936360900,1,119783,37,2865,13801,17,8
1784445752986358851,0,122227,39,2917,13801,17,8
1784445752986358851,1,119783,37,2865,13801,17,8
1784445753036360981,0,122227,39,2917,13801,17,8
1784445753036360981,1,119783,37,2865,13801,17,8
1784445753086361302,0,122227,39,2917,13801,17,8
1784445753086361302,1,121047,37,2865,13801,18,9
1784445753136360898,0,123702,39,2917,13801,17,8
1784445753136360898,1,121047,37,2865,13801,18,9
1784445753186364962,0,123702,39,2917,13801,17,8
1784445753186364962,1,121047,37,2865,13801,18,9
1784445753236360343,0,123702,39,2917,13801,17,8
1784445753236360343,1,121047,37,2865,13801,18,9
1784445753286360317,0,123702,39,2917,13801,17,8
1784445753286360317,1,121047,37,2865,13801,18,9
1784445753336362278,0,123702,39,2917,13801,17,8
1784445753336362278,1,121047,37,2865,13801,18,9
1784445753386364460,0,123702,39,2917,13801,17,8
1784445753386364460,1,121047,37,2865,13801,18,9
1784445753436361689,0,123702,39,2917,13801,17,8
1784445753436361689,1,121047,37,2865,13801,18,9
1784445753486358528,0,123702,39,2917,13801,17,8
1784445753486358528,1,121047,37,2865,13801,18,9
1784445753536361497,0,123702,39,2917,13801,17,8
1784445753536361497,1,121047,37,2865,13801,18,9
1784445753586358941,0,123702,39,2917,13801,17,8
1784445753586358941,1,122017,37,2865,13801,17,8
1784445753636362029,0,125655,39,2917,13801,17,8
1784445753636362029,1,122017,37,2865,13801,17,8
1784445753686359964,0,125655,39,2917,13801,17,8
1784445753686359964,1,122017,37,2865,13801,17,8
1784445753736360951,0,125655,39,2917,13801,17,8
1784445753736360951,1,122017,37,2865,13801,17,8
1784445753786360302,0,125655,39,2917,13801,17,8
1784445753786360302,1,122017,37,2865,13801,17,8
1784445753836358654,0,125655,39,2917,13801,17,8
1784445753836358654,1,122017,37,2865,13801,17,8
1784445753886358676,0,125655,39,2917,13801,17,8
1784445753886358676,1,122017,37,2865,13801,17,8
1784445753936361824,0,125655,39,2917,13801,17,8
1784445753936361824,1,122017,37,2865,13801,17,8
1784445753986361399,0,125655,39,2917,13801,17,8
1784445753986361399,1,122017,37,2865,13801,17,8
1784445754036359613,0,125655,39,2917,13801,17,8
1784445754036359613,1,122017,37,2865,13801,17,8
1784445754086363129,0,125655,39,2917,13801,17,8
1784445754086363129,1,122218,37,2865,13801,18,9
1784445754136359630,0,125680,39,2917,13801,17,8
1784445754136359630,1,122218,37,2865,13801,18,9
1784445754186358781,0,125680,39,2917,13801,17,8
1784445754186358781,1,122218,37,2865,13801,18,9
1784445754236360862,0,125680,39,2917,13801,17,8
1784445754236360862,1,122218,37,2865,13801,18,9
1784445754286364104,0,125680,39,2917,13801,17,8
1784445754286364104,1,122218,37,2865,13801,18,9
1784445754336359599,0,125680,39,2917,13801,17,8
1784445754336359599,1,122218,37,2865,13801,18,9
1784445754386355043,0,125680,39,2917,13801,17,8
1784445754386355043,1,122218,37,2865,13801,18,9
1784445754436360609,0,125680,39,2917,13801,17,8
1784445754436360609,1,122218,37,2865,13801,18,9
1784445754486348749,0,125680,39,2917,13801,17,8
1784445754486348749,1,122218,37,2865,13801,18,9
1784445754536359098,0,125680,39,2917,13801,17,8
1784445754536359098,1,122218,37,2865,13801,18,9
1784445754586352960,0,125680,39,2917,13801,17,8
1784445754586352960,1,122334,38,2865,13801,18,8
1784445754636358873,0,125806,39,2917,13801,17,8
1784445754636358873,1,122334,38,2865,13801,18,8
1784445754686350508,0,125806,39,2917,13801,17,8
1784445754686350508,1,122334,38,2865,13801,18,8
1784445754736359213,0,125806,39,2917,13801,17,8
1784445754736359213,1,122334,38,2865,13801,18,8
1784445754786352722,0,125806,39,2917,13801,17,8
1784445754786352722,1,122334,38,2865,13801,18,8
1784445754836362801,0,125806,39,2917,13801,17,8
1784445754836362801,1,122334,38,2865,13801,18,8
1784445754886350026,0,125806,39,2917,13801,17,8
1784445754886350026,1,122334,38,2865,13801,18,8
1784445754936357906,0,125806,39,2917,13801,17,8
1784445754936357906,1,122334,38,2865,13801,18,8
1784445754986350489,0,125806,39,2917,13801,17,8
1784445754986350489,1,122334,38,2865,13801,18,8
1784445755036357850,0,125806,39,2917,13801,17,8
1784445755036357850,1,122334,38,2865,13801,18,8
1784445755086351711,0,125806,39,2917,13801,17,8
1784445755086351711,1,122412,38,2865,13801,18,9
1784445755136358977,0,126268,39,2917,13801,17,8
1784445755136358977,1,122412,38,2865,13801,18,9
1784445755186361233,0,126268,39,2917,13801,17,8
1784445755186361233,1,122412,38,2865,13801,18,9
1784445755236361446,0,126268,39,2917,13801,17,8
1784445755236361446,1,122412,38,2865,13801,18,9
1784445755286363116,0,126268,39,2917,13801,17,8
1784445755286363116,1,122412,38,2865,13801,18,9
1784445755336361663,0,126268,39,2917,13801,17,8
1784445755336361663,1,122412,38,2865,13801,18,9
1784445755386361177,0,126268,39,2917,13801,17,8
1784445755386361177,1,122412,38,2865,13801,18,9
1784445755436360176,0,126268,39,2917,13801,17,8
1784445755436360176,1,122412,38,2865,13801,18,9
1784445755486360665,0,126268,39,2917,13801,17,8
1784445755486360665,1,122412,38,2865,13801,18,9
1784445755536360852,0,126268,39,2917,13801,17,8
1784445755536360852,1,122412,38,2865,13801,18,9
1784445755586361574,0,126268,39,2917,13801,17,8
1784445755586361574,1,122265,38,2865,13801,17,8
1784445755636359611,0,126463,39,2917,13801,17,8
1784445755636359611,1,122265,38,2865,13801,17,8
1784445755686361160,0,126463,39,2917,13801,17,8
1784445755686361160,1,122265,38,2865,13801,17,8
1784445755736360877,0,126463,39,2917,13801,17,8
1784445755736360877,1,122265,38,2865,13801,17,8
1784445755786361409,0,126463,39,2917,13801,17,8
1784445755786361409,1,122265,38,2865,13801,17,8
1784445755836359110,0,126463,39,2917,13801,17,8
1784445755836359110,1,122265,38,2865,13801,17,8
1784445755886363024,0,126463,39,2917,13801,17,8
1784445755886363024,1,122265,38,2865,13801,17,8
1784445755936361091,0,126463,39,2917,13801,17,8
1784445755936361091,1,122265,38,2865,13801,17,8
1784445755986361578,0,126463,39,2917,13801,17,8
1784445755986361578,1,122265,38,2865,13801,17,8
1784445756036358986,0,126463,39,2917,13801,17,8
1784445756036358986,1,122265,38,2865,13801,17,8
1784445756086352746,0,126463,39,2917,13801,17,8
1784445756086352746,1,122745,38,2865,13801,18,9
1784445756136358976,0,126613,39,2917,13801,17,8
1784445756136358976,1,122745,38,2865,13801,18,9
1784445756186360795,0,126613,39,2917,13801,17,8
1784445756186360795,1,122745,38,2865,13801,18,9
1784445756236362329,0,126613,39,2917,13801,17,8
1784445756236362329,1,122745,38,2865,13801,18,9
1784445756286349156,0,126613,39,2917,13801,17,8
1784445756286349156,1,122745,38,2865,13801,18,9
1784445756336360617,0,126613,39,2917,13801,17,8
1784445756336360617,1,122745,38,2865,13801,18,9
1784445756386349653,0,126613,39,2917,13801,17,8
1784445756386349653,1,122745,38,2865,13801,18,9
1784445756436360439,0,126613,39,2917,13801,17,8
1784445756436360439,1,122745,38,2865,13801,18,9
1784445756486354404,0,126613,39,2917,13801,17,8
1784445756486354404,1,122745,38,2865,13801,18,9
1784445756536362741,0,126613,39,2917,13801,17,8
1784445756536362741,1,122745,38,2865,13801,18,9
1784445756586350540,0,126613,39,2917,13801,17,8
1784445756586350540,1,122779,38,2865,13801,18,9
1784445756636357828,0,126546,39,2917,13801,17,8
1784445756636357828,1,122779,38,2865,13801,18,9
1784445756686348694,0,126546,39,2917,13801,17,8
1784445756686348694,1,122779,38,2865,13801,18,9
1784445756736357456,0,126546,39,2917,13801,17,8
1784445756736357456,1,122779,38,2865,13801,18,9
1784445756786351941,0,126546,39,2917,13801,17,8
1784445756786351941,1,122779,38,2865,13801,18,9
1784445756836359868,0,126546,39,2917,13801,17,8
1784445756836359868,1,122779,38,2865,13801,18,9
1784445756886356036,0,126546,39,2917,13801,17,8
1784445756886356036,1,122779,38,2865,13801,18,9
1784445756936366687,0,126546,39,2917,13801,17,8
1784445756936366687,1,122779,38,2865,13801,18,9
1784445756986362221,0,126546,39,2917,13801,17,8
1784445756986362221,1,122779,38,2865,13801,18,9
1784445757036360703,0,126546,39,2917,13801,17,8
1784445757036360703,1,122779,38,2865,13801,18,9
1784445757086360658,0,126546,39,2917,13801,17,8
1784445757086360658,1,122941,38,2865,13801,18,9
1784445757136360601,0,126534,39,2917,13801,17,8
1784445757136360601,1,122941,38,2865,13801,18,9
1784445757186359117,0,126534,39,2917,13801,17,8
1784445757186359117,1,122941,38,2865,13801,18,9
1784445757236358832,0,126534,39,2917,13801,17,8
1784445757236358832,1,122941,38,2865,13801,18,9
1784445757286358614,0,126534,39,2917,13801,17,8
1784445757286358614,1,122941,38,2865,13801,18,9
1784445757336359069,0,126534,39,2917,13801,17,8
1784445757336359069,1,122941,38,2865,13801,18,9
1784445757386359086,0,126534,39,2917,13801,17,8
1784445757386359086,1,122941,38,2865,13801,18,9
1784445757436359471,0,126534,39,2917,13801,17,8
1784445757436359471,1,122941,38,2865,13801,18,9
1784445757486361471,0,126534,39,2917,13801,17,8
1784445757486361471,1,122941,38,2865,13801,18,9
1784445757536359977,0,126534,39,2917,13801,17,8
1784445757536359977,1,122941,38,2865,13801,18,9
1784445757586359136,0,126534,39,2917,13801,17,8
1784445757586359136,1,123024,38,2865,13801,17,9
1784445757636359417,0,126477,39,2917,13801,17,8
1784445757636359417,1,123024,38,2865,13801,17,9
1784445757686358530,0,126477,39,2917,13801,17,8
1784445757686358530,1,123024,38,2865,13801,17,9
1784445757736359304,0,126477,39,2917,13801,17,8
1784445757736359304,1,123024,38,2865,13801,17,9
1784445757786358716,0,126477,39,2917,13801,17,8
1784445757786358716,1,123024,38,2865,13801,17,9
1784445757836358690,0,126477,39,2917,13801,17,8
1784445757836358690,1,123024,38,2865,13801,17,9
1784445757886360376,0,126477,39,2917,13801,17,8
1784445757886360376,1,123024,38,2865,13801,17,9
1784445757936359041,0,126477,39,2917,13801,17,8
1784445757936359041,1,123024,38,2865,13801,17,9
1784445757986358872,0,126477,39,2917,13801,17,8
1784445757986358872,1,123024,38,2865,13801,17,9
1784445758036359947,0,126477,39,2917,13801,17,8
1784445758036359947,1,123024,38,2865,13801,17,9
1784445758086360556,0,126477,39,2917,13801,17,8
1784445758086360556,1,122661,38,2865,13801,18,9
1784445758136369491,0,126390,39,2917,13801,17,8
1784445758136369491,1,122661,38,2865,13801,18,9
1784445758186361272,0,126390,39,2917,13801,17,8
1784445758186361272,1,122661,38,2865,13801,18,9
1784445758236359729,0,126390,39,2917,13801,17,8
1784445758236359729,1,122661,38,2865,13801,18,9
1784445758286358760,0,126390,39,2917,13801,17,8
1784445758286358760,1,122661,38,2865,13801,18,9
1784445758336362813,0,126390,39,2917,13801,17,8
1784445758336362813,1,122661,38,2865,13801,18,9
1784445758386364208,0,126390,39,2917,13801,17,8
1784445758386364208,1,122661,38,2865,13801,18,9
1784445758436358829,0,126390,39,2917,13801,17,8
1784445758436358829,1,122661,38,2865,13801,18,9
1784445758486358379,0,126390,39,2917,13801,17,8
1784445758486358379,1,122661,38,2865,13801,18,9
1784445758536358855,0,126390,39,2917,13801,17,8
1784445758536358855,1,122661,38,2865,13801,18,9
1784445758586359848,0,126390,39,2917,13801,17,8
1784445758586359848,1,122197,38,2865,13801,17,8
1784445758636360155,0,126211,39,2917,13801,17,8
1784445758636360155,1,122197,38,2865,13801,17,8
1784445758686358611,0,126211,39,2917,13801,17,8
1784445758686358611,1,122197,38,2865,13801,17,8
1784445758736359273,0,126211,39,2917,13801,17,8
1784445758736359273,1,122197,38,2865,13801,17,8
1784445758786358742,0,126211,39,2917,13801,17,8
1784445758786358742,1,122197,38,2865,13801,17,8
1784445758836361201,0,126211,39,2917,13801,17,8
1784445758836361201,1,122197,38,2865,13801,17,8
1784445758886358858,0,126211,39,2917,13801,17,8
1784445758886358858,1,122197,38,2865,13801,17,8
1784445758936363916,0,126211,39,2917,13801,17,8
1784445758936363916,1,122197,38,2865,13801,17,8
1784445758986359019,0,126211,39,2917,13801,17,8
1784445758986359019,1,122197,38,2865,13801,17,8
1784445759036359768,0,126211,39,2917,13801,17,8
1784445759036359768,1,122197,38,2865,13801,17,8
1784445759086359939,0,126211,39,2917,13801,17,8
1784445759086359939,1,121988,38,2865,13801,18,9
1784445759136360325,0,126608,39,2917,13801,17,8
1784445759136360325,1,121988,38,2865,13801,18,9
1784445759186358417,0,126608,39,2917,13801,17,8
1784445759186358417,1,121988,38,2865,13801,18,9
1784445759236366904,0,126608,39,2917,13801,17,8
1784445759236366904,1,121988,38,2865,13801,18,9
1784445759286360038,0,126608,39,2917,13801,17,8
1784445759286360038,1,121988,38,2865,13801,18,9
1784445759336358422,0,126608,39,2917,13801,17,8
1784445759336358422,1,121988,38,2865,13801,18,9
1784445759386361116,0,126608,39,2917,13801,17,8
1784445759386361116,1,121988,38,2865,13801,18,9
1784445759436359086,0,126608,39,2917,13801,17,8
1784445759436359086,1,121988,38,2865,13801,18,9
1784445759486358512,0,126608,39,2917,13801,17,8
1784445759486358512,1,121988,38,2865,13801,18,9
1784445759536361875,0,126608,39,2917,13801,17,8
1784445759536361875,1,121988,38,2865,13801,18,9
1784445759586359283,0,126608,39,2917,13801,17,8
1784445759586359283,1,122006,38,2865,13801,17,9
1784445759636360635,0,126705,39,2917,13801,17,8
1784445759636360635,1,122006,38,2865,13801,17,9
1784445759686359636,0,126705,39,2917,13801,17,8
1784445759686359636,1,122006,38,2865,13801,17,9
1784445759736358589,0,126705,39,2917,13801,17,8
1784445759736358589,1,122006,38,2865,13801,17,9
1784445759786358635,0,126705,39,2917,13801,17,8
1784445759786358635,1,122006,38,2865,13801,17,9
1784445759836360546,0,126705,39,2917,13801,17,8
1784445759836360546,1,122006,38,2865,13801,17,9
1784445759886359000,0,126705,39,2917,13801,17,8
1784445759886359000,1,122006,38,2865,13801,17,9
1784445759936358702,0,126705,39,2917,13801,17,8
1784445759936358702,1,122006,38,2865,13801,17,9
1784445759986359914,0,126705,39,2917,13801,17,8
1784445759986359914,1,122006,38,2865,13801,17,9
1784445760036359285,0,126705,39,2917,13801,17,8
1784445760036359285,1,122006,38,2865,13801,17,9
1784445760086360000,0,126705,39,2917,13801,17,8
1784445760086360000,1,122014,38,2865,13801,17,8
1784445760136359057,0,126242,39,2917,13801,17,8
1784445760136359057,1,122014,38,2865,13801,17,8
1784445760186360916,0,126242,39,2917,13801,17,8
1784445760186360916,1,122014,38,2865,13801,17,8
1784445760236359223,0,126242,39,2917,13801,17,8
1784445760236359223,1,122014,38,2865,13801,17,8
1784445760286358525,0,126242,39,2917,13801,17,8
1784445760286358525,1,122014,38,2865,13801,17,8
1784445760336383414,0,126242,39,2917,13801,17,8
1784445760336383414,1,122014,38,2865,13801,17,8
1784445760386360814,0,126242,39,2917,13801,17,8
1784445760386360814,1,122014,38,2865,13801,17,8
1784445760436360119,0,126242,39,2917,13801,17,8
1784445760436360119,1,122014,38,2865,13801,17,8
1784445760486360728,0,126242,39,2917,13801,17,8
1784445760486360728,1,122014,38,2865,13801,17,8
1784445760536359774,0,126242,39,2917,13801,17,8
1784445760536359774,1,122014,38,2865,13801,17,8
1784445760586358743,0,126242,39,2917,13801,17,8
1784445760586358743,1,122671,38,2865,13801,17,9
1784445760636358021,0,126406,39,2917,13801,17,8
1784445760636358021,1,122671,38,2865,13801,17,9
1784445760686359400,0,126406,39,2917,13801,17,8
1784445760686359400,1,122671,38,2865,13801,17,9
1784445760736361683,0,126406,39,2917,13801,17,8
1784445760736361683,1,122671,38,2865,13801,17,9
1784445760786361217,0,126406,39,2917,13801,17,8
1784445760786361217,1,122671,38,2865,13801,17,9
1784445760836361709,0,126406,39,2917,13801,17,8
1784445760836361709,1,122671,38,2865,13801,17,9
1784445760886361773,0,126406,39,2917,13801,17,8
1784445760886361773,1,122671,38,2865,13801,17,9
1784445760936360747,0,126406,39,2917,13801,17,8
1784445760936360747,1,122671,38,2865,13801,17,9
1784445760986361177,0,126406,39,2917,13801,17,8
1784445760986361177,1,122671,38,2865,13801,17,9
1784445761036362583,0,126406,39,2917,13801,17,8
1784445761036362583,1,122671,38,2865,13801,17,9
1784445761086363067,0,126406,39,2917,13801,17,8
1784445761086363067,1,122962,38,2865,13801,17,8
1784445761136362940,0,125560,39,2917,13801,18,8
1784445761136362940,1,122962,38,2865,13801,17,8
1784445761186360269,0,125560,39,2917,13801,18,8
1784445761186360269,1,122962,38,2865,13801,17,8
1784445761236360891,0,125560,39,2917,13801,18,8
1784445761236360891,1,122962,38,2865,13801,17,8
1784445761286360442,0,125560,39,2917,13801,18,8
1784445761286360442,1,122962,38,2865,13801,17,8
1784445761336360416,0,125560,39,2917,13801,18,8
1784445761336360416,1,122962,38,2865,13801,17,8
1784445761386359907,0,125560,39,2917,13801,18,8
1784445761386359907,1,122962,38,2865,13801,17,8
1784445761436359583,0,125560,39,2917,13801,18,8
1784445761436359583,1,122962,38,2865,13801,17,8
1784445761486364891,0,125560,39,2917,13801,18,8
1784445761486364891,1,122962,38,2865,13801,17,8
1784445761536364818,0,125560,39,2917,13801,18,8
1784445761536364818,1,122962,38,2865,13801,17,8
1784445761586362399,0,125560,39,2917,13801,18,8
1784445761586362399,1,122827,38,2865,13801,18,9
1784445761636359663,0,125835,39,2917,13801,17,8
1784445761636359663,1,122827,38,2865,13801,18,9
1784445761686360967,0,125835,39,2917,13801,17,8
1784445761686360967,1,122827,38,2865,13801,18,9
1784445761736359651,0,125835,39,2917,13801,17,8
1784445761736359651,1,122827,38,2865,13801,18,9
1784445761786359848,0,125835,39,2917,13801,17,8
1784445761786359848,1,122827,38,2865,13801,18,9
1784445761836360243,0,125835,39,2917,13801,17,8
1784445761836360243,1,122827,38,2865,13801,18,9
1784445761886360965,0,125835,39,2917,13801,17,8
1784445761886360965,1,122827,38,2865,13801,18,9
1784445761936359647,0,125835,39,2917,13801,17,8
1784445761936359647,1,122827,38,2865,13801,18,9
1784445761986359219,0,125835,39,2917,13801,17,8
1784445761986359219,1,122827,38,2865,13801,18,9
1784445762036359633,0,125835,39,2917,13801,17,8
1784445762036359633,1,122827,38,2865,13801,18,9
1784445762086360503,0,125835,39,2917,13801,17,8
1784445762086360503,1,123165,38,2865,13801,18,9
1784445762136358689,0,126776,39,2917,13801,17,8
1784445762136358689,1,123165,38,2865,13801,18,9
1784445762186358804,0,126776,39,2917,13801,17,8
1784445762186358804,1,123165,38,2865,13801,18,9
1784445762236359879,0,126776,39,2917,13801,17,8
1784445762236359879,1,123165,38,2865,13801,18,9
1784445762286360723,0,126776,39,2917,13801,17,8
1784445762286360723,1,123165,38,2865,13801,18,9
1784445762336358477,0,126776,39,2917,13801,17,8
1784445762336358477,1,123165,38,2865,13801,18,9
1784445762386359392,0,126776,39,2917,13801,17,8
1784445762386359392,1,123165,38,2865,13801,18,9
1784445762436359305,0,126776,39,2917,13801,17,8
1784445762436359305,1,123165,38,2865,13801,18,9
1784445762486360371,0,126776,39,2917,13801,17,8
1784445762486360371,1,123165,38,2865,13801,18,9
1784445762536358334,0,126776,39,2917,13801,17,8
1784445762536358334,1,123165,38,2865,13801,18,9
1784445762586359293,0,126776,39,2917,13801,17,8
1784445762586359293,1,123268,38,2865,13801,18,9
1784445762636360096,0,126454,39,2917,13801,17,8
1784445762636360096,1,123268,38,2865,13801,18,9
1784445762686360037,0,126454,39,2917,13801,17,8
1784445762686360037,1,123268,38,2865,13801,18,9
1784445762736357569,0,126454,39,2917,13801,17,8
1784445762736357569,1,123268,38,2865,13801,18,9
1784445762786359393,0,126454,39,2917,13801,17,8
1784445762786359393,1,123268,38,2865,13801,18,9
1784445762836360165,0,126454,39,2917,13801,17,8
1784445762836360165,1,123268,38,2865,13801,18,9
1784445762886360462,0,126454,39,2917,13801,17,8
1784445762886360462,1,123268,38,2865,13801,18,9
1784445762936359531,0,126454,39,2917,13801,17,8
1784445762936359531,1,123268,38,2865,13801,18,9
1784445762986360621,0,126454,39,2917,13801,17,8
1784445762986360621,1,123268,38,2865,13801,18,9
1784445763036359992,0,126454,39,2917,13801,17,8
1784445763036359992,1,123268,38,2865,13801,18,9
1784445763086360927,0,126454,39,2917,13801,17,8
1784445763086360927,1,123048,38,2865,13801,18,9
1784445763136358893,0,126423,39,2917,13801,17,8
1784445763136358893,1,123048,38,2865,13801,18,9
1784445763186359788,0,126423,39,2917,13801,17,8
1784445763186359788,1,123048,38,2865,13801,18,9
1784445763236360852,0,126423,39,2917,13801,17,8
1784445763236360852,1,123048,38,2865,13801,18,9
1784445763286360700,0,126423,39,2917,13801,17,8
1784445763286360700,1,123048,38,2865,13801,18,9
1784445763336358340,0,126423,39,2917,13801,17,8
1784445763336358340,1,123048,38,2865,13801,18,9
1784445763386359557,0,126423,39,2917,13801,17,8
1784445763386359557,1,123048,38,2865,13801,18,9
1784445763436360533,0,126423,39,2917,13801,17,8
1784445763436360533,1,123048,38,2865,13801,18,9
1784445763486360991,0,126423,39,2917,13801,17,8
1784445763486360991,1,123048,38,2865,13801,18,9
1784445763536359069,0,126423,39,2917,13801,17,8
1784445763536359069,1,123048,38,2865,13801,18,9
1784445763586358856,0,126423,39,2917,13801,17,8
1784445763586358856,1,123390,38,2865,13801,18,9
1784445763636359991,0,126776,39,2917,13801,17,8
1784445763636359991,1,123390,38,2865,13801,18,9
1784445763686360932,0,126776,40,2917,13801,17,8
1784445763686360932,1,123390,38,2865,13801,18,9
1784445763736358382,0,126776,40,2917,13801,17,8
1784445763736358382,1,123390,38,2865,13801,18,9
1784445763786359628,0,126776,40,2917,13801,17,8
1784445763786359628,1,123390,38,2865,13801,18,9
1784445763836359892,0,126776,40,2917,13801,17,8
1784445763836359892,1,123390,38,2865,13801,18,9
1784445763886360864,0,126776,40,2917,13801,17,8
1784445763886360864,1,123390,38,2865,13801,18,9
1784445763936359581,0,126776,40,2917,13801,17,8
1784445763936359581,1,123390,38,2865,13801,18,9
1784445763986359357,0,126776,40,2917,13801,17,8
1784445763986359357,1,123390,38,2865,13801,18,9
1784445764036359573,0,126776,40,2917,13801,17,8
1784445764036359573,1,123390,38,2865,13801,18,9
1784445764086361093,0,126776,40,2917,13801,17,8
1784445764086361093,1,123242,38,2865,13801,18,9
1784445764136359220,0,126817,40,2917,13801,17,8
1784445764136359220,1,123242,38,2865,13801,18,9
1784445764186359172,0,126817,39,2917,13801,17,8
1784445764186359172,1,123242,38,2865,13801,18,9
1784445764236359973,0,126817,39,2917,13801,17,8
1784445764236359973,1,123242,38,2865,13801,18,9
1784445764286361155,0,126817,39,2917,13801,17,8
1784445764286361155,1,123242,38,2865,13801,18,9
1784445764336358582,0,126817,39,2917,13801,17,8
1784445764336358582,1,123242,38,2865,13801,18,9
1784445764386359877,0,126817,39,2917,13801,17,8
1784445764386359877,1,123242,38,2865,13801,18,9
1784445764436359957,0,126817,39,2917,13801,17,8
1784445764436359957,1,123242,38,2865,13801,18,9
1784445764486361293,0,126817,39,2917,13801,17,8
1784445764486361293,1,123242,38,2865,13801,18,9
1784445764536358555,0,126817,39,2917,13801,17,8
1784445764536358555,1,123242,38,2865,13801,18,9
1784445764586359836,0,126817,39,2917,13801,17,8
1784445764586359836,1,123223,38,2865,13801,18,9
1784445764636359551,0,126535,39,2917,13801,17,8
1784445764636359551,1,123223,38,2865,13801,18,9
1784445764686361281,0,126535,39,2917,13801,17,8
1784445764686361281,1,123223,38,2865,13801,18,9
1784445764736358020,0,126535,39,2917,13801,17,8
1784445764736358020,1,123223,38,2865,13801,18,9
1784445764786359743,0,126535,39,2917,13801,17,8
1784445764786359743,1,123223,38,2865,13801,18,9
1784445764836360340,0,126535,39,2917,13801,17,8
1784445764836360340,1,123223,38,2865,13801,18,9
1784445764886360788,0,126535,39,2917,13801,17,8
1784445764886360788,1,123223,38,2865,13801,18,9
1784445764936361304,0,126535,39,2917,13801,17,8
1784445764936361304,1,123223,38,2865,13801,18,9
1784445764986359293,0,126535,39,2917,13801,17,8
1784445764986359293,1,123223,38,2865,13801,18,9
1784445765036360518,0,126535,39,2917,13801,17,8
1784445765036360518,1,123223,38,2865,13801,18,9
1784445765086380593,0,126535,39,2917,13801,17,8
1784445765086380593,1,123148,38,2865,13801,18,9
1784445765136358534,0,126067,39,2917,13801,17,8
1784445765136358534,1,123148,38,2865,13801,18,9
1784445765186360091,0,126067,39,2917,13801,17,8
1784445765186360091,1,123148,38,2865,13801,18,9
1784445765236360739,0,126067,39,2917,13801,17,8
1784445765236360739,1,123148,38,2865,13801,18,9
1784445765286352355,0,126067,39,2917,13801,17,8
1784445765286352355,1,123148,38,2865,13801,18,9
1784445765336358258,0,126067,39,2917,13801,17,8
1784445765336358258,1,123148,38,2865,13801,18,9
1784445765386363779,0,126067,39,2917,13801,17,8
1784445765386363779,1,123148,38,2865,13801,18,9
1784445765436361016,0,126067,39,2917,13801,17,8
1784445765436361016,1,123148,38,2865,13801,18,9
1784445765486358746,0,126067,39,2917,13801,17,8
1784445765486358746,1,123148,38,2865,13801,18,9
1784445765536367821,0,126067,39,2917,13801,17,8
1784445765536367821,1,123148,38,2865,13801,18,9
1784445765586354442,0,126067,39,2917,13801,17,8
1784445765586354442,1,123085,38,2865,13801,18,9
1784445765636357665,0,126241,39,2917,13801,17,8
1784445765636357665,1,123085,38,2865,13801,18,9
1784445765686352026,0,126241,39,2917,13801,17,8
1784445765686352026,1,123085,38,2865,13801,18,9
1784445765736357565,0,126241,39,2917,13801,17,8
1784445765736357565,1,123085,38,2865,13801,18,9
1784445765786357660,0,126241,39,2917,13801,17,8
1784445765786357660,1,123085,38,2865,13801,18,9
1784445765836364366,0,126241,39,2917,13801,17,8
1784445765836364366,1,123085,38,2865,13801,18,9
1784445765886355020,0,126241,39,2917,13801,17,8
1784445765886355020,1,123085,38,2865,13801,18,9
1784445765936358638,0,126241,39,2917,13801,17,8
1784445765936358638,1,123085,38,2865,13801,18,9
1784445765986353099,0,126241,39,2917,13801,17,8
1784445765986353099,1,123085,38,2865,13801,18,9
1784445766036362208,0,126241,39,2917,13801,17,8
1784445766036362208,1,123085,38,2865,13801,18,9
1784445766086361316,0,126241,39,2917,13801,17,8
1784445766086361316,1,123114,38,2865,13801,18,9
1784445766136359774,0,126344,39,2917,13801,17,8
1784445766136359774,1,123114,38,2865,13801,18,9
1784445766186359571,0,126344,39,2917,13801,17,8
1784445766186359571,1,123114,38,2865,13801,18,9
1784445766236360982,0,126344,39,2917,13801,17,8
1784445766236360982,1,123114,38,2865,13801,18,9
1784445766286362781,0,126344,39,2917,13801,17,8
1784445766286362781,1,123114,38,2865,13801,18,9
1784445766336360740,0,126344,39,2917,13801,17,8
1784445766336360740,1,123114,38,2865,13801,18,9
1784445766386361358,0,126344,39,2917,13801,17,8
1784445766386361358,1,123114,38,2865,13801,18,9
1784445766436360684,0,126344,39,2917,13801,17,8
1784445766436360684,1,123114,38,2865,13801,18,9
1784445766486360741,0,126344,39,2917,13801,17,8
1784445766486360741,1,123114,38,2865,13801,18,9
1784445766536361355,0,126344,39,2917,13801,17,8
1784445766536361355,1,123114,38,2865,13801,18,9
1784445766586362666,0,126344,39,2917,13801,17,8
1784445766586362666,1,123172,38,2865,13801,18,9
1784445766636361067,0,126229,39,2917,13801,17,8
1784445766636361067,1,123172,38,2865,13801,18,9
1784445766686362039,0,126229,39,2917,13801,17,8
1784445766686362039,1,123172,38,2865,13801,18,9
1784445766736360755,0,126229,39,2917,13801,17,8
1784445766736360755,1,123172,38,2865,13801,18,9
1784445766786361034,0,126229,39,2917,13801,17,8
1784445766786361034,1,123172,38,2865,13801,18,9
1784445766836360700,0,126229,39,2917,13801,17,8
1784445766836360700,1,123172,38,2865,13801,18,9
1784445766886360313,0,126229,39,2917,13801,17,8
1784445766886360313,1,123172,38,2865,13801,18,9
1784445766936361068,0,126229,39,2917,13801,17,8
1784445766936361068,1,123172,38,2865,13801,18,9
1784445766986348983,0,126229,39,2917,13801,17,8
1784445766986348983,1,123172,38,2865,13801,18,9
1784445767036360819,0,126229,39,2917,13801,17,8
1784445767036360819,1,123172,38,2865,13801,18,9
1784445767086356011,0,126229,39,2917,13801,17,8
1784445767086356011,1,123042,38,2865,13801,18,9
1784445767136360832,0,126229,39,2917,13801,17,8
1784445767136360832,1,123042,38,2865,13801,18,9
1784445767186349197,0,126285,39,2917,13801,17,8
1784445767186349197,1,123042,38,2865,13801,18,9
1784445767236360758,0,126285,39,2917,13801,17,8
1784445767236360758,1,123042,38,2865,13801,18,9
1784445767286351635,0,126285,39,2917,13801,17,8
1784445767286351635,1,123042,38,2865,13801,18,9
1784445767336357276,0,126285,39,2917,13801,17,8
1784445767336357276,1,123042,38,2865,13801,18,9
1784445767386348884,0,126285,39,2917,13801,17,8
1784445767386348884,1,123042,38,2865,13801,18,9
1784445767436357609,0,126285,39,2917,13801,17,8
1784445767436357609,1,123042,38,2865,13801,18,9
1784445767486352513,0,126285,39,2917,13801,17,8
1784445767486352513,1,123042,38,2865,13801,18,9
1784445767536357371,0,126285,39,2917,13801,17,8
1784445767536357371,1,123042,38,2865,13801,18,9
1784445767586353126,0,126285,39,2917,13801,17,8
1784445767586353126,1,123176,38,2865,13801,18,9
1784445767636357528,0,126285,39,2917,13801,17,8
1784445767636357528,1,123176,38,2865,13801,18,9
1784445767686351693,0,126546,39,2917,13801,17,8
1784445767686351693,1,123176,38,2865,13801,18,9
1784445767736364370,0,126546,39,2917,13801,17,8
1784445767736364370,1,123176,38,2865,13801,18,9
1784445767786358495,0,126546,39,2917,13801,17,8
1784445767786358495,1,123176,38,2865,13801,18,9
1784445767836363113,0,126546,39,2917,13801,17,8
1784445767836363113,1,123176,38,2865,13801,18,9
1784445767886373055,0,126546,39,2917,13801,17,8
1784445767886373055,1,123176,38,2865,13801,18,9
1784445767936361372,0,126546,39,2917,13801,17,8
1784445767936361372,1,123176,38,2865,13801,18,9
1784445767986849217,0,126546,39,2917,13801,17,8
1784445767986849217,1,123176,38,2865,13801,18,9
1784445768036377191,0,126546,39,2917,13801,17,8
1784445768036377191,1,123176,38,2865,13801,18,9
1784445768086355598,0,126546,39,2917,13801,17,8
1784445768086355598,1,105827,36,2460,13801,0,0
1784445768136359706,0,126546,39,2917,13801,17,8
1784445768136359706,1,105827,36,2460,13801,0,0
1784445768186353296,0,120218,38,2917,13801,0,0
1784445768186353296,1,105827,36,2460,13801,0,0
1784445768236358587,0,120218,38,2917,13801,0,0
1784445768236358587,1,105827,36,2460,13801,0,0
1784445768286352378,0,120218,38,2917,13801,0,0
1784445768286352378,1,105827,36,2460,13801,0,0
1784445768336365283,0,120218,38,2917,13801,0,0
1784445768336365283,1,105827,36,2460,13801,0,0
1784445768386358633,0,120218,38,2917,13801,0,0
1784445768386358633,1,105827,36,2460,13801,0,0
1784445768436358840,0,120218,38,2917,13801,0,0
1784445768436358840,1,105827,36,2460,13801,0,0
1784445768486351777,0,120218,38,2917,13801,0,0
1784445768486351777,1,105827,36,2460,13801,0,0
1784445768536358028,0,120218,38,2917,13801,0,0
1784445768536358028,1,105827,36,2460,13801,0,0
1784445768586351830,0,120218,38,2917,13801,0,0
1784445768586351830,1,74455,36,2400,13801,0,0
1784445768636361364,0,89170,38,2400,13801,0,0
1784445768636361364,1,74455,36,2400,13801,0,0
1784445768686351890,0,89170,37,2400,13801,0,0
1784445768686351890,1,74455,36,2400,13801,0,0
1784445768736358563,0,89170,37,2400,13801,0,0
1784445768736358563,1,74455,36,2400,13801,0,0
1784445768786362331,0,89170,37,2400,13801,0,0
1784445768786362331,1,74455,36,2400,13801,0,0
1784445768836360119,0,89170,37,2400,13801,0,0
1784445768836360119,1,74455,36,2400,13801,0,0
1784445768886361830,0,89170,37,2400,13801,0,0
1784445768886361830,1,74455,36,2400,13801,0,0
1784445768936359545,0,89170,37,2400,13801,0,0
1784445768936359545,1,74455,36,2400,13801,0,0
1784445768986359391,0,89170,37,2400,13801,0,0
1784445768986359391,1,74455,36,2400,13801,0,0
1784445769036359466,0,89170,37,2400,13801,0,0
1784445769036359466,1,74455,36,2400,13801,0,0
1784445769086352652,0,89170,37,2400,13801,0,0
1784445769086352652,1,63999,35,2400,13801,0,0
1784445769136358133,0,89170,37,2400,13801,0,0
1784445769136358133,1,63999,35,2400,13801,0,0
1784445769186366744,0,62472,37,2400,13801,12,5
1784445769186366744,1,63999,35,2400,13801,0,0
1784445769236362935,0,62472,37,2400,13801,12,5
1784445769236362935,1,63999,35,2400,13801,0,0
1784445769286362404,0,62472,37,2400,13801,12,5
1784445769286362404,1,63999,35,2400,13801,0,0
1784445769336363582,0,62472,37,2400,13801,12,5
1784445769336363582,1,63999,35,2400,13801,0,0
1784445769386370706,0,62472,37,2400,13801,12,5
1784445769386370706,1,63999,35,2400,13801,0,0
1784445769436364202,0,62472,37,2400,13801,12,5
1784445769436364202,1,63999,35,2400,13801,0,0
1784445769486361360,0,62472,37,2400,13801,12,5
1784445769486361360,1,63999,35,2400,13801,0,0
1784445769536386786,0,62472,37,2400,13801,12,5
1784445769536386786,1,63999,35,2400,13801,0,0
1784445769586358632,0,62472,37,2400,13801,12,5
1784445769586358632,1,86427,37,2850,13801,15,6
1784445769636361642,0,62472,37,2917,13801,12,5
1784445769636361642,1,86427,37,2850,13801,15,6
1784445769686375479,0,98249,38,2917,13801,15,7
1784445769686375479,1,86427,37,2850,13801,15,6
1784445769736366035,0,98249,38,2917,13801,15,7
1784445769736366035,1,86427,37,2850,13801,15,6
1784445769786362382,0,98249,38,2917,13801,15,7
1784445769786362382,1,86427,37,2850,13801,15,6
1784445769836362265,0,98249,38,2917,13801,15,7
1784445769836362265,1,86427,37,2850,13801,15,6
1784445769886358506,0,98249,38,2917,13801,15,7
1784445769886358506,1,86427,37,2850,13801,15,6
1784445769936359271,0,98249,38,2917,13801,15,7
1784445769936359271,1,86427,37,2850,13801,15,6
1784445769986361596,0,98249,38,2917,13801,15,7
1784445769986361596,1,86427,37,2850,13801,15,6
1784445770036360143,0,98249,38,2917,13801,15,7
1784445770036360143,1,86427,37,2850,13801,15,6
1784445770086362958,0,98249,38,2917,13801,15,7
1784445770086362958,1,115296,38,2865,13801,16,8
1784445770136360316,0,98249,38,2925,13801,15,7
1784445770136360316,1,115296,38,2865,13801,16,8
1784445770186361227,0,124490,39,2925,13801,16,7
1784445770186361227,1,115296,38,2865,13801,16,8
1784445770236363115,0,124490,39,2925,13801,16,7
1784445770236363115,1,115296,38,2865,13801,16,8
1784445770286354796,0,124490,39,2925,13801,16,7
1784445770286354796,1,115296,38,2865,13801,16,8
1784445770336359994,0,124490,39,2925,13801,16,7
1784445770336359994,1,115296,38,2865,13801,16,8
1784445770386354546,0,124490,39,2925,13801,16,7
1784445770386354546,1,115296,38,2865,13801,16,8
1784445770436361493,0,124490,39,2925,13801,16,7
1784445770436361493,1,115296,38,2865,13801,16,8
1784445770486355271,0,124490,39,2925,13801,16,7
1784445770486355271,1,115296,38,2865,13801,16,8
1784445770536361856,0,124490,39,2925,13801,16,7
1784445770536361856,1,115296,38,2865,13801,16,8
1784445770586358810,0,124490,39,2925,13801,16,7
1784445770586358810,1,118334,38,2865,13801,17,8
1784445770636360462,0,124490,39,2925,13801,16,7
1784445770636360462,1,118334,38,2865,13801,17,8
1784445770686354593,0,121098,39,2917,13801,16,7
1784445770686354593,1,118334,38,2865,13801,17,8
1784445770736360638,0,121098,39,2917,13801,16,7
1784445770736360638,1,118334,38,2865,13801,17,8
1784445770786358701,0,121098,39,2917,13801,16,7
1784445770786358701,1,118334,38,2865,13801,17,8
1784445770836359878,0,121098,39,2917,13801,16,7
1784445770836359878,1,118334,38,2865,13801,17,8
1784445770886352235,0,121098,39,2917,13801,16,7
1784445770886352235,1,118334,38,2865,13801,17,8
1784445770936358618,0,121098,39,2917,13801,16,7
1784445770936358618,1,118334,38,2865,13801,17,8
1784445770986357573,0,121098,39,2917,13801,16,7
1784445770986357573,1,118334,38,2865,13801,17,8
1784445771036364968,0,121098,39,2917,13801,16,7
1784445771036364968,1,118334,38,2865,13801,17,8
1784445771086361127,0,121098,39,2917,13801,16,7
1784445771086361127,1,120016,38,2865,13801,17,8
1784445771136361825,0,121098,39,2917,13801,16,7
1784445771136361825,1,120016,38,2865,13801,17,8
1784445771186352665,0,122861,39,2917,13801,16,7
1784445771186352665,1,120016,38,2865,13801,17,8
1784445771236362343,0,122861,39,2917,13801,16,7
1784445771236362343,1,120016,38,2865,13801,17,8
1784445771286361710,0,122861,39,2917,13801,16,7
1784445771286361710,1,120016,38,2865,13801,17,8
1784445771336361972,0,122861,39,2917,13801,16,7
1784445771336361972,1,120016,38,2865,13801,17,8
1784445771386361488,0,122861,39,2917,13801,16,7
1784445771386361488,1,120016,38,2865,13801,17,8
1784445771436361730,0,122861,39,2917,13801,16,7
1784445771436361730,1,120016,38,2865,13801,17,8
1784445771486365228,0,122861,39,2917,13801,16,7
1784445771486365228,1,120016,38,2865,13801,17,8
1784445771536363637,0,122861,39,2917,13801,16,7
1784445771536363637,1,120016,38,2865,13801,17,8
1784445771586362286,0,122861,39,2917,13801,16,7
1784445771586362286,1,121275,38,2865,13801,17,8
1784445771636362008,0,122861,39,2917,13801,16,7
1784445771636362008,1,121275,38,2865,13801,17,8
1784445771686351570,0,124629,39,2917,13801,17,8
1784445771686351570,1,121275,38,2865,13801,17,8
1784445771736361657,0,124629,39,2917,13801,17,8
1784445771736361657,1,121275,38,2865,13801,17,8
1784445771786361964,0,124629,39,2917,13801,17,8
1784445771786361964,1,121275,38,2865,13801,17,8
1784445771836361861,0,124629,39,2917,13801,17,8
1784445771836361861,1,121275,38,2865,13801,17,8
1784445771886353128,0,124629,39,2917,13801,17,8
1784445771886353128,1,121275,38,2865,13801,17,8
1784445771936361855,0,124629,39,2917,13801,17,8
1784445771936361855,1,121275,38,2865,13801,17,8
1784445771986352517,0,124629,39,2917,13801,17,8
1784445771986352517,1,121275,38,2865,13801,17,8
1784445772036362458,0,124629,39,2917,13801,17,8
1784445772036362458,1,121275,38,2865,13801,17,8
1784445772086352896,0,124629,39,2917,13801,17,8
1784445772086352896,1,122277,38,2865,13801,18,9
1784445772136360264,0,124629,39,2917,13801,17,8
1784445772136360264,1,122277,38,2865,13801,18,9
1784445772186349597,0,125973,39,2917,13801,17,8
1784445772186349597,1,122277,38,2865,13801,18,9
1784445772236359742,0,125973,39,2917,13801,17,8
1784445772236359742,1,122277,38,2865,13801,18,9
1784445772286349550,0,125973,39,2917,13801,17,8
1784445772286349550,1,122277,38,2865,13801,18,9
1784445772336360202,0,125973,39,2917,13801,17,8
1784445772336360202,1,122277,38,2865,13801,18,9
1784445772386350572,0,125973,39,2917,13801,17,8
1784445772386350572,1,122277,38,2865,13801,18,9
1784445772436358814,0,125973,39,2917,13801,17,8
1784445772436358814,1,122277,38,2865,13801,18,9
1784445772486350203,0,125973,39,2917,13801,17,8
1784445772486350203,1,122277,38,2865,13801,18,9
1784445772536358817,0,125973,39,2917,13801,17,8
1784445772536358817,1,122277,38,2865,13801,18,9
1784445772586354089,0,125973,39,2917,13801,17,8
1784445772586354089,1,122457,38,2865,13801,17,8
1784445772636358223,0,125973,39,2917,13801,17,8
1784445772636358223,1,122457,38,2865,13801,17,8
1784445772686353156,0,126026,39,2917,13801,17,8
1784445772686353156,1,122457,38,2865,13801,17,8
1784445772736358846,0,126026,39,2917,13801,17,8
1784445772736358846,1,122457,38,2865,13801,17,8
1784445772786364231,0,126026,39,2917,13801,17,8
1784445772786364231,1,122457,38,2865,13801,17,8
1784445772836361248,0,126026,39,2917,13801,17,8
1784445772836361248,1,122457,38,2865,13801,17,8
1784445772886361186,0,126026,39,2917,13801,17,8
1784445772886361186,1,122457,38,2865,13801,17,8
1784445772936360783,0,126026,39,2917,13801,17,8
1784445772936360783,1,122457,38,2865,13801,17,8
1784445772986361795,0,126026,39,2917,13801,17,8
1784445772986361795,1,122457,38,2865,13801,17,8
1784445773036359095,0,126026,39,2917,13801,17,8
1784445773036359095,1,122457,38,2865,13801,17,8
1784445773086363137,0,126026,39,2917,13801,17,8
1784445773086363137,1,122506,38,2865,13801,18,9
1784445773136361926,0,126026,39,2917,13801,17,8
1784445773136361926,1,122506,38,2865,13801,18,9
1784445773186361227,0,125780,39,2917,13801,17,8
1784445773186361227,1,122506,38,2865,13801,18,9
1784445773236361007,0,125780,39,2917,13801,17,8
1784445773236361007,1,122506,38,2865,13801,18,9
1784445773286360557,0,125780,39,2917,13801,17,8
1784445773286360557,1,122506,38,2865,13801,18,9
1784445773336361536,0,125780,39,2917,13801,17,8
1784445773336361536,1,122506,38,2865,13801,18,9
1784445773386361836,0,125780,39,2917,13801,17,8
1784445773386361836,1,122506,38,2865,13801,18,9
1784445773436358927,0,125780,39,2917,13801,17,8
1784445773436358927,1,122506,38,2865,13801,18,9
1784445773486361104,0,125780,39,2917,13801,17,8
1784445773486361104,1,122506,38,2865,13801,18,9
1784445773536361290,0,125780,39,2917,13801,17,8
1784445773536361290,1,122506,38,2865,13801,18,9
1784445773586361936,0,125780,39,2917,13801,17,8
1784445773586361936,1,122823,38,2865,13801,18,9
1784445773636361244,0,125780,39,2917,13801,17,8
1784445773636361244,1,122823,38,2865,13801,18,9
1784445773686361096,0,125886,39,2917,13801,17,8
1784445773686361096,1,122823,38,2865,13801,18,9
1784445773736360324,0,125886,39,2917,13801,17,8
1784445773736360324,1,122823,38,2865,13801,18,9
1784445773786362236,0,125886,39,2917,13801,17,8
1784445773786362236,1,122823,38,2865,13801,18,9
1784445773836361307,0,125886,39,2917,13801,17,8
1784445773836361307,1,122823,38,2865,13801,18,9
1784445773886352645,0,125886,39,2917,13801,17,8
1784445773886352645,1,122823,38,2865,13801,18,9
1784445773936360382,0,125886,39,2917,13801,17,8
1784445773936360382,1,122823,38,2865,13801,18,9
1784445773986349792,0,125886,39,2917,13801,17,8
1784445773986349792,1,122823,38,2865,13801,18,9
1784445774036358956,0,125886,39,2917,13801,17,8
1784445774036358956,1,122823,38,2865,13801,18,9
1784445774086349747,0,125886,39,2917,13801,17,8
1784445774086349747,1,123429,38,2865,13801,18,9
1784445774136363407,0,125886,39,2917,13801,17,8
1784445774136363407,1,123429,38,2865,13801,18,9
1784445774186353956,0,126064,39,2917,13801,17,8
1784445774186353956,1,123429,38,2865,13801,18,9
1784445774236361225,0,126064,39,2917,13801,17,8
1784445774236361225,1,123429,38,2865,13801,18,9
1784445774286350836,0,126064,39,2917,13801,17,8
1784445774286350836,1,123429,38,2865,13801,18,9
1784445774336359081,0,126064,39,2917,13801,17,8
1784445774336359081,1,123429,38,2865,13801,18,9
1784445774386354109,0,126064,39,2917,13801,17,8
1784445774386354109,1,123429,38,2865,13801,18,9
1784445774436358213,0,126064,39,2917,13801,17,8
1784445774436358213,1,123429,38,2865,13801,18,9
1784445774486350531,0,126064,39,2917,13801,17,8
1784445774486350531,1,123429,38,2865,13801,18,9
1784445774536358581,0,126064,39,2917,13801,17,8
1784445774536358581,1,123429,38,2865,13801,18,9
1784445774586350100,0,126064,39,2917,13801,17,8
1784445774586350100,1,123706,38,2865,13801,17,9
1784445774636346610,0,126064,39,2917,13801,17,8
1784445774636346610,1,123706,38,2865,13801,17,9
1784445774686361940,0,126379,39,2917,13801,17,8
1784445774686361940,1,123706,38,2865,13801,17,9
1784445774736359891,0,126379,39,2917,13801,17,8
1784445774736359891,1,123706,38,2865,13801,17,9
1784445774786358581,0,126379,39,2917,13801,17,8
1784445774786358581,1,123706,38,2865,13801,17,9
1784445774836359603,0,126379,39,2917,13801,17,8
1784445774836359603,1,123706,38,2865,13801,17,9
1784445774886360706,0,126379,39,2917,13801,17,8
1784445774886360706,1,123706,38,2865,13801,17,9
1784445774936361100,0,126379,39,2917,13801,17,8
1784445774936361100,1,123706,38,2865,13801,17,9
1784445774986359355,0,126379,39,2917,13801,17,8
1784445774986359355,1,123706,38,2865,13801,17,9
1784445775036360781,0,126379,39,2917,13801,17,8
1784445775036360781,1,123706,38,2865,13801,17,9
1784445775086360501,0,126379,39,2917,13801,17,8
1784445775086360501,1,123472,38,2865,13801,18,9
1784445775136356286,0,126379,39,2917,13801,17,8
1784445775136356286,1,123472,38,2865,13801,18,9
1784445775186358769,0,126442,39,2917,13801,17,8
1784445775186358769,1,123472,38,2865,13801,18,9
1784445775236360283,0,126442,39,2917,13801,17,8
1784445775236360283,1,123472,38,2865,13801,18,9
1784445775286359748,0,126442,39,2917,13801,17,8
1784445775286359748,1,123472,38,2865,13801,18,9
1784445775336356863,0,126442,39,2917,13801,17,8
1784445775336356863,1,123472,38,2865,13801,18,9
1784445775386354209,0,126442,39,2917,13801,17,8
1784445775386354209,1,123472,38,2865,13801,18,9
1784445775436359825,0,126442,39,2917,13801,17,8
1784445775436359825,1,123472,38,2865,13801,18,9
1784445775486350084,0,126442,39,2917,13801,17,8
1784445775486350084,1,123472,38,2865,13801,18,9
1784445775536359418,0,126442,39,2917,13801,17,8
1784445775536359418,1,123472,38,2865,13801,18,9
1784445775586352121,0,126442,39,2917,13801,17,8
1784445775586352121,1,122911,38,2865,13801,18,9
1784445775636357709,0,126442,39,2917,13801,17,8
1784445775636357709,1,122911,38,2865,13801,18,9
1784445775686350396,0,126522,39,2917,13801,17,8
1784445775686350396,1,122911,38,2865,13801,18,9
1784445775736358269,0,126522,39,2917,13801,17,8
1784445775736358269,1,122911,38,2865,13801,18,9
1784445775786354197,0,126522,39,2917,13801,17,8
1784445775786354197,1,122911,38,2865,13801,18,9
1784445775836357506,0,126522,39,2917,13801,17,8
1784445775836357506,1,122911,38,2865,13801,18,9
1784445775886361218,0,126522,39,2917,13801,17,8
1784445775886361218,1,122911,38,2865,13801,18,9
1784445775936361575,0,126522,39,2917,13801,17,8
1784445775936361575,1,122911,38,2865,13801,18,9
1784445775986361094,0,126522,39,2917,13801,17,8
1784445775986361094,1,122911,38,2865,13801,18,9
1784445776036360063,0,126522,39,2917,13801,17,8
1784445776036360063,1,122911,38,2865,13801,18,9
1784445776086360906,0,126522,39,2917,13801,17,8
1784445776086360906,1,123068,38,2865,13801,18,8
1784445776136359015,0,126522,39,2917,13801,17,8
1784445776136359015,1,123068,38,2865,13801,18,8
1784445776186359580,0,126621,39,2917,13801,18,8
1784445776186359580,1,123068,38,2865,13801,18,8
1784445776236360655,0,126621,39,2917,13801,18,8
1784445776236360655,1,123068,38,2865,13801,18,8
1784445776286361178,0,126621,39,2917,13801,18,8
1784445776286361178,1,123068,38,2865,13801,18,8
1784445776336359146,0,126621,39,2917,13801,18,8
1784445776336359146,1,123068,38,2865,13801,18,8
1784445776386359325,0,126621,39,2917,13801,18,8
1784445776386359325,1,123068,38,2865,13801,18,8
1784445776436360394,0,126621,39,2917,13801,18,8
1784445776436360394,1,123068,38,2865,13801,18,8
1784445776486360520,0,126621,39,2917,13801,18,8
1784445776486360520,1,123068,38,2865,13801,18,8
1784445776536359013,0,126621,39,2917,13801,18,8
1784445776536359013,1,123068,38,2865,13801,18,8
1784445776586358925,0,126621,39,2917,13801,18,8
1784445776586358925,1,123187,38,2865,13801,18,9
1784445776636359932,0,126621,39,2917,13801,18,8
1784445776636359932,1,123187,38,2865,13801,18,9
1784445776686360420,0,126786,40,2917,13801,17,8
1784445776686360420,1,123187,38,2865,13801,18,9
1784445776736360706,0,126786,40,2917,13801,17,8
1784445776736360706,1,123187,38,2865,13801,18,9
1784445776786358709,0,126786,40,2917,13801,17,8
1784445776786358709,1,123187,38,2865,13801,18,9
1784445776836360122,0,126786,40,2917,13801,17,8
1784445776836360122,1,123187,38,2865,13801,18,9
1784445776886360807,0,126786,40,2917,13801,17,8
1784445776886360807,1,123187,38,2865,13801,18,9
1784445776936360997,0,126786,40,2917,13801,17,8
1784445776936360997,1,123187,38,2865,13801,18,9
1784445776986360207,0,126786,40,2917,13801,17,8
1784445776986360207,1,123187,38,2865,13801,18,9
1784445777036360945,0,126786,40,2917,13801,17,8
1784445777036360945,1,123187,38,2865,13801,18,9
1784445777086359649,0,126786,40,2917,13801,17,8
1784445777086359649,1,123232,38,2865,13801,17,8
1784445777136359443,0,126786,40,2917,13801,17,8
1784445777136359443,1,123232,38,2865,13801,17,8
1784445777186351753,0,126969,39,2917,13801,17,8
1784445777186351753,1,123232,38,2865,13801,17,8
1784445777236361562,0,126969,39,2917,13801,17,8
1784445777236361562,1,123232,38,2865,13801,17,8
1784445777286359834,0,126969,39,2917,13801,17,8
1784445777286359834,1,123232,38,2865,13801,17,8
1784445777336360404,0,126969,39,2917,13801,17,8
1784445777336360404,1,123232,38,2865,13801,17,8
1784445777386358495,0,126969,39,2917,13801,17,8
1784445777386358495,1,123232,38,2865,13801,17,8
1784445777436362658,0,126969,39,2917,13801,17,8
1784445777436362658,1,123232,38,2865,13801,17,8
1784445777486361426,0,126969,39,2917,13801,17,8
1784445777486361426,1,123232,38,2865,13801,17,8
1784445777536359901,0,126969,39,2917,13801,17,8
1784445777536359901,1,123232,38,2865,13801,17,8
1784445777586361164,0,126969,39,2917,13801,17,8
1784445777586361164,1,123116,38,2865,13801,18,9
1784445777636360791,0,126969,39,2917,13801,17,8
1784445777636360791,1,123116,38,2865,13801,18,9
1784445777686368413,0,126577,40,2917,13801,17,8
1784445777686368413,1,123116,38,2865,13801,18,9
1784445777736361547,0,126577,40,2917,13801,17,8
1784445777736361547,1,123116,38,2865,13801,18,9
1784445777786359809,0,126577,40,2917,13801,17,8
1784445777786359809,1,123116,38,2865,13801,18,9
1784445777836360188,0,126577,40,2917,13801,17,8
1784445777836360188,1,123116,38,2865,13801,18,9
1784445777886360840,0,126577,40,2917,13801,17,8
1784445777886360840,1,123116,38,2865,13801,18,9
1784445777936362479,0,126577,40,2917,13801,17,8
1784445777936362479,1,123116,38,2865,13801,18,9
1784445777986363159,0,126577,40,2917,13801,17,8
1784445777986363159,1,123116,38,2865,13801,18,9
1784445778036362378,0,126577,40,2917,13801,17,8
1784445778036362378,1,123116,38,2865,13801,18,9
1784445778086363150,0,126577,40,2917,13801,17,8
1784445778086363150,1,122822,38,2865,13801,17,9
1784445778136358377,0,126577,40,2917,13801,17,8
1784445778136358377,1,122822,38,2865,13801,17,9
1784445778186354298,0,125966,39,2917,13801,17,8
1784445778186354298,1,122822,38,2865,13801,17,9
1784445778236362478,0,125966,39,2917,13801,17,8
1784445778236362478,1,122822,38,2865,13801,17,9
1784445778286361034,0,125966,39,2917,13801,17,8
1784445778286361034,1,122822,38,2865,13801,17,9
1784445778336369127,0,125966,39,2917,13801,17,8
1784445778336369127,1,122822,38,2865,13801,17,9
1784445778386356454,0,125966,39,2917,13801,17,8
1784445778386356454,1,122822,38,2865,13801,17,9
1784445778436361372,0,125966,39,2917,13801,17,8
1784445778436361372,1,122822,38,2865,13801,17,9
1784445778486354374,0,125966,39,2917,13801,17,8
1784445778486354374,1,122822,38,2865,13801,17,9
1784445778536368870,0,125966,39,2917,13801,17,8
1784445778536368870,1,122822,38,2865,13801,17,9
1784445778586351257,0,125966,39,2917,13801,17,8
1784445778586351257,1,122380,38,2865,13801,17,8
1784445778636361892,0,125966,39,2917,13801,17,8
1784445778636361892,1,122380,38,2865,13801,17,8
1784445778686351883,0,126214,39,2917,13801,17,8
1784445778686351883,1,122380,38,2865,13801,17,8
1784445778736364566,0,126214,39,2917,13801,17,8
1784445778736364566,1,122380,38,2865,13801,17,8
1784445778786361771,0,126214,39,2917,13801,17,8
1784445778786361771,1,122380,38,2865,13801,17,8
1784445778836360548,0,126214,39,2917,13801,17,8
1784445778836360548,1,122380,38,2865,13801,17,8
1784445778886353095,0,126214,39,2917,13801,17,8
1784445778886353095,1,122380,38,2865,13801,17,8
1784445778936362187,0,126214,39,2917,13801,17,8
1784445778936362187,1,122380,38,2865,13801,17,8
1784445778986361144,0,126214,39,2917,13801,17,8
1784445778986361144,1,122380,38,2865,13801,17,8
1784445779036360966,0,126214,39,2917,13801,17,8
1784445779036360966,1,122380,38,2865,13801,17,8
1784445779086354699,0,126214,39,2917,13801,17,8
1784445779086354699,1,122412,38,2865,13801,18,9
1784445779136361157,0,126214,39,2917,13801,17,8
1784445779136361157,1,122412,38,2865,13801,18,9
1784445779186360732,0,126346,39,2917,13801,17,8
1784445779186360732,1,122412,38,2865,13801,18,9
1784445779236361494,0,126346,39,2917,13801,17,8
1784445779236361494,1,122412,38,2865,13801,18,9
1784445779286349611,0,126346,39,2917,13801,17,8
1784445779286349611,1,122412,38,2865,13801,18,9
1784445779336360968,0,126346,39,2917,13801,17,8
1784445779336360968,1,122412,38,2865,13801,18,9
1784445779386359745,0,126346,39,2917,13801,17,8
1784445779386359745,1,122412,38,2865,13801,18,9
1784445779436361394,0,126346,39,2917,13801,17,8
1784445779436361394,1,122412,38,2865,13801,18,9
1784445779486359238,0,126346,39,2917,13801,17,8
1784445779486359238,1,122412,38,2865,13801,18,9
1784445779536361131,0,126346,39,2917,13801,17,8
1784445779536361131,1,122412,38,2865,13801,18,9
1784445779586363277,0,126346,39,2917,13801,17,8
1784445779586363277,1,122596,38,2865,13801,17,8
1784445779636362285,0,126346,39,2917,13801,17,8
1784445779636362285,1,122596,38,2865,13801,17,8
1784445779686360652,0,126109,40,2917,13801,18,8
1784445779686360652,1,122596,38,2865,13801,17,8
1784445779736394007,0,126109,40,2917,13801,18,8
1784445779736394007,1,122596,38,2865,13801,17,8
1784445779786366337,0,126109,40,2917,13801,18,8
1784445779786366337,1,122596,38,2865,13801,17,8
1784445779836358462,0,126109,40,2917,13801,18,8
1784445779836358462,1,122596,38,2865,13801,17,8
1784445779886360665,0,126109,40,2917,13801,18,8
1784445779886360665,1,122596,38,2865,13801,17,8
1784445779936361137,0,126109,40,2917,13801,18,8
1784445779936361137,1,122596,38,2865,13801,17,8
1784445779986360069,0,126109,40,2917,13801,18,8
1784445779986360069,1,122596,38,2865,13801,17,8
1784445780036358432,0,126109,40,2917,13801,18,8
1784445780036358432,1,122596,38,2865,13801,17,8
1784445780086354935,0,126109,40,2917,13801,18,8
1784445780086354935,1,122855,38,2865,13801,18,9
1784445780136359997,0,126109,40,2917,13801,18,8
1784445780136359997,1,122855,38,2865,13801,18,9
1784445780186358946,0,126420,40,2917,13801,17,8
1784445780186358946,1,122855,38,2865,13801,18,9
1784445780236360368,0,126420,40,2917,13801,17,8
1784445780236360368,1,122855,38,2865,13801,18,9
1784445780286363030,0,126420,40,2917,13801,17,8
1784445780286363030,1,122855,38,2865,13801,18,9
1784445780336358537,0,126420,40,2917,13801,17,8
1784445780336358537,1,122855,38,2865,13801,18,9
1784445780386359804,0,126420,40,2917,13801,17,8
1784445780386359804,1,122855,38,2865,13801,18,9
1784445780436361471,0,126420,40,2917,13801,17,8
1784445780436361471,1,122855,38,2865,13801,18,9
1784445780486359909,0,126420,40,2917,13801,17,8
1784445780486359909,1,122855,38,2865,13801,18,9
1784445780536357885,0,126420,40,2917,13801,17,8
1784445780536357885,1,122855,38,2865,13801,18,9
1784445780586359060,0,126420,40,2917,13801,17,8
1784445780586359060,1,122643,38,2865,13801,18,9
1784445780636360490,0,126420,40,2917,13801,17,8
1784445780636360490,1,122643,38,2865,13801,18,9
1784445780686354912,0,126618,40,2917,13801,17,8
1784445780686354912,1,122643,38,2865,13801,18,9
1784445780736360930,0,126618,40,2917,13801,17,8
1784445780736360930,1,122643,38,2865,13801,18,9
1784445780786362456,0,126618,40,2917,13801,17,8
1784445780786362456,1,122643,38,2865,13801,18,9
1784445780836357895,0,126618,40,2917,13801,17,8
1784445780836357895,1,122643,38,2865,13801,18,9
1784445780886361661,0,126618,40,2917,13801,17,8
1784445780886361661,1,122643,38,2865,13801,18,9
1784445780936358601,0,126618,40,2917,13801,17,8
1784445780936358601,1,122643,38,2865,13801,18,9
1784445780986360588,0,126618,40,2917,13801,17,8
1784445780986360588,1,122643,38,2865,13801,18,9
1784445781036360324,0,126618,40,2917,13801,17,8
1784445781036360324,1,122643,38,2865,13801,18,9
1784445781086360599,0,126618,40,2917,13801,17,8
1784445781086360599,1,123003,38,2865,13801,17,8
1784445781136359013,0,126618,40,2917,13801,17,8
1784445781136359013,1,123003,38,2865,13801,17,8
1784445781186359525,0,125889,40,2917,13801,17,8
1784445781186359525,1,123003,38,2865,13801,17,8
1784445781236359796,0,125889,40,2917,13801,17,8
1784445781236359796,1,123003,38,2865,13801,17,8
1784445781286359770,0,125889,40,2917,13801,17,8
1784445781286359770,1,123003,38,2865,13801,17,8
1784445781336357525,0,125889,40,2917,13801,17,8
1784445781336357525,1,123003,38,2865,13801,17,8
1784445781386359060,0,125889,40,2917,13801,17,8
1784445781386359060,1,123003,38,2865,13801,17,8
1784445781436358352,0,125889,40,2917,13801,17,8
1784445781436358352,1,123003,38,2865,13801,17,8
1784445781486358588,0,125889,40,2917,13801,17,8
1784445781486358588,1,123003,38,2865,13801,17,8
1784445781536358434,0,125889,40,2917,13801,17,8
1784445781536358434,1,123003,38,2865,13801,17,8
1784445781586359637,0,125889,40,2917,13801,17,8
1784445781586359637,1,123367,38,2865,13801,18,9
1784445781636358177,0,125889,40,2917,13801,17,8
1784445781636358177,1,123367,38,2865,13801,18,9
1784445781686361937,0,126010,40,2917,13801,17,8
1784445781686361937,1,123367,38,2865,13801,18,9
1784445781736360390,0,126010,40,2917,13801,17,8
1784445781736360390,1,123367,38,2865,13801,18,9
1784445781786359343,0,126010,40,2917,13801,17,8
1784445781786359343,1,123367,38,2865,13801,18,9
1784445781836358997,0,126010,40,2917,13801,17,8
1784445781836358997,1,123367,38,2865,13801,18,9
1784445781886359903,0,126010,40,2917,13801,17,8
1784445781886359903,1,123367,38,2865,13801,18,9
1784445781936358312,0,126010,40,2917,13801,17,8
1784445781936358312,1,123367,38,2865,13801,18,9
1784445781986359638,0,126010,40,2917,13801,17,8
1784445781986359638,1,123367,38,2865,13801,18,9
1784445782036358578,0,126010,40,2917,13801,17,8
1784445782036358578,1,123367,38,2865,13801,18,9
1784445782086359301,0,126010,40,2917,13801,17,8
1784445782086359301,1,123753,38,2865,13801,18,9
1784445782136358669,0,126010,40,2917,13801,17,8
1784445782136358669,1,123753,38,2865,13801,18,9
1784445782186359464,0,126692,40,2917,13801,17,8
1784445782186359464,1,123753,38,2865,13801,18,9
1784445782236359588,0,126692,40,2917,13801,17,8
1784445782236359588,1,123753,38,2865,13801,18,9
1784445782286359439,0,126692,40,2917,13801,17,8
1784445782286359439,1,123753,38,2865,13801,18,9
1784445782336358471,0,126692,40,2917,13801,17,8
1784445782336358471,1,123753,38,2865,13801,18,9
1784445782386360434,0,126692,40,2917,13801,17,8
1784445782386360434,1,123753,38,2865,13801,18,9
1784445782436358520,0,126692,40,2917,13801,17,8
1784445782436358520,1,123753,38,2865,13801,18,9
1784445782486360281,0,126692,40,2917,13801,17,8
1784445782486360281,1,123753,38,2865,13801,18,9
1784445782536357771,0,126692,40,2917,13801,17,8
1784445782536357771,1,123753,38,2865,13801,18,9
1784445782586359780,0,126692,40,2917,13801,17,8
1784445782586359780,1,124073,38,2865,13801,18,9
1784445782636358675,0,126692,40,2917,13801,17,8
1784445782636358675,1,124073,38,2865,13801,18,9
1784445782686359426,0,126658,40,2917,13801,17,8
1784445782686359426,1,124073,38,2865,13801,18,9
1784445782736357818,0,126658,40,2917,13801,17,8
1784445782736357818,1,124073,38,2865,13801,18,9
1784445782786359658,0,126658,40,2917,13801,17,8
1784445782786359658,1,124073,38,2865,13801,18,9
1784445782836356920,0,126658,40,2917,13801,17,8
1784445782836356920,1,124073,38,2865,13801,18,9
1784445782886359226,0,126658,40,2917,13801,17,8
1784445782886359226,1,124073,38,2865,13801,18,9
1784445782936358166,0,126658,40,2917,13801,17,8
1784445782936358166,1,124073,38,2865,13801,18,9
1784445782986359283,0,126658,40,2917,13801,17,8
1784445782986359283,1,124073,38,2865,13801,18,9
1784445783036357736,0,126658,40,2917,13801,17,8
1784445783036357736,1,124073,38,2865,13801,18,9
1784445783086359758,0,126658,40,2917,13801,17,8
1784445783086359758,1,123721,38,2865,13801,18,9
1784445783136358246,0,126658,40,2917,13801,17,8
1784445783136358246,1,123721,38,2865,13801,18,9
1784445783186359199,0,126873,40,2917,13801,17,8
1784445783186359199,1,123721,38,2865,13801,18,9
1784445783236359350,0,126873,40,2917,13801,17,8
1784445783236359350,1,123721,38,2865,13801,18,9
1784445783286360071,0,126873,40,2917,13801,17,8
1784445783286360071,1,123721,38,2865,13801,18,9
1784445783336359223,0,126873,40,2917,13801,17,8
1784445783336359223,1,123721,38,2865,13801,18,9
1784445783386359256,0,126873,40,2917,13801,17,8
1784445783386359256,1,123721,38,2865,13801,18,9
1784445783436357904,0,126873,40,2917,13801,17,8
1784445783436357904,1,123721,38,2865,13801,18,9
1784445783486359423,0,126873,40,2917,13801,17,8
1784445783486359423,1,123721,38,2865,13801,18,9
1784445783536358187,0,126873,40,2917,13801,17,8
1784445783536358187,1,123721,38,2865,13801,18,9
1784445783586359400,0,126873,40,2917,13801,17,8
1784445783586359400,1,123337,38,2865,13801,18,9
1784445783636358443,0,126873,40,2917,13801,17,8
1784445783636358443,1,123337,38,2865,13801,18,9
1784445783686359413,0,126833,40,2917,13801,18,9
1784445783686359413,1,123337,38,2865,13801,18,9
1784445783736358800,0,126833,40,2917,13801,18,9
1784445783736358800,1,123337,38,2865,13801,18,9
1784445783786358728,0,126833,40,2917,13801,18,9
1784445783786358728,1,123337,38,2865,13801,18,9
1784445783836359708,0,126833,40,2917,13801,18,9
1784445783836359708,1,123337,38,2865,13801,18,9
1784445783886359936,0,126833,40,2917,13801,18,9
1784445783886359936,1,123337,38,2865,13801,18,9
1784445783936358786,0,126833,40,2917,13801,18,9
1784445783936358786,1,123337,38,2865,13801,18,9
1784445783986359012,0,126833,40,2917,13801,18,9
1784445783986359012,1,123337,38,2865,13801,18,9
1784445784036357940,0,126833,40,2917,13801,18,9
1784445784036357940,1,123337,38,2865,13801,18,9
1784445784086360029,0,126833,40,2917,13801,18,9
1784445784086360029,1,122976,38,2865,13801,18,9
1784445784136358631,0,126833,40,2917,13801,18,9
1784445784136358631,1,122976,38,2865,13801,18,9
1784445784186359333,0,127176,40,2917,13801,17,8
1784445784186359333,1,122976,38,2865,13801,18,9
1784445784236360950,0,127176,40,2917,13801,17,8
1784445784236360950,1,122976,38,2865,13801,18,9
1784445784286359935,0,127176,40,2917,13801,17,8
1784445784286359935,1,122976,38,2865,13801,18,9
1784445784336358539,0,127176,40,2917,13801,17,8
1784445784336358539,1,122976,38,2865,13801,18,9
1784445784386359414,0,127176,40,2917,13801,17,8
1784445784386359414,1,122976,38,2865,13801,18,9
1784445784436358401,0,127176,40,2917,13801,17,8
1784445784436358401,1,122976,38,2865,13801,18,9
1784445784486359932,0,127176,40,2917,13801,17,8
1784445784486359932,1,122976,38,2865,13801,18,9
1784445784536358261,0,127176,40,2917,13801,17,8
1784445784536358261,1,122976,38,2865,13801,18,9
1784445784586359004,0,127176,40,2917,13801,17,8
1784445784586359004,1,122726,38,2865,13801,17,8
1784445784636358696,0,127176,40,2917,13801,17,8
1784445784636358696,1,122726,38,2865,13801,17,8
1784445784686360319,0,126971,40,2917,13801,16,8
1784445784686360319,1,122726,38,2865,13801,17,8
1784445784736358627,0,126971,40,2917,13801,16,8
1784445784736358627,1,122726,38,2865,13801,17,8
1784445784786358951,0,126971,40,2917,13801,16,8
1784445784786358951,1,122726,38,2865,13801,17,8
1784445784836359895,0,126971,40,2917,13801,16,8
1784445784836359895,1,122726,38,2865,13801,17,8
1784445784886359832,0,126971,40,2917,13801,16,8
1784445784886359832,1,122726,38,2865,13801,17,8
1784445784936358577,0,126971,40,2917,13801,16,8
1784445784936358577,1,122726,38,2865,13801,17,8
1784445784986359572,0,126971,40,2917,13801,16,8
1784445784986359572,1,122726,38,2865,13801,17,8
1784445785036357683,0,126971,40,2917,13801,16,8
1784445785036357683,1,122726,38,2865,13801,17,8
1784445785086359648,0,126971,40,2917,13801,16,8
1784445785086359648,1,122897,38,2865,13801,18,9
1784445785136358126,0,126971,40,2917,13801,16,8
1784445785136358126,1,122897,38,2865,13801,18,9
1784445785186359587,0,126885,40,2917,13801,17,8
1784445785186359587,1,122897,38,2865,13801,18,9
1784445785236358877,0,126885,40,2917,13801,17,8
1784445785236358877,1,122897,38,2865,13801,18,9
1784445785286359925,0,126885,40,2917,13801,17,8
1784445785286359925,1,122897,38,2865,13801,18,9
1784445785336358039,0,126885,40,2917,13801,17,8
1784445785336358039,1,122897,38,2865,13801,18,9
1784445785386359568,0,126885,40,2917,13801,17,8
1784445785386359568,1,122897,38,2865,13801,18,9
1784445785436358820,0,126885,40,2917,13801,17,8
1784445785436358820,1,122897,38,2865,13801,18,9
1784445785486358785,0,126885,40,2917,13801,17,8
1784445785486358785,1,122897,38,2865,13801,18,9
1784445785536357383,0,126885,40,2917,13801,17,8
1784445785536357383,1,122897,38,2865,13801,18,9
1784445785586360317,0,126885,40,2917,13801,17,8
1784445785586360317,1,122990,38,2865,13801,18,9
1784445785636357532,0,126885,40,2917,13801,17,8
1784445785636357532,1,122990,38,2865,13801,18,9
1784445785686358946,0,126772,40,2917,13801,18,9
1784445785686358946,1,122990,38,2865,13801,18,9
1784445785736359349,0,126772,40,2917,13801,18,9
1784445785736359349,1,122990,38,2865,13801,18,9
1784445785786359146,0,126772,40,2917,13801,18,9
1784445785786359146,1,122990,38,2865,13801,18,9
1784445785836359236,0,126772,40,2917,13801,18,9
1784445785836359236,1,122990,38,2865,13801,18,9
1784445785886359679,0,126772,40,2917,13801,18,9
1784445785886359679,1,122990,38,2865,13801,18,9
1784445785936358580,0,126772,40,2917,13801,18,9
1784445785936358580,1,122990,38,2865,13801,18,9
1784445785986359551,0,126772,40,2917,13801,18,9
1784445785986359551,1,122990,38,2865,13801,18,9
1784445786036357766,0,126772,40,2917,13801,18,9
1784445786036357766,1,122990,38,2865,13801,18,9
1784445786086359447,0,126772,40,2917,13801,18,9
1784445786086359447,1,123415,38,2865,13801,18,9
1784445786136359058,0,126772,40,2917,13801,18,9
1784445786136359058,1,123415,38,2865,13801,18,9
1784445786186358868,0,127133,40,2917,13801,17,8
1784445786186358868,1,123415,38,2865,13801,18,9
1784445786236360125,0,127133,40,2917,13801,17,8
1784445786236360125,1,123415,38,2865,13801,18,9
1784445786286359058,0,127133,40,2917,13801,17,8
1784445786286359058,1,123415,38,2865,13801,18,9
1784445786336360708,0,127133,40,2917,13801,17,8
1784445786336360708,1,123415,38,2865,13801,18,9
1784445786386360752,0,127133,40,2917,13801,17,8
1784445786386360752,1,123415,38,2865,13801,18,9
1784445786436357891,0,127133,40,2917,13801,17,8
1784445786436357891,1,123415,38,2865,13801,18,9
1784445786486358413,0,127133,40,2917,13801,17,8
1784445786486358413,1,123415,38,2865,13801,18,9
1784445786536358533,0,127133,40,2917,13801,17,8
1784445786536358533,1,123415,38,2865,13801,18,9
1784445786586360091,0,127133,40,2917,13801,17,8
1784445786586360091,1,113969,37,2730,13801,0,0
1784445786636360229,0,127133,40,2917,13801,17,8
1784445786636360229,1,113969,37,2730,13801,0,0
1784445786686359763,0,108824,38,2707,13801,0,0
1784445786686359763,1,113969,37,2730,13801,0,0
1784445786736357362,0,108824,38,2707,13801,0,0
1784445786736357362,1,113969,37,2730,13801,0,0
1784445786786358020,0,108824,38,2707,13801,0,0
1784445786786358020,1,113969,37,2730,13801,0,0
1784445786836360027,0,108824,38,2707,13801,0,0
1784445786836360027,1,113969,37,2730,13801,0,0
1784445786886358832,0,108824,38,2707,13801,0,0
1784445786886358832,1,113969,37,2730,13801,0,0
1784445786936365366,0,108824,38,2707,13801,0,0
1784445786936365366,1,113969,37,2730,13801,0,0
1784445786986360835,0,108824,38,2707,13801,0,0
1784445786986360835,1,113969,37,2730,13801,0,0
1784445787036359729,0,108824,38,2707,13801,0,0
1784445787036359729,1,113969,37,2730,13801,0,0
1784445787086361957,0,108824,38,2707,13801,0,0
1784445787086361957,1,83231,36,2400,13801,0,0
1784445787136359561,0,108824,38,2707,13801,0,0
1784445787136359561,1,83231,36,2400,13801,0,0
1784445787186358223,0,73567,37,2400,13801,0,0
1784445787186358223,1,83231,36,2400,13801,0,0
1784445787236359371,0,73567,37,2400,13801,0,0
1784445787236359371,1,83231,36,2400,13801,0,0
1784445787286360656,0,73567,37,2400,13801,0,0
1784445787286360656,1,83231,36,2400,13801,0,0
1784445787336360406,0,73567,37,2400,13801,0,0
1784445787336360406,1,83231,36,2400,13801,0,0
1784445787386356168,0,73567,37,2400,13801,0,0
1784445787386356168,1,83231,36,2400,13801,0,0
1784445787436358923,0,73567,37,2400,13801,0,0
1784445787436358923,1,83231,36,2400,13801,0,0
1784445787486362546,0,73567,37,2400,13801,0,0
1784445787486362546,1,83231,36,2400,13801,0,0
1784445787536359984,0,73567,37,2400,13801,0,0
1784445787536359984,1,83231,36,2400,13801,0,0
1784445787586360730,0,73567,37,2400,13801,0,0
1784445787586360730,1,64390,36,2400,13801,1,0
1784445787636360999,0,73567,37,2400,13801,0,0
1784445787636360999,1,64390,36,2400,13801,1,0
1784445787686359665,0,56915,36,2400,13801,0,0
1784445787686359665,1,64390,36,2400,13801,1,0
1784445787736361380,0,56915,36,2400,13801,0,0
1784445787736361380,1,64390,36,2400,13801,1,0
1784445787786360290,0,56915,36,2400,13801,0,0
1784445787786360290,1,64390,36,2400,13801,1,0
1784445787836359334,0,56915,36,2400,13801,0,0
1784445787836359334,1,64390,36,2400,13801,1,0
1784445787886355849,0,56915,36,2400,13801,0,0
1784445787886355849,1,64390,36,2400,13801,1,0
1784445787936359365,0,56915,36,2400,13801,0,0
1784445787936359365,1,64390,36,2400,13801,1,0
1784445787986361156,0,56915,36,2400,13801,0,0
1784445787986361156,1,64390,36,2400,13801,1,0
1784445788036493973,0,56915,36,2400,13801,0,0
1784445788036493973,1,64390,36,2400,13801,1,0
1784445788086358079,0,56915,36,2400,13801,0,0
1784445788086358079,1,67677,36,2400,14001,0,0
1784445788136359636,0,56915,36,2400,13801,0,0
1784445788136359636,1,67677,36,2400,14001,0,0
1784445788186354723,0,56658,36,2400,13801,0,0
1784445788186354723,1,67677,36,2400,14001,0,0
1784445788236365647,0,56658,36,2400,13801,0,0
1784445788236365647,1,67677,36,2400,14001,0,0
1784445788286355775,0,56658,36,2400,13801,0,0
1784445788286355775,1,67677,36,2400,14001,0,0
1784445788336360104,0,56658,36,2400,13801,0,0
1784445788336360104,1,67677,36,2400,14001,0,0
1784445788386361333,0,56658,36,2400,13801,0,0
1784445788386361333,1,67677,36,2400,14001,0,0
1784445788436361189,0,56658,36,2400,13801,0,0
1784445788436361189,1,67677,36,2400,14001,0,0
1784445788486360711,0,56658,36,2400,13801,0,0
1784445788486360711,1,67677,36,2400,14001,0,0
1784445788536359286,0,56658,36,2400,13801,0,0
1784445788536359286,1,67677,36,2400,14001,0,0
1784445788586352692,0,56658,36,2400,13801,0,0
1784445788586352692,1,67810,36,2400,14001,0,0
1784445788636376576,0,56658,36,2400,13801,0,0
1784445788636376576,1,67810,36,2400,14001,0,0
1784445788686373106,0,60145,36,2407,14001,0,0
1784445788686373106,1,67810,36,2400,14001,0,0
1784445788736370330,0,60145,36,2407,14001,0,0
1784445788736370330,1,67810,36,2400,14001,0,0
1784445788786363952,0,60145,36,2407,14001,0,0
1784445788786363952,1,67810,36,2400,14001,0,0
1784445788836368192,0,60145,36,2407,14001,0,0
1784445788836368192,1,67810,36,2400,14001,0,0
1784445788886360093,0,60145,36,2407,14001,0,0
1784445788886360093,1,67810,36,2400,14001,0,0
1784445788936758144,0,60145,36,2407,14001,0,0
1784445788936758144,1,67810,36,2400,14001,0,0
